[
  {
    "applicationId": "9e101e2c-ca71-5789-bd34-60cde6d59540",
    "proposalId": "0de826ed-9900-2fb6-4c31-70260b7aade5",
    "customerId": "d3162f16-66bc-1b8c-0cc6-3c0cb54cdeab",
    "lastModifiedDate": "2019-06-05T11:55:59.186Z",
    "proposalLastModifiedDate": "2019-06-05T11:55:51.171Z",
    "applicationData": "{\"_guid\":\"831b90bc-80bf-4f36-bf31-8aa07007a83d\",\"submissionResult\":null,\"error\":null,\"agent\":{\"agentId\":\"1\",\"title\":\"Mr.\",\"lastName\":\"Nguyen\",\"middleName\":\"Van\",\"firstName\":\"Lam\",\"agentImage\":\"assets/images/common/icon-people.svg\",\"gender\":\"Male\",\"description\":\"Lorem ipsum dolor sit amet, consectetur adipiscing elit, sed do eiusmod tempor incididunt ut labore et dolore magna aliqua. Ut enim ad minim veniam, quis nostrud exercitation ullamco laboris nis\",\"licenseNumber\":\"123456789\",\"businessTitle\":\"FA\",\"awards\":[{\"name\":\"MDRT\",\"grade\":\"Y\"},{\"name\":\"FC\",\"grade\":\"G\"},{\"name\":\"MBA\",\"grade\":\"S\"},{\"name\":\"IQA\",\"grade\":null}],\"planCodes\":[\"UL007\",\"RUV02\",\"RUV03\",\"ENC12\",\"ENC15\",\"ENC20\",\"ENM12\",\"ENM15\",\"ENM20\",\"ENF12\",\"ENF15\",\"ENF20\",\"EIM12\",\"EIM15\",\"EIM20\",\"EIF12\",\"EIF15\",\"EIF20\",\"EIC12\",\"EIC15\",\"EIC20\",\"ENC99\",\"END99\",\"ENA99\",\"ENB99\",\"ENM85\",\"ENF85\",\"NPE01\",\"NPE02\",\"NPE11\",\"NPE12\",\"NPE07\",\"NPE08\",\"NPE17\",\"NPE18\",\"NPE03\",\"NPE04\",\"NPE05\",\"NPE06\",\"NPE13\",\"NPE14\",\"NPE15\",\"NPE16\",\"NPE09\",\"NPE10\",\"NPE19\",\"NPE20\",\"UL007\",\"RUV03\",\"RUV02\",\"ENM12\",\"ENM15\",\"ENM20\",\"ENF12\",\"ENF15\",\"ENF20\",\"ENC12\",\"ENC15\",\"ENC20\",\"EDB10\",\"EDB11\",\"EDB12\",\"EDB13\",\"EDB14\",\"EDB15\",\"EDB16\",\"EDB17\",\"EDB18\",\"EDB19\",\"EDB20\",\"EDB21\",\"EDB22\",\"EDB23\",\"EDB24\",\"EDB25\",\"EDB26\",\"EDB27\",\"EDF23\",\"EDF24\",\"EDF25\",\"EDF26\",\"EDF27\",\"UH105\",\"UI299\"],\"hobbies\":\"Reading, listening to music,    playing football, Play\",\"location\":\"HN03\",\"isDisclaimer\":true},\"insured\":{\"_guid\":\"2efccadb-451c-4e57-b6c8-abf7dd864e0b\",\"person\":{\"_guid\":\"34aa2fd5-afe8-4c3b-81c0-4e353c246661\",\"incomeSource\":{\"monthlyIncome\":0,\"occupation\":\"OCC0007\",\"occupationId\":\"7\",\"description\":\"\",\"nature\":\"\",\"sourceOfFunds\":[],\"annualIncome\":0,\"employer\":\"\",\"tenureMonths\":0,\"tenureYears\":0},\"basicInfo\":{\"_guid\":\"49176a35-45e1-4c56-85d0-da24977209c6\",\"birthPlace\":{\"country\":\"VN\"},\"height\":{\"unit\":\"cm\"},\"weight\":{\"unit\":\"kg\"},\"weightAtBirth\":{\"unit\":\"kg\"},\"firstName\":\"Test\",\"middleName\":\"\",\"lastName\":\"Huynh\",\"fullName\":\"Test Huynh\",\"age\":29,\"gender\":\"Male\",\"dateOfBirth\":\"1990-11-10T17:00:00.000Z\",\"nationality\":[\"VN\"],\"smokingStatus\":\"SMOKE_UP_TO_30_CPD\",\"drinkStatus\":\"\"},\"contactInfo\":{\"phone\":[{\"phoneType\":\"mobile\",\"areaCode\":\"\",\"countryCode\":\"+84\",\"phoneNumber\":\"0987654321\"}],\"address\":[{\"_guid\":\"2fa050fb-cc8b-41ac-9a1e-2f079fd37f6a\",\"companyName\":\"\",\"country\":\"Vietnam\",\"province\":\"\",\"district\":\"\",\"ward\":\"\",\"zipcode\":\"\",\"addressType\":\"P\",\"sameAsAddressType\":\"\",\"sameAsResidential\":true},{\"_guid\":\"ee5da761-3ad7-48a8-81e9-c9f8a2ec06f7\",\"companyName\":\"\",\"country\":\"Vietnam\",\"province\":\"\",\"district\":\"\",\"ward\":\"\",\"zipcode\":\"\",\"addressType\":\"W\",\"sameAsAddressType\":\"\",\"sameAsResidential\":true}],\"email\":[{\"emailAddress\":\"\",\"emailType\":\"primary\"}]},\"registrations\":[],\"bankInfo\":{},\"hasEdited\":false},\"uwDetails\":{\"_guid\":\"2982c186-da05-4b47-a16c-8750de4c4d04\"},\"agreement\":{\"_guid\":\"841d2e3c-12ba-4ec0-9c80-cfd6df2d2ce1\",\"anwserFatca\":\"\",\"anwserFatca2\":\"\",\"answerEIC\":\"\",\"insurance\":[],\"answerBO\":\"\",\"beneficialOwners\":[]},\"id\":\"d3162f16-66bc-1b8c-0cc6-3c0cb54cdeab\",\"relationToInsured\":\"\"},\"owner\":{\"_guid\":\"260d8a53-7f08-46aa-adf6-ee2c8f7af32c\",\"person\":{\"_guid\":\"5ddd73e6-c592-4841-857d-c09822e27ab9\",\"incomeSource\":{\"monthlyIncome\":0,\"occupation\":\"OCC0007\",\"occupationId\":\"7\",\"nature\":\"\",\"sourceOfFunds\":[],\"annualIncome\":0,\"employer\":\"\",\"tenureMonths\":0,\"tenureYears\":0},\"basicInfo\":{\"_guid\":\"97b2442b-c9e0-49fe-ae58-1e28fbcff953\",\"birthPlace\":{\"country\":\"VN\"},\"height\":{\"unit\":\"cm\"},\"weight\":{\"unit\":\"kg\"},\"weightAtBirth\":{\"unit\":\"kg\"},\"firstName\":\"Test\",\"middleName\":\"\",\"lastName\":\"Huynh\",\"fullName\":\"Test Huynh\",\"age\":29,\"gender\":\"Male\",\"dateOfBirth\":\"1990-11-10T17:00:00.000Z\",\"nationality\":[\"VN\"],\"smokingStatus\":\"SMOKE_UP_TO_30_CPD\",\"drinkStatus\":\"\"},\"contactInfo\":{\"phone\":[{\"phoneType\":\"mobile\",\"areaCode\":\"\",\"countryCode\":\"+84\",\"phoneNumber\":\"0987654321\"}],\"address\":[{\"_guid\":\"2fa050fb-cc8b-41ac-9a1e-2f079fd37f6a\",\"companyName\":\"\",\"country\":\"Vietnam\",\"province\":\"\",\"district\":\"\",\"ward\":\"\",\"zipcode\":\"\",\"addressType\":\"P\",\"sameAsAddressType\":\"\",\"sameAsResidential\":true},{\"_guid\":\"ee5da761-3ad7-48a8-81e9-c9f8a2ec06f7\",\"companyName\":\"\",\"country\":\"Vietnam\",\"province\":\"\",\"district\":\"\",\"ward\":\"\",\"zipcode\":\"\",\"addressType\":\"W\",\"sameAsAddressType\":\"\",\"sameAsResidential\":true}],\"email\":[{\"emailAddress\":\"\",\"emailType\":\"primary\"}]},\"registrations\":[],\"bankInfo\":{},\"hasEdited\":false},\"uwDetails\":{\"_guid\":\"dc929fe0-d8fa-41f2-b40d-8b2e6930b000\"},\"agreement\":{\"_guid\":\"7ea7a0b2-c9eb-44c1-84bb-498c6c160ff9\",\"anwserFatca\":\"\",\"anwserFatca2\":\"\",\"answerEIC\":\"\",\"insurance\":[],\"answerBO\":\"\",\"beneficialOwners\":[]},\"id\":\"d3162f16-66bc-1b8c-0cc6-3c0cb54cdeab\",\"relationToInsured\":\"Self\",\"maritalStatus\":null},\"basicPlan\":{\"premium\":{\"annual\":57670,\"semi\":28835,\"quarterly\":14417.5,\"monthly\":4805.8333333333},\"code\":\"UH105\",\"name\":\"Horizons_UH105\",\"baseProtection\":1000000,\"termProtection\":0,\"deathBenefitOption\":\"Increase\",\"yearsToPay\":5},\"totalPayment\":{\"annual\":57670,\"semi\":28835,\"quarterly\":14418,\"monthly\":4806},\"funds\":[{\"code\":\"SECURE\",\"version\":\"000001\",\"depositAmount\":100}],\"createDate\":\"2019-06-05T11:55:54.697Z\",\"applicationId\":\"9e101e2c-ca71-5789-bd34-60cde6d59540\",\"proposalNumber\":\"12CX669480\",\"agentCode\":\"1\",\"proposalId\":\"0de826ed-9900-2fb6-4c31-70260b7aade5\",\"proposalLastModifiedDate\":\"2019-06-05T11:55:51.171Z\",\"expiryDate\":\"2019-07-04T11:55:51.171Z\",\"type\":\"FULL_APP\",\"paymentStatus\":\"NONE\",\"fnaReportGeneratedDate\":\"2019-06-05T11:55:09.327Z\",\"effectiveDate\":\"2019-06-05T11:49:54.460Z\",\"currency\":\"PHP\",\"riders\":[],\"dependents\":[],\"beneficiaries\":[],\"payment\":{\"mode\":\"annual\"},\"product\":{\"source\":\"SFDC\",\"category\":[\"Life\",\"Health\",\"Save\",\"Educate\"],\"expiryDate\":\"20991231\",\"resources\":{\"vn\":{\"indicator\":\"UpToDate\",\"marketingName\":\"Horizon\",\"title\":\"Horizons\",\"thumbnailLocalUri\":\"/var/mobile/Containers/Data/Application/3A14088D-3A1C-4097-9FE2-E10C7737A185/Documents/cache/contentCatalog/vn/universal_life_thumbnail.png\",\"isExistsInBundle\":true,\"size\":816308,\"description\":\"Xây nền tài chính, vững bền tương lai\",\"fileSize\":679342,\"features\":[\"Bảo vệ toàn diện\",\"Linh hoạt đóng phí với mức phí thấp\",\"Chủ động gia tăng Số tiền bảo hiểm\",\"Lãi suất đầu tư hấp dẫn\"],\"localUri\":\"/var/mobile/Containers/Data/Application/3A14088D-3A1C-4097-9FE2-E10C7737A185/Documents/cache/contentCatalog/vn/universal_life.pdf\"},\"en\":{\"indicator\":\"UpToDate\",\"marketingName\":\"Horizon\",\"title\":\"Horizons\",\"thumbnailLocalUri\":\"/var/mobile/Containers/Data/Application/3A14088D-3A1C-4097-9FE2-E10C7737A185/Documents/cache/contentCatalog/en/universal_life_thumbnail.png\",\"isExistsInBundle\":true,\"size\":816308,\"description\":\"Build a financial, sustainable future\",\"fileSize\":679342,\"features\":[\"Comprehensive protection\",\"Flexible toll charges at a low cost\",\"Actively increase the Sum Insured\",\"Attractive interest rates\"],\"localUri\":\"src/assets/pdfs/BrochureQuaTangConYeu20170914.pdf\"}},\"contentType\":\"application/pdf\",\"goals\":[\"icon-life-protection\",\"icon-health-protection\",\"icon-savings\",\"icon-save-for-children-education\"],\"documentId\":\"horizon\",\"effectiveDate\":\"20170901\",\"contentGroup\":\"product\"},\"planName\":\"UH105\",\"proposalName\":\"Horizons_UH105\",\"progress\":{\"sections\":[{\"name\":\"basic-info\",\"progress\":0,\"subProgress\":[{\"name\":\"d3162f16-66bc-1b8c-0cc6-3c0cb54cdeab\",\"progress\":20}]},{\"name\":\"agreements\",\"progress\":0,\"subProgress\":[{\"name\":\"d3162f16-66bc-1b8c-0cc6-3c0cb54cdeab\",\"progress\":0}]},{\"name\":\"disclosure\",\"progress\":0,\"subProgress\":[{\"name\":\"d3162f16-66bc-1b8c-0cc6-3c0cb54cdeab\",\"progress\":0}]},{\"name\":\"payment\",\"progress\":0,\"subProgress\":[]},{\"name\":\"supporting-docs\",\"progress\":0,\"subProgress\":[{\"name\":\"d3162f16-66bc-1b8c-0cc6-3c0cb54cdeab\",\"progress\":0}]},{\"name\":\"signature\",\"progress\":0,\"subProgress\":[]},{\"name\":\"submission\",\"progress\":0,\"subProgress\":[]}]},\"customerId\":\"d3162f16-66bc-1b8c-0cc6-3c0cb54cdeab\",\"original_report_forms\":[{\"_guid\":\"2cfae23a-3190-4178-9c7f-fee1247d4df5\",\"id\":\"0de826ed-9900-2fb6-4c31-70260b7aade5\",\"name\":\"Proposal Form\",\"header\":\"Full Proposal\",\"type\":\"proposal\",\"uri\":\"\",\"serverId\":1792124}],\"status\":\"APPLICATION_INPROGRESS\",\"lastModifiedDate\":\"2019-06-05T11:55:59.186Z\",\"version\":2}",
    "status": "APPLICATION_INPROGRESS",
    "SoupEntryId": 33323528
  }
]
