[
  {
    "source": "SFDC",
    "category": [
      "Life",
      "Health",
      "Save",
      "Educate"
    ],
    "expiryDate": "20991231",
    "resources": {
      "vn": {
        "indicator": "UpToDate",
        "title": "Manulife - Gia đình tôi yêu",
        "thumbnailLocalUri": "/var/mobile/Containers/Data/Application/9A37012E-FB2D-48BC-BAD7-36C69C824B9B/Documents/cache/contentCatalog/vn/universal_life_thumbnail.png",
        "isExistsInBundle": true,
        "size": 816308,
        "description": "Xây nền tài chính, vững bền tương lai",
        "fileSize": 679342,
        "features": [
          "Bảo vệ toàn diện",
          "Linh hoạt đóng phí với mức phí thấp",
          "Chủ động gia tăng Số tiền bảo hiểm",
          "Lãi suất đầu tư hấp dẫn"
        ],
        "localUri": "/var/mobile/Containers/Data/Application/9A37012E-FB2D-48BC-BAD7-36C69C824B9B/Documents/cache/contentCatalog/vn/universal_life.pdf"
      },
      "en": {
        "indicator": "UpToDate",
        "title": "Universal Life",
        "thumbnailLocalUri": "/var/mobile/Containers/Data/Application/9A37012E-FB2D-48BC-BAD7-36C69C824B9B/Documents/cache/contentCatalog/en/universal_life_thumbnail.png",
        "isExistsInBundle": true,
        "size": 816308,
        "description": "Build a financial, sustainable future",
        "fileSize": 679342,
        "features": [
          "Comprehensive protection",
          "Flexible toll charges at a low cost",
          "Actively increase the Sum Insured",
          "Attractive interest rates"
        ],
        "localUri": "/var/mobile/Containers/Data/Application/9A37012E-FB2D-48BC-BAD7-36C69C824B9B/Documents/cache/contentCatalog/en/universal_life.pdf"
      }
    },
    "contentType": "application/pdf",
    "goals": [
      "icon-life-protection",
      "icon-health-protection",
      "icon-savings",
      "icon-save-for-children-education"
    ],
    "documentId": "universal_life",
    "effectiveDate": "20170901",
    "contentGroup": "product"
  },
  {
    "source": "SFDC",
    "category": [
      "Life",
      "Health",
      "Save",
      "Retire"
    ],
    "expiryDate": "20991231",
    "resources": {
      "vn": {
        "indicator": "UpToDate",
        "title": "Manulife - Điểm tựa đầu tư",
        "thumbnailLocalUri": "/var/mobile/Containers/Data/Application/9A37012E-FB2D-48BC-BAD7-36C69C824B9B/Documents/cache/contentCatalog/vn/unit_linked_thumbnail.png",
        "isExistsInBundle": true,
        "size": 231856,
        "description": "Chủ động đầu tư, tương lai thịnh vượng",
        "fileSize": 231856,
        "features": [
          "Quyền lợi bảo vệ đa dạng và toàn diện",
          "Gia tăng cơ hội đầu tư với 6 quỹ đầu tư",
          "Chủ động và linh hoạt quản lý dòng tiền",
          "Phí bảo hiểm, chi phí đầu tư hấp dẫn"
        ],
        "localUri": ""
      },
      "en": {
        "indicator": "UpToDate",
        "title": "Unit Linked",
        "thumbnailLocalUri": "/var/mobile/Containers/Data/Application/9A37012E-FB2D-48BC-BAD7-36C69C824B9B/Documents/cache/contentCatalog/en/unit_linked_thumbnail.png",
        "isExistsInBundle": true,
        "size": 231856,
        "description": "Active investment, prosperous future",
        "fileSize": 231856,
        "features": [
          "The protection of diversity and comprehensive",
          "Increased investment opportunities with six investment funds",
          "Active and flexible cash flow management",
          "Premium, attractive investment"
        ],
        "localUri": ""
      }
    },
    "contentType": "application/pdf",
    "goals": [
      "icon-life-protection",
      "icon-health-protection",
      "icon-savings",
      "icon-prepare-for-retirement"
    ],
    "documentId": "unit_linked",
    "effectiveDate": "20170901",
    "contentGroup": "product"
  },
  {
    "source": "SFDC",
    "category": [
      "Health"
    ],
    "expiryDate": "20991231",
    "resources": {
      "vn": {
        "indicator": "UpToDate",
        "title": "Món Quà Sức Khỏe",
        "thumbnailLocalUri": "/var/mobile/Containers/Data/Application/9A37012E-FB2D-48BC-BAD7-36C69C824B9B/Documents/cache/contentCatalog/vn/healthcare_rider_thumbnail.png",
        "isExistsInBundle": true,
        "size": 752120,
        "description": "Vì sức khỏe vàng, vì người thân yêu",
        "fileSize": 583640,
        "features": [
          "Hệ thống bão lãnh viện phí rộng khắp VN và nước ngoài",
          "An tâm khi điều trị ngoại trú, nội trú và nha khoa",
          "Hỗ trợ chi trả chi phí lớn để điều trị ung thư hay cấy ghép nội tạng",
          "Chăm sóc chu đáo và toàn diện với dịch vụ khách hàng 24/7"
        ],
        "localUri": "/var/mobile/Containers/Data/Application/9A37012E-FB2D-48BC-BAD7-36C69C824B9B/Documents/cache/contentCatalog/vn/healthcare_rider.pdf"
      },
      "en": {
        "indicator": "UpToDate",
        "title": "Healthcare",
        "thumbnailLocalUri": "/var/mobile/Containers/Data/Application/9A37012E-FB2D-48BC-BAD7-36C69C824B9B/Documents/cache/contentCatalog/en/healthcare_rider_thumbnail.png",
        "isExistsInBundle": true,
        "size": 752120,
        "description": "For the health of gold, for the beloved",
        "fileSize": 583640,
        "features": [
          "The system of hospital and hospital fees is widespread across Vietnam and abroad",
          "Peace of mind in outpatient, residential and dental treatment",
          "Large cost support for cancer treatment or organ transplants",
          "Careful and comprehensive service with 24/7 customer service"
        ],
        "localUri": "/var/mobile/Containers/Data/Application/9A37012E-FB2D-48BC-BAD7-36C69C824B9B/Documents/cache/contentCatalog/en/healthcare_rider.pdf"
      }
    },
    "contentType": "application/pdf",
    "goals": [
      "icon-health-protection"
    ],
    "documentId": "healthcare_rider",
    "effectiveDate": "20170901",
    "contentGroup": "product"
  },
  {
    "source": "SFDC",
    "category": [
      "company"
    ],
    "expiryDate": "",
    "resources": {
      "vn": {
        "indicator": "UpToDate",
        "title": "Giới thiệu Manulife Việt Nam",
        "thumbnailLocalUri": "/var/mobile/Containers/Data/Application/9A37012E-FB2D-48BC-BAD7-36C69C824B9B/Documents/cache/contentCatalog/vn/company_introduction_thumbnail.png",
        "isExistsInBundle": true,
        "size": 2116479,
        "description": "Vivamus pellentesque risus tincidunt malesuada luctus. Nulla eget massa dui.",
        "fileSize": 2150552,
        "features": [],
        "localUri": "/var/mobile/Containers/Data/Application/9A37012E-FB2D-48BC-BAD7-36C69C824B9B/Documents/cache/contentCatalog/vn/company_introduction.pdf"
      },
      "en": {
        "indicator": "UpToDate",
        "title": "About Manulife Vietnam",
        "thumbnailLocalUri": "/var/mobile/Containers/Data/Application/9A37012E-FB2D-48BC-BAD7-36C69C824B9B/Documents/cache/contentCatalog/en/company_introduction_thumbnail.png",
        "isExistsInBundle": true,
        "size": 2116479,
        "description": "Vivamus pellentesque risus tincidunt malesuada luctus. Nulla eget massa dui.",
        "fileSize": 2150552,
        "features": [],
        "localUri": "/var/mobile/Containers/Data/Application/9A37012E-FB2D-48BC-BAD7-36C69C824B9B/Documents/cache/contentCatalog/en/company_introduction.pdf"
      }
    },
    "contentType": "application/pdf",
    "goals": [],
    "documentId": "company_introduction",
    "effectiveDate": "",
    "contentGroup": "about-company"
  },
  {
    "source": "VIYARD",
    "category": [
      "company"
    ],
    "expiryDate": "",
    "resources": {
      "vn": {
        "indicator": "NeedToUpdate",
        "title": "Video công ty Manulife Viet Nam",
        "thumbnailLocalUri": "/var/mobile/Containers/Data/Application/9A37012E-FB2D-48BC-BAD7-36C69C824B9B/Documents/cache/contentCatalog/vn/corporate_profile_thumbnail.png",
        "isExistsInBundle": true,
        "size": "",
        "description": "Video công ty Manulife Viet Nam",
        "fileSize": 17484991,
        "features": [],
        "localUri": "/var/mobile/Containers/Data/Application/9A37012E-FB2D-48BC-BAD7-36C69C824B9B/Documents/cache/contentCatalog/vn/corporate_profile.mp4"
      },
      "en": {
        "indicator": "NeedToUpdate",
        "title": "Manulife Vietnam company video",
        "thumbnailLocalUri": "/var/mobile/Containers/Data/Application/9A37012E-FB2D-48BC-BAD7-36C69C824B9B/Documents/cache/contentCatalog/en/corporate_profile_thumbnail.png",
        "isExistsInBundle": true,
        "size": "",
        "description": "Manulife Vietnam company video",
        "fileSize": 17484991,
        "features": [],
        "localUri": "/var/mobile/Containers/Data/Application/9A37012E-FB2D-48BC-BAD7-36C69C824B9B/Documents/cache/contentCatalog/en/corporate_profile.mp4"
      }
    },
    "contentType": "application/mp4",
    "goals": [],
    "documentId": "corporate_profile",
    "effectiveDate": "",
    "contentGroup": "about-company"
  },
  {
    "source": "SFDC",
    "category": [
      "persona"
    ],
    "expiryDate": "",
    "resources": {
      "vn": {
        "indicator": "UpToDate",
        "title": "Binh - Mature and relaxed",
        "thumbnailLocalUri": "/var/mobile/Containers/Data/Application/9A37012E-FB2D-48BC-BAD7-36C69C824B9B/Documents/cache/contentCatalog/vn/binh_mature_and_relaxed_thumbnail.png",
        "isExistsInBundle": true,
        "size": 789030,
        "description": "Cuộc sống có thăng trầm nhưng nó vẫn diễn ra và thật thoải mái.",
        "fileSize": 789030,
        "features": [],
        "localUri": "/var/mobile/Containers/Data/Application/9A37012E-FB2D-48BC-BAD7-36C69C824B9B/Documents/cache/contentCatalog/vn/binh_mature_and_relaxed.pdf"
      },
      "en": {
        "indicator": "UpToDate",
        "title": "Binh - Mature and relaxed",
        "thumbnailLocalUri": "/var/mobile/Containers/Data/Application/9A37012E-FB2D-48BC-BAD7-36C69C824B9B/Documents/cache/contentCatalog/en/binh_mature_and_relaxed_thumbnail.png",
        "isExistsInBundle": true,
        "size": 789030,
        "description": "Life has ups & downs but it goes on and is comfortable.",
        "fileSize": 789030,
        "features": [],
        "localUri": "/var/mobile/Containers/Data/Application/9A37012E-FB2D-48BC-BAD7-36C69C824B9B/Documents/cache/contentCatalog/en/binh_mature_and_relaxed.pdf"
      }
    },
    "contentType": "application/pdf",
    "goals": [],
    "documentId": "binh_mature_and_relaxed",
    "effectiveDate": "",
    "contentGroup": "persona"
  },
  {
    "source": "SFDC",
    "category": [
      "persona"
    ],
    "expiryDate": "",
    "resources": {
      "vn": {
        "indicator": "UpToDate",
        "title": "Dinh - The Responsible Hedonist",
        "thumbnailLocalUri": "/var/mobile/Containers/Data/Application/9A37012E-FB2D-48BC-BAD7-36C69C824B9B/Documents/cache/contentCatalog/vn/dinh_young_parents_thumbnail.png",
        "isExistsInBundle": true,
        "size": 865265,
        "description": "Carpe diem – seize the day",
        "fileSize": 865265,
        "features": [],
        "localUri": "/var/mobile/Containers/Data/Application/9A37012E-FB2D-48BC-BAD7-36C69C824B9B/Documents/cache/contentCatalog/vn/dinh_young_parents.pdf"
      },
      "en": {
        "indicator": "UpToDate",
        "title": "Dinh - The Responsible Hedonist",
        "thumbnailLocalUri": "/var/mobile/Containers/Data/Application/9A37012E-FB2D-48BC-BAD7-36C69C824B9B/Documents/cache/contentCatalog/en/dinh_young_parents_thumbnail.png",
        "isExistsInBundle": true,
        "size": 865265,
        "description": "Carpe diem – seize the day",
        "fileSize": 865265,
        "features": [],
        "localUri": "/var/mobile/Containers/Data/Application/9A37012E-FB2D-48BC-BAD7-36C69C824B9B/Documents/cache/contentCatalog/en/dinh_young_parents.pdf"
      }
    },
    "contentType": "application/pdf",
    "goals": [],
    "documentId": "dinh_young_parents",
    "effectiveDate": "",
    "contentGroup": "persona"
  },
  {
    "source": "SFDC",
    "category": [
      "persona"
    ],
    "expiryDate": "",
    "resources": {
      "vn": {
        "indicator": "UpToDate",
        "title": "Hoa - Cha mẹ trẻ",
        "thumbnailLocalUri": "/var/mobile/Containers/Data/Application/9A37012E-FB2D-48BC-BAD7-36C69C824B9B/Documents/cache/contentCatalog/vn/hoa_family_with_young_kids_thumbnail.png",
        "isExistsInBundle": true,
        "size": 677911,
        "description": "Nhiệm vụ phát triển đòi hỏi phải lập kế hoạch",
        "fileSize": 677911,
        "features": [],
        "localUri": "/var/mobile/Containers/Data/Application/9A37012E-FB2D-48BC-BAD7-36C69C824B9B/Documents/cache/contentCatalog/vn/hoa_family_with_young_kids.pdf"
      },
      "en": {
        "indicator": "UpToDate",
        "title": "Hoa - Young Parents",
        "thumbnailLocalUri": "/var/mobile/Containers/Data/Application/9A37012E-FB2D-48BC-BAD7-36C69C824B9B/Documents/cache/contentCatalog/en/hoa_family_with_young_kids_thumbnail.png",
        "isExistsInBundle": true,
        "size": 677911,
        "description": "Growing responsibilities necessitate planning",
        "fileSize": 677911,
        "features": [],
        "localUri": "/var/mobile/Containers/Data/Application/9A37012E-FB2D-48BC-BAD7-36C69C824B9B/Documents/cache/contentCatalog/en/hoa_family_with_young_kids.pdf"
      }
    },
    "contentType": "application/pdf",
    "goals": [],
    "documentId": "hoa_family_with_young_kids",
    "effectiveDate": "",
    "contentGroup": "persona"
  },
  {
    "source": "SFDC",
    "category": [
      "persona"
    ],
    "expiryDate": "",
    "resources": {
      "vn": {
        "indicator": "NeedToUpdate",
        "title": "Gia đình của Phương",
        "thumbnailLocalUri": "/var/mobile/Containers/Data/Application/9A37012E-FB2D-48BC-BAD7-36C69C824B9B/Documents/cache/contentCatalog/vn/phuong_family_with_older_kids_thumbnail.png",
        "isExistsInBundle": true,
        "size": 890728,
        "description": "Settled and Contented",
        "fileSize": 890728,
        "features": [],
        "localUri": "/var/mobile/Containers/Data/Application/9A37012E-FB2D-48BC-BAD7-36C69C824B9B/Documents/cache/contentCatalog/vn/phuong_family_with_older_kids.pdf"
      },
      "en": {
        "indicator": "NeedToUpdate",
        "title": "Phuong family with older kids",
        "thumbnailLocalUri": "/var/mobile/Containers/Data/Application/9A37012E-FB2D-48BC-BAD7-36C69C824B9B/Documents/cache/contentCatalog/en/phuong_family_with_older_kids_thumbnail.png",
        "isExistsInBundle": true,
        "size": 890728,
        "description": "Settled and Contented",
        "fileSize": 890728,
        "features": [],
        "localUri": "/var/mobile/Containers/Data/Application/9A37012E-FB2D-48BC-BAD7-36C69C824B9B/Documents/cache/contentCatalog/en/phuong_family_with_older_kids.pdf"
      }
    },
    "contentType": "application/pdf",
    "goals": [],
    "documentId": "phuong_family_with_older_kids",
    "effectiveDate": "",
    "contentGroup": "persona"
  },
  {
    "source": "SFDC",
    "category": [
      "categorySalesAids"
    ],
    "expiryDate": "",
    "resources": {
      "vn": {
        "indicator": "New",
        "title": "Tự do mơ ước",
        "thumbnailLocalUri": "/var/mobile/Containers/Data/Application/9A37012E-FB2D-48BC-BAD7-36C69C824B9B/Documents/cache/contentCatalog/vn/tu_do_mo_uoc_sep2016_thumbnail.png",
        "isExistsInBundle": false,
        "size": 614615,
        "description": "Sẽ không bao giờ là quá sớm để bắt đầu lập kế hoạch tiết kiệm cho mình. Những khoản tiền tích lũy nhỏ đều đặn có kỷ luật sẽ giúp bạn có được một khoản tiền lớn khi bạn cần đến nó.",
        "fileSize": 614615,
        "features": [],
        "localUri": "/var/mobile/Containers/Data/Application/9A37012E-FB2D-48BC-BAD7-36C69C824B9B/Documents/cache/contentCatalog/vn/tu_do_mo_uoc_sep2016.pdf"
      },
      "en": {
        "indicator": "New",
        "title": "Freedom to dream",
        "thumbnailLocalUri": "/var/mobile/Containers/Data/Application/9A37012E-FB2D-48BC-BAD7-36C69C824B9B/Documents/cache/contentCatalog/en/tu_do_mo_uoc_sep2016_thumbnail.png",
        "isExistsInBundle": false,
        "size": 614615,
        "description": "It will never be too early to start planning your savings. Small, disciplined, small cumulative funds will help you get a large sum of money when you need it.",
        "fileSize": 614615,
        "features": [],
        "localUri": "/var/mobile/Containers/Data/Application/9A37012E-FB2D-48BC-BAD7-36C69C824B9B/Documents/cache/contentCatalog/en/tu_do_mo_uoc_sep2016.pdf"
      }
    },
    "contentType": "application/pdf",
    "goals": [],
    "documentId": "tu_do_mo_uoc_sep2016",
    "effectiveDate": "",
    "contentGroup": "resource-library"
  },
  {
    "source": "SFDC",
    "category": [
      "categorySalesAids"
    ],
    "expiryDate": "",
    "resources": {
      "vn": {
        "indicator": "New",
        "title": "Điểm tựa tài năng",
        "thumbnailLocalUri": "/var/mobile/Containers/Data/Application/9A37012E-FB2D-48BC-BAD7-36C69C824B9B/Documents/cache/contentCatalog/vn/diem_tua_tai_nang2016_thumbnail.png",
        "isExistsInBundle": false,
        "size": 1403076,
        "description": "Vivamus pellentesque risus tincidunt malesuada luctus. Nulla eget massa dui.",
        "fileSize": 1403076,
        "features": [],
        "localUri": "/var/mobile/Containers/Data/Application/9A37012E-FB2D-48BC-BAD7-36C69C824B9B/Documents/cache/contentCatalog/vn/diem_tua_tai_nang2016.pdf"
      },
      "en": {
        "indicator": "New",
        "title": "The fulcrum of talent",
        "thumbnailLocalUri": "/var/mobile/Containers/Data/Application/9A37012E-FB2D-48BC-BAD7-36C69C824B9B/Documents/cache/contentCatalog/en/diem_tua_tai_nang2016_thumbnail.png",
        "isExistsInBundle": false,
        "size": 1403076,
        "description": "Lorem ipsum dolor sit amet, consectetuer adipiscing elit. Aenean commodo ligula eget dolor. Aenean massa.",
        "fileSize": 1403076,
        "features": [],
        "localUri": "/var/mobile/Containers/Data/Application/9A37012E-FB2D-48BC-BAD7-36C69C824B9B/Documents/cache/contentCatalog/en/diem_tua_tai_nang2016.pdf"
      }
    },
    "contentType": "application/pdf",
    "goals": [],
    "documentId": "diem_tua_tai_nang2016",
    "effectiveDate": "",
    "contentGroup": "resource-library"
  },
  {
    "source": "SFDC",
    "category": [
      "categorySalesAids"
    ],
    "expiryDate": "",
    "resources": {
      "vn": {
        "indicator": "New",
        "title": "Điểm tựa Ước mơ",
        "thumbnailLocalUri": "/var/mobile/Containers/Data/Application/9A37012E-FB2D-48BC-BAD7-36C69C824B9B/Documents/cache/contentCatalog/vn/diem_tua_uoc_mo2016_thumbnail.png",
        "isExistsInBundle": false,
        "size": 2382843,
        "description": "Đầu tư thông minh, tự do tận hưởng. Hãy theo đuổi ước mơ của bạn, và để tài chính chúng tôi lo.",
        "fileSize": 2382843,
        "features": [],
        "localUri": "/var/mobile/Containers/Data/Application/9A37012E-FB2D-48BC-BAD7-36C69C824B9B/Documents/cache/contentCatalog/vn/diem_tua_uoc_mo2016.pdf"
      },
      "en": {
        "indicator": "New",
        "title": "The fulcrum of Dream",
        "thumbnailLocalUri": "/var/mobile/Containers/Data/Application/9A37012E-FB2D-48BC-BAD7-36C69C824B9B/Documents/cache/contentCatalog/en/diem_tua_uoc_mo2016_thumbnail.png",
        "isExistsInBundle": false,
        "size": 2382843,
        "description": "Smart investment, free to enjoy. Let's pursue your dreams, and let our finances take care of.",
        "fileSize": 2382843,
        "features": [],
        "localUri": "/var/mobile/Containers/Data/Application/9A37012E-FB2D-48BC-BAD7-36C69C824B9B/Documents/cache/contentCatalog/en/diem_tua_uoc_mo2016.pdf"
      }
    },
    "contentType": "application/pdf",
    "goals": [],
    "documentId": "diem_tua_uoc_mo2016",
    "effectiveDate": "",
    "contentGroup": "resource-library"
  },
  {
    "source": "SFDC",
    "category": [
      "categorySalesAids"
    ],
    "expiryDate": "",
    "resources": {
      "vn": {
        "indicator": "New",
        "title": "Điểm tựa Yêu thương",
        "thumbnailLocalUri": "/var/mobile/Containers/Data/Application/9A37012E-FB2D-48BC-BAD7-36C69C824B9B/Documents/cache/contentCatalog/vn/diem_tua_yeu_thuong2016_thumbnail.png",
        "isExistsInBundle": false,
        "size": 1581064,
        "description": "Đầu tư thông minh, tự do tận hưởng. Hãy theo đuổi ước mơ của bạn, và để tài chính chúng tôi lo.",
        "fileSize": 1581064,
        "features": [],
        "localUri": "/var/mobile/Containers/Data/Application/9A37012E-FB2D-48BC-BAD7-36C69C824B9B/Documents/cache/contentCatalog/vn/diem_tua_yeu_thuong2016.pdf"
      },
      "en": {
        "indicator": "New",
        "title": "The fulcrum of Love",
        "thumbnailLocalUri": "/var/mobile/Containers/Data/Application/9A37012E-FB2D-48BC-BAD7-36C69C824B9B/Documents/cache/contentCatalog/en/diem_tua_yeu_thuong2016_thumbnail.png",
        "isExistsInBundle": false,
        "size": 1581064,
        "description": "Smart investment, free to enjoy. Let's pursue your dreams, and let our finances take care of.",
        "fileSize": 1581064,
        "features": [],
        "localUri": "/var/mobile/Containers/Data/Application/9A37012E-FB2D-48BC-BAD7-36C69C824B9B/Documents/cache/contentCatalog/en/diem_tua_yeu_thuong2016.pdf"
      }
    },
    "contentType": "application/pdf",
    "goals": [],
    "documentId": "diem_tua_yeu_thuong2016",
    "effectiveDate": "",
    "contentGroup": "resource-library"
  },
  {
    "source": "SFDC",
    "category": [
      "categorySalesAids"
    ],
    "expiryDate": "",
    "resources": {
      "vn": {
        "indicator": "New",
        "title": "Quà tặng con yêu",
        "thumbnailLocalUri": "/var/mobile/Containers/Data/Application/9A37012E-FB2D-48BC-BAD7-36C69C824B9B/Documents/cache/contentCatalog/vn/qua_tang_con_yeu_sep2016_thumbnail.png",
        "isExistsInBundle": false,
        "size": 575119,
        "description": "Có con là một sự kiện lớn & tuyệt vời, tuy nhiên cũng mang đến nhiều trách nhiệm cho bậc làm cha mẹ chúng ta. Sẽ không bao giờ là quá sớm để bắt đầu lập kế hoạch tiết kiệm cho tương lai của con, càng chuẩn bị sớm, bạn càng tích lũy được nhiều cho con.",
        "fileSize": 575119,
        "features": [],
        "localUri": "/var/mobile/Containers/Data/Application/9A37012E-FB2D-48BC-BAD7-36C69C824B9B/Documents/cache/contentCatalog/vn/qua_tang_con_yeu_sep2016.pdf"
      },
      "en": {
        "indicator": "New",
        "title": "Gifts for children love",
        "thumbnailLocalUri": "/var/mobile/Containers/Data/Application/9A37012E-FB2D-48BC-BAD7-36C69C824B9B/Documents/cache/contentCatalog/en/qua_tang_con_yeu_sep2016_thumbnail.png",
        "isExistsInBundle": false,
        "size": 575119,
        "description": "Having a baby is a great and wonderful event, but it also carries a lot of responsibility for our parents. It's never too early to start planning for your child's future, the sooner you prepare, the more you can accumulate.",
        "fileSize": 575119,
        "features": [],
        "localUri": "/var/mobile/Containers/Data/Application/9A37012E-FB2D-48BC-BAD7-36C69C824B9B/Documents/cache/contentCatalog/en/qua_tang_con_yeu_sep2016.pdf"
      }
    },
    "contentType": "application/pdf",
    "goals": [],
    "documentId": "qua_tang_con_yeu_sep2016",
    "effectiveDate": "",
    "contentGroup": "resource-library"
  },
  {
    "source": "SFDC",
    "category": [
      "categoryTrainingMaterial"
    ],
    "expiryDate": "",
    "resources": {
      "vn": {
        "indicator": "New",
        "title": "Hiến chương khách hàng",
        "thumbnailLocalUri": "/var/mobile/Containers/Data/Application/9A37012E-FB2D-48BC-BAD7-36C69C824B9B/Documents/cache/contentCatalog/vn/hienchuongkhachhang_03mar2012_thumbnail.png",
        "isExistsInBundle": false,
        "size": 946769,
        "description": "Hiến chương khách hàng khái quát những quyền lợi và nghĩa vụ của Khách hàng khi quyết định mua Hợp đồng bảo hiểm của Manulife Việt Nam, đồng thời giúp Khách hàng nhận biết và hiểu rõ về các dịch vụ cơ bản mà Công ty cung cấp cho Khách hàng.",
        "fileSize": 946769,
        "features": [],
        "localUri": "/var/mobile/Containers/Data/Application/9A37012E-FB2D-48BC-BAD7-36C69C824B9B/Documents/cache/contentCatalog/vn/hienchuongkhachhang_03mar2012.pdf"
      },
      "en": {
        "indicator": "New",
        "title": "Client Charter",
        "thumbnailLocalUri": "/var/mobile/Containers/Data/Application/9A37012E-FB2D-48BC-BAD7-36C69C824B9B/Documents/cache/contentCatalog/en/hienchuongkhachhang_03mar2012_thumbnail.png",
        "isExistsInBundle": false,
        "size": 946769,
        "description": "Customer Charter generates the rights and obligations of the customer when deciding to purchase the policy of Manulife Vietnam and at the same time, helps the customer to recognize and understand the basic services provided by the Company. Customer.",
        "fileSize": 946769,
        "features": [],
        "localUri": "/var/mobile/Containers/Data/Application/9A37012E-FB2D-48BC-BAD7-36C69C824B9B/Documents/cache/contentCatalog/en/hienchuongkhachhang_03mar2012.pdf"
      }
    },
    "contentType": "application/pdf",
    "goals": [],
    "documentId": "hienchuongkhachhang_03mar2012",
    "effectiveDate": "",
    "contentGroup": "resource-library"
  },
  {
    "source": "SFDC",
    "category": [
      "categoryOthers"
    ],
    "expiryDate": "",
    "resources": {
      "vn": {
        "indicator": "New",
        "title": "Báo cáo thường niên sản phẩm bảo hiểm liên kết chung 2016",
        "thumbnailLocalUri": "/var/mobile/Containers/Data/Application/9A37012E-FB2D-48BC-BAD7-36C69C824B9B/Documents/cache/contentCatalog/vn/bao_cao_thuong_nien_sp_bao_hiem_lien_ket_chung2016_thumbnail.png",
        "isExistsInBundle": false,
        "size": 2875178,
        "description": "Tiếp nối thành công của những năm trước, Công ty TNHH Manulife (Việt Nam) (“Manulife Việt Nam”) tiếp tục đạt được những kết quả vô cùng ấn tượượng trong năm nay.",
        "fileSize": 2875178,
        "features": [],
        "localUri": "/var/mobile/Containers/Data/Application/9A37012E-FB2D-48BC-BAD7-36C69C824B9B/Documents/cache/contentCatalog/vn/bao_cao_thuong_nien_sp_bao_hiem_lien_ket_chung2016.pdf"
      },
      "en": {
        "indicator": "New",
        "title": "Annual General All-Purpose Insurance 2016",
        "thumbnailLocalUri": "/var/mobile/Containers/Data/Application/9A37012E-FB2D-48BC-BAD7-36C69C824B9B/Documents/cache/contentCatalog/en/bao_cao_thuong_nien_sp_bao_hiem_lien_ket_chung2016_thumbnail.png",
        "isExistsInBundle": false,
        "size": 2875178,
        "description": "Following successes in previous years, Manulife Vietnam (Manulife Vietnam) Ltd. has continued to receive the most prestigious awards this year.",
        "fileSize": 2875178,
        "features": [],
        "localUri": "/var/mobile/Containers/Data/Application/9A37012E-FB2D-48BC-BAD7-36C69C824B9B/Documents/cache/contentCatalog/en/bao_cao_thuong_nien_sp_bao_hiem_lien_ket_chung2016.pdf"
      }
    },
    "contentType": "application/pdf",
    "goals": [],
    "documentId": "bao_cao_thuong_nien_sp_bao_hiem_lien_ket_chung2016",
    "effectiveDate": "",
    "contentGroup": "resource-library"
  },
  {
    "source": "SFDC",
    "category": [
      "Life",
      "Health",
      "Retire"
    ],
    "expiryDate": "20991212",
    "resources": {
      "vn": {
        "indicator": "UpToDate",
        "title": "Manulife - Cuộc Sống Tươi Đẹp",
        "thumbnailLocalUri": "/var/mobile/Containers/Data/Application/9A37012E-FB2D-48BC-BAD7-36C69C824B9B/Documents/cache/contentCatalog/vn/2017_ci_endowment_thumbnail.png",
        "isExistsInBundle": true,
        "size": 0,
        "description": "Bình An Vui Sống",
        "fileSize": 891752,
        "features": [
          "Phí ngắn hạn, bảo vệ trọn đời",
          "Đồng hành qua 3 giai đoạn bệnh",
          "Quyền lợi tiền mặt đặc biệt",
          "Quyền lợi đáo hạn hấp dẫn"
        ],
        "localUri": "/var/mobile/Containers/Data/Application/9A37012E-FB2D-48BC-BAD7-36C69C824B9B/Documents/cache/contentCatalog/vn/2017_ci_endowment.pdf"
      },
      "en": {
        "indicator": "UpToDate",
        "title": "CI Endowment",
        "thumbnailLocalUri": "/var/mobile/Containers/Data/Application/9A37012E-FB2D-48BC-BAD7-36C69C824B9B/Documents/cache/contentCatalog/en/2017_ci_endowment_thumbnail.png",
        "isExistsInBundle": true,
        "size": 0,
        "description": "Peace Live Happily",
        "fileSize": 891752,
        "features": [
          "Short term, lifetime protection",
          "Companion through 3 stages of disease",
          "Special cash benefits",
          "Interest attractive maturity"
        ],
        "localUri": "/var/mobile/Containers/Data/Application/9A37012E-FB2D-48BC-BAD7-36C69C824B9B/Documents/cache/contentCatalog/en/2017_ci_endowment.pdf"
      }
    },
    "contentType": "application/pdf",
    "goals": [
      "icon-life-protection",
      "icon-health-protection",
      "icon-prepare-for-retirement"
    ],
    "documentId": "2017_ci_endowment",
    "effectiveDate": "20180101",
    "contentGroup": "product"
  },
  {
    "source": "SFDC",
    "category": [
      "Life",
      "Educate"
    ],
    "expiryDate": "20991212",
    "resources": {
      "vn": {
        "indicator": "UpToDate",
        "title": "Manulife - Chắp Cánh Tương Lai",
        "thumbnailLocalUri": "/var/mobile/Containers/Data/Application/9A37012E-FB2D-48BC-BAD7-36C69C824B9B/Documents/cache/contentCatalog/vn/2017_education_thumbnail.png",
        "isExistsInBundle": true,
        "size": 0,
        "description": "Trên từng chặng đường học vấn",
        "fileSize": 731062,
        "features": [
          "Quỹ học vấn hấp dẫn",
          "Món quà ghi dấu thành tích",
          "Hỗ trợ gia đình trước rủi ro",
          "Bảo vệ mẹ & con từ trong thai kỳ"
        ],
        "localUri": "/var/mobile/Containers/Data/Application/9A37012E-FB2D-48BC-BAD7-36C69C824B9B/Documents/cache/contentCatalog/vn/2017_education.pdf"
      },
      "en": {
        "indicator": "UpToDate",
        "title": "Education",
        "thumbnailLocalUri": "/var/mobile/Containers/Data/Application/9A37012E-FB2D-48BC-BAD7-36C69C824B9B/Documents/cache/contentCatalog/en/2017_education_thumbnail.png",
        "isExistsInBundle": true,
        "size": 0,
        "description": "On each academic path",
        "fileSize": 731062,
        "features": [
          "Educational scholarship",
          "The gift marks the achievement",
          "Assist families in risk",
          "Protect mother & baby from pregnancy"
        ],
        "localUri": "/var/mobile/Containers/Data/Application/9A37012E-FB2D-48BC-BAD7-36C69C824B9B/Documents/cache/contentCatalog/en/2017_education.pdf"
      }
    },
    "contentType": "application/pdf",
    "goals": [
      "icon-health-protection",
      "icon-save-for-children-education"
    ],
    "documentId": "2017_education",
    "effectiveDate": "20180101",
    "contentGroup": "product"
  },
  {
    "source": "SFDC",
    "category": [],
    "expiryDate": "",
    "resources": {
      "vn": {
        "indicator": "UpToDate",
        "title": "matrix",
        "thumbnailLocalUri": "",
        "isExistsInBundle": true,
        "size": 0,
        "description": "matrix json",
        "fileSize": 12825,
        "features": [],
        "localUri": "/var/mobile/Containers/Data/Application/9A37012E-FB2D-48BC-BAD7-36C69C824B9B/Documents/cache/contentCatalog/vn/matrix_product_goals.json"
      },
      "en": {
        "indicator": "UpToDate",
        "title": "matrix",
        "thumbnailLocalUri": "",
        "isExistsInBundle": true,
        "size": 0,
        "description": "matrix json",
        "fileSize": 12825,
        "features": [],
        "localUri": "/var/mobile/Containers/Data/Application/9A37012E-FB2D-48BC-BAD7-36C69C824B9B/Documents/cache/contentCatalog/en/matrix_product_goals.json"
      }
    },
    "contentType": "application/json",
    "goals": [],
    "documentId": "matrix_product_goals",
    "effectiveDate": "",
    "contentGroup": "matrix"
  },
  {
    "source": "SFDC",
    "category": [
      "Life",
      "Educate"
    ],
    "expiryDate": "20991212",
    "resources": {
      "vn": {
        "indicator": "New",
        "title": "Manulife - Chắp Cánh Tương Lai",
        "thumbnailLocalUri": "/var/mobile/Containers/Data/Application/9A37012E-FB2D-48BC-BAD7-36C69C824B9B/Documents/cache/contentCatalog/vn/2017_education1_thumbnail.png",
        "isExistsInBundle": false,
        "size": 0,
        "description": "Trên từng chặng đường học vấn",
        "fileSize": 0,
        "features": [
          "Quỹ học vấn hấp dẫn",
          "Món quà ghi dấu thành tích",
          "Hỗ trợ gia đình trước rủi ro",
          "Bảo vệ mẹ & con từ trong thai kỳ"
        ],
        "localUri": "/var/mobile/Containers/Data/Application/9A37012E-FB2D-48BC-BAD7-36C69C824B9B/Documents/cache/contentCatalog/vn/2017_education1.pdf"
      },
      "en": {
        "indicator": "New",
        "title": "Manulife - Take Wings Of The Future",
        "thumbnailLocalUri": "/var/mobile/Containers/Data/Application/9A37012E-FB2D-48BC-BAD7-36C69C824B9B/Documents/cache/contentCatalog/en/2017_education1_thumbnail.png",
        "isExistsInBundle": false,
        "size": 0,
        "description": "On each academic path",
        "fileSize": 0,
        "features": [
          "Educational scholarship",
          "The gift marks the achievement",
          "Assist families in risk",
          "Protect mother & baby from pregnancy"
        ],
        "localUri": "/var/mobile/Containers/Data/Application/9A37012E-FB2D-48BC-BAD7-36C69C824B9B/Documents/cache/contentCatalog/en/2017_education1.pdf"
      }
    },
    "contentType": "application/pdf",
    "goals": [
      "icon-health-protection",
      "icon-save-for-children-education"
    ],
    "documentId": "2017_education1",
    "effectiveDate": "20180101",
    "contentGroup": "product"
  }
]