[
  {
    "source": "SFDC",
    "category": [
      "Life",
      "Health",
      "Save",
      "Retire"
    ],
    "resources": {
      "vn": {
        "indicator": "UpToDate",
        "title": "Manulife – Tự Do Mơ Ước – An Bình",
        "thumbnailLocalUri": "/var/mobile/Containers/Data/Application/9A37012E-FB2D-48BC-BAD7-36C69C824B9B/Documents/cache/contentCatalog/vn/my_life_protection_thumbnail.png",
        "isExistsInBundle": true,
        "size": 527102,
        "description": "Hiện thực ước mơ, an nhàn cuộc sống",
        "fileSize": 527102,
        "features": [
          "Bảo vệ toàn diện",
          "Trợ cấp tiền mặt khi nằm viện",
          "Phiếu tiền mặt định kỳ",
          "Quyền lợi đáo hạn hấp dẫn"
        ],
        "localUri": "/var/mobile/Containers/Data/Application/9A37012E-FB2D-48BC-BAD7-36C69C824B9B/Documents/cache/contentCatalog/vn/my_life_protection.pdf"
      },
      "en": {
        "indicator": "UpToDate",
        "title": "My Life - Protection",
        "thumbnailLocalUri": "/var/mobile/Containers/Data/Application/9A37012E-FB2D-48BC-BAD7-36C69C824B9B/Documents/cache/contentCatalog/en/my_life_protection_thumbnail.png",
        "isExistsInBundle": true,
        "size": 527102,
        "description": "Realize your dream, ease your life",
        "fileSize": 527102,
        "features": [
          "Comprehensive protection",
          "Cash aid at hospital",
          "Cash vouchers periodically",
          "Interest attractive maturity"
        ],
        "localUri": "/var/mobile/Containers/Data/Application/9A37012E-FB2D-48BC-BAD7-36C69C824B9B/Documents/cache/contentCatalog/en/my_life_protection.pdf"
      }
    },
    "contentType": "application/pdf",
    "goals": [
      "icon-life-protection",
      "icon-health-protection",
      "icon-savings",
      "icon-prepare-for-retirement"
    ],
    "documentId": "my_life_protection",
    "contentGroup": "product"
  },
  {
    "source": "SFDC",
    "category": [
      "Life",
      "Save",
      "Retire"
    ],
    "resources": {
      "vn": {
        "indicator": "UpToDate",
        "title": "Manulife – Tự Do Mơ Ước – Hưng thịnh",
        "thumbnailLocalUri": "/var/mobile/Containers/Data/Application/9A37012E-FB2D-48BC-BAD7-36C69C824B9B/Documents/cache/contentCatalog/vn/my_life_saving_thumbnail.png",
        "isExistsInBundle": true,
        "size": 527102,
        "description": "Hiện thực ước mơ, an nhàn cuộc sống",
        "fileSize": 527102,
        "features": [
          "Bảo vệ toàn diện",
          "Phiếu tiền mặt hấp dẫn",
          "Quyền lợi đáo hạn hấp dẫn"
        ],
        "localUri": "/var/mobile/Containers/Data/Application/9A37012E-FB2D-48BC-BAD7-36C69C824B9B/Documents/cache/contentCatalog/vn/my_life_saving.pdf"
      },
      "en": {
        "indicator": "UpToDate",
        "title": "My Life - Saving",
        "thumbnailLocalUri": "/var/mobile/Containers/Data/Application/9A37012E-FB2D-48BC-BAD7-36C69C824B9B/Documents/cache/contentCatalog/en/my_life_saving_thumbnail.png",
        "isExistsInBundle": true,
        "size": 527102,
        "description": "Realize your dream, ease your life",
        "fileSize": 527102,
        "features": [
          "Comprehensive protection",
          "Attractive cash voucher",
          "Interest attractive maturity"
        ],
        "localUri": "/var/mobile/Containers/Data/Application/9A37012E-FB2D-48BC-BAD7-36C69C824B9B/Documents/cache/contentCatalog/en/my_life_saving.pdf"
      }
    },
    "contentType": "application/pdf",
    "goals": [
      "icon-life-protection",
      "icon-savings",
      "icon-prepare-for-retirement"
    ],
    "documentId": "my_life_saving",
    "contentGroup": "product"
  },
  {
    "source": "SFDC",
    "category": [
      "Life",
      "Health",
      "Save",
      "Educate"
    ],
    "resources": {
      "vn": {
        "indicator": "UpToDate",
        "title": "Manulife - Quà Tặng Con Yêu - Bảo Vệ",
        "thumbnailLocalUri": "/var/mobile/Containers/Data/Application/9A37012E-FB2D-48BC-BAD7-36C69C824B9B/Documents/cache/contentCatalog/vn/my_life_gift_for_child_protection_thumbnail.png",
        "isExistsInBundle": true,
        "size": 521853,
        "description": "Cha cho tri thức, Mẹ tặng tương lai",
        "fileSize": 521853,
        "features": [
          "Linh hoạt lựa chọn theo nhu cầu",
          "Bảo vệ toàn diện",
          "Phiếu tiền mặt hấp dẫn",
          "Quyền lợi đáo hạn hấp dẫn"
        ],
        "localUri": "/var/mobile/Containers/Data/Application/9A37012E-FB2D-48BC-BAD7-36C69C824B9B/Documents/cache/contentCatalog/vn/my_life_gift_for_child_protection.pdf"
      },
      "en": {
        "indicator": "UpToDate",
        "title": "My Life - Gift for Child - Protection",
        "thumbnailLocalUri": "/var/mobile/Containers/Data/Application/9A37012E-FB2D-48BC-BAD7-36C69C824B9B/Documents/cache/contentCatalog/en/my_life_gift_for_child_protection_thumbnail.png",
        "isExistsInBundle": true,
        "size": 521853,
        "description": "Father for wisdom, Mother donates the future",
        "fileSize": 521853,
        "features": [
          "Flexible choice according to need",
          "Comprehensive protection",
          "Attractive cash voucher",
          "Interest attractive maturity"
        ],
        "localUri": "/var/mobile/Containers/Data/Application/9A37012E-FB2D-48BC-BAD7-36C69C824B9B/Documents/cache/contentCatalog/en/my_life_gift_for_child_protection.pdf"
      }
    },
    "contentType": "application/pdf",
    "goals": [
      "icon-life-protection",
      "icon-health-protection",
      "icon-savings",
      "icon-save-for-children-education"
    ],
    "documentId": "my_life_gift_for_child_protection",
    "contentGroup": "product"
  },
  {
    "source": "SFDC",
    "category": [
      "Life",
      "Health",
      "Save",
      "Educate"
    ],
    "resources": {
      "vn": {
        "indicator": "UpToDate",
        "title": "Manulife - Quà Tặng Con Yêu - Tích Luỹ",
        "thumbnailLocalUri": "/var/mobile/Containers/Data/Application/9A37012E-FB2D-48BC-BAD7-36C69C824B9B/Documents/cache/contentCatalog/vn/my_life_gift_for_child_saving_thumbnail.png",
        "isExistsInBundle": true,
        "size": 521853,
        "description": "Cha cho tri thức, Mẹ tặng tương lai",
        "fileSize": 521853,
        "features": [
          "Linh hoạt lựa chọn theo nhu cầu",
          "Bảo vệ toàn diện",
          "Phiếu tiền mặt hấp dẫn",
          "Quyền lợi đáo hạn hấp dẫn"
        ],
        "localUri": "/var/mobile/Containers/Data/Application/9A37012E-FB2D-48BC-BAD7-36C69C824B9B/Documents/cache/contentCatalog/vn/my_life_gift_for_child_saving.pdf"
      },
      "en": {
        "indicator": "UpToDate",
        "title": "My Life - Gift for Child - Saving",
        "thumbnailLocalUri": "/var/mobile/Containers/Data/Application/9A37012E-FB2D-48BC-BAD7-36C69C824B9B/Documents/cache/contentCatalog/en/my_life_gift_for_child_saving_thumbnail.png",
        "isExistsInBundle": true,
        "size": 521853,
        "description": "Father for wisdom, Mother donates the future",
        "fileSize": 521853,
        "features": [
          "Flexible choice according to need",
          "Comprehensive protection",
          "Attractive cash voucher",
          "Interest attractive maturity"
        ],
        "localUri": "/var/mobile/Containers/Data/Application/9A37012E-FB2D-48BC-BAD7-36C69C824B9B/Documents/cache/contentCatalog/en/my_life_gift_for_child_saving.pdf"
      }
    },
    "contentType": "application/pdf",
    "goals": [
      "icon-life-protection",
      "icon-health-protection",
      "icon-savings",
      "icon-save-for-children-education"
    ],
    "documentId": "my_life_gift_for_child_saving",
    "contentGroup": "product"
  },
  {
    "source": "SFDC",
    "category": [
      "Life",
      "Health",
      "Save"
    ],
    "resources": {
      "vn": {
        "indicator": "UpToDate",
        "title": "Manulife - Phúc Thọ Phu Thê - Tri Ân Tình Chồng",
        "thumbnailLocalUri": "/var/mobile/Containers/Data/Application/9A37012E-FB2D-48BC-BAD7-36C69C824B9B/Documents/cache/contentCatalog/vn/my_family_my_man_thumbnail.png",
        "isExistsInBundle": true,
        "size": 548709,
        "description": "Tri ân tình chồng",
        "fileSize": 548709,
        "features": [
          "Bảo vệ trước 31 bệnh lý nghiêm trọng",
          "Trợ cấp tiền mặt khi nằm viện",
          "Tiết kiệm tương đương 150% STBH",
          "Bảo tức và lãi tích lũy"
        ],
        "localUri": "/var/mobile/Containers/Data/Application/9A37012E-FB2D-48BC-BAD7-36C69C824B9B/Documents/cache/contentCatalog/vn/my_family_my_man.pdf"
      },
      "en": {
        "indicator": "UpToDate",
        "title": "My Family - My Man",
        "thumbnailLocalUri": "/var/mobile/Containers/Data/Application/9A37012E-FB2D-48BC-BAD7-36C69C824B9B/Documents/cache/contentCatalog/en/my_family_my_man_thumbnail.png",
        "isExistsInBundle": true,
        "size": 548709,
        "description": "Gratitude husband",
        "fileSize": 548709,
        "features": [
          "Protection against 31 serious diseases",
          "Cash aid at hospital",
          "Save up to 150% of STBH",
          "Bonus and interest accrued"
        ],
        "localUri": "/var/mobile/Containers/Data/Application/9A37012E-FB2D-48BC-BAD7-36C69C824B9B/Documents/cache/contentCatalog/en/my_family_my_man.pdf"
      }
    },
    "contentType": "application/pdf",
    "goals": [
      "icon-life-protection",
      "icon-health-protection",
      "icon-savings"
    ],
    "documentId": "my_family_my_man",
    "contentGroup": "product"
  },
  {
    "source": "SFDC",
    "category": [
      "Life",
      "Health",
      "Save"
    ],
    "resources": {
      "vn": {
        "indicator": "UpToDate",
        "title": "Manulife - Phúc Thọ Phu Thê - Tri Ân Nghĩa Vợ",
        "thumbnailLocalUri": "/var/mobile/Containers/Data/Application/9A37012E-FB2D-48BC-BAD7-36C69C824B9B/Documents/cache/contentCatalog/vn/my_family_my_lady_thumbnail.png",
        "isExistsInBundle": true,
        "size": 548709,
        "description": "Tri ân nghĩa vợ",
        "fileSize": 548709,
        "features": [
          "Bảo vệ trước 31 bệnh lý nghiêm trọng",
          "Trợ cấp tiền mặt khi nằm viện",
          "Tiết kiệm tương đương 150% STBH",
          "Bảo tức và lãi tích lũy"
        ],
        "localUri": "/var/mobile/Containers/Data/Application/9A37012E-FB2D-48BC-BAD7-36C69C824B9B/Documents/cache/contentCatalog/vn/my_family_my_lady.pdf"
      },
      "en": {
        "indicator": "UpToDate",
        "title": "My Family - My Lady",
        "thumbnailLocalUri": "/var/mobile/Containers/Data/Application/9A37012E-FB2D-48BC-BAD7-36C69C824B9B/Documents/cache/contentCatalog/en/my_family_my_lady_thumbnail.png",
        "isExistsInBundle": true,
        "size": 548709,
        "description": "Grace to your wife",
        "fileSize": 548709,
        "features": [
          "Protection against 31 serious diseases",
          "Cash aid at hospital",
          "Save up to 150% of STBH",
          "Bonus and interest accrued"
        ],
        "localUri": "/var/mobile/Containers/Data/Application/9A37012E-FB2D-48BC-BAD7-36C69C824B9B/Documents/cache/contentCatalog/en/my_family_my_lady.pdf"
      }
    },
    "contentType": "application/pdf",
    "goals": [
      "icon-life-protection",
      "icon-health-protection",
      "icon-savings"
    ],
    "documentId": "my_family_my_lady",
    "contentGroup": "product"
  },
  {
    "source": "SFDC",
    "category": [
      "Life",
      "Health",
      "Retire"
    ],
    "resources": {
      "vn": {
        "indicator": "UpToDate",
        "title": "Manulife - Tổ ấm bình yên",
        "thumbnailLocalUri": "/var/mobile/Containers/Data/Application/9A37012E-FB2D-48BC-BAD7-36C69C824B9B/Documents/cache/contentCatalog/vn/npe_protection_thumbnail.png",
        "isExistsInBundle": true,
        "size": 562683,
        "description": "An tâm cuộc sống, vui trọn yêu thương",
        "fileSize": 562683,
        "features": [
          "Ngân quỹ điều trị 45 bệnh lý nghiêm trọng",
          "Bảo vệ trước thương tật và tử vong do tai nạn",
          "Bảo vệ trước rủi ro tử vong",
          "Gia tăng bảo vệ cho cả gia đình"
        ],
        "localUri": "/var/mobile/Containers/Data/Application/9A37012E-FB2D-48BC-BAD7-36C69C824B9B/Documents/cache/contentCatalog/vn/npe_protection.pdf"
      },
      "en": {
        "indicator": "UpToDate",
        "title": "NPE - Protection",
        "thumbnailLocalUri": "/var/mobile/Containers/Data/Application/9A37012E-FB2D-48BC-BAD7-36C69C824B9B/Documents/cache/contentCatalog/en/npe_protection_thumbnail.png",
        "isExistsInBundle": true,
        "size": 562683,
        "description": "Peace of life, full of love",
        "fileSize": 562683,
        "features": [
          "Funds for treating 45 serious illnesses",
          "Protection against injury and death from accidents",
          "Protect against the risk of death",
          "Increased protection for the whole family"
        ],
        "localUri": "/var/mobile/Containers/Data/Application/9A37012E-FB2D-48BC-BAD7-36C69C824B9B/Documents/cache/contentCatalog/en/npe_protection.pdf"
      }
    },
    "contentType": "application/pdf",
    "goals": [
      "icon-life-protection",
      "icon-health-protection",
      "icon-prepare-for-retirement"
    ],
    "documentId": "npe_protection",
    "contentGroup": "product"
  },
  {
    "source": "SFDC",
    "category": [
      "Life",
      "Save",
      "Retire"
    ],
    "resources": {
      "vn": {
        "indicator": "UpToDate",
        "title": "Manulife - Cuộc sống ước mơ",
        "thumbnailLocalUri": "/var/mobile/Containers/Data/Application/9A37012E-FB2D-48BC-BAD7-36C69C824B9B/Documents/cache/contentCatalog/vn/npe_saving_thumbnail.png",
        "isExistsInBundle": true,
        "size": 540889,
        "description": "Tích lũy thông minh, tự do tận hưởng",
        "fileSize": 540889,
        "features": [
          "Quyền lợi đáo hạn hấp dẫn",
          "Phiếu tiền mặt đều đặn",
          "Bảo vệ trước rủi ro tử vong",
          "Đóng phí ngắn hạn 12/15 năm"
        ],
        "localUri": "/var/mobile/Containers/Data/Application/9A37012E-FB2D-48BC-BAD7-36C69C824B9B/Documents/cache/contentCatalog/vn/npe_saving.pdf"
      },
      "en": {
        "indicator": "UpToDate",
        "title": "NPE - Saving",
        "thumbnailLocalUri": "/var/mobile/Containers/Data/Application/9A37012E-FB2D-48BC-BAD7-36C69C824B9B/Documents/cache/contentCatalog/en/npe_saving_thumbnail.png",
        "isExistsInBundle": true,
        "size": 540889,
        "description": "Accumulate smart, free to enjoy",
        "fileSize": 540889,
        "features": [
          "Interest attractive maturity",
          "Cash voucher is regular",
          "Protect against the risk of death",
          "Payment of short-term fee 12/15 years"
        ],
        "localUri": "/var/mobile/Containers/Data/Application/9A37012E-FB2D-48BC-BAD7-36C69C824B9B/Documents/cache/contentCatalog/en/npe_saving.pdf"
      }
    },
    "contentType": "application/pdf",
    "goals": [
      "icon-life-protection",
      "icon-savings",
      "icon-prepare-for-retirement"
    ],
    "documentId": "npe_saving",
    "contentGroup": "product"
  },
  {
    "source": "SFDC",
    "category": [
      "Life",
      "Save",
      "Educate"
    ],
    "resources": {
      "vn": {
        "indicator": "UpToDate",
        "title": "Manulife - Cho tuổi thần tiên",
        "thumbnailLocalUri": "/var/mobile/Containers/Data/Application/9A37012E-FB2D-48BC-BAD7-36C69C824B9B/Documents/cache/contentCatalog/vn/npe_education_thumbnail.png",
        "isExistsInBundle": true,
        "size": 563579,
        "description": "Chắp cánh ước mơ, tài năng tỏa sáng",
        "fileSize": 563579,
        "features": [
          "Quỹ tiết kiệm học vấn",
          "Phiếu tiền mặt đều đặn",
          "Tương lai học vấn của con luôn chu toàn",
          "Bảo vệ con yêu toàn diện"
        ],
        "localUri": "/var/mobile/Containers/Data/Application/9A37012E-FB2D-48BC-BAD7-36C69C824B9B/Documents/cache/contentCatalog/vn/npe_education.pdf"
      },
      "en": {
        "indicator": "UpToDate",
        "title": "NPE - Education",
        "thumbnailLocalUri": "/var/mobile/Containers/Data/Application/9A37012E-FB2D-48BC-BAD7-36C69C824B9B/Documents/cache/contentCatalog/en/npe_education_thumbnail.png",
        "isExistsInBundle": true,
        "size": 563579,
        "description": "Get your dream wings, your talents shine",
        "fileSize": 563579,
        "features": [
          "Education Savings Fund",
          "Cash voucher is regular",
          "Your child's academic future is always fulfilled",
          "Protect your beloved child"
        ],
        "localUri": "/var/mobile/Containers/Data/Application/9A37012E-FB2D-48BC-BAD7-36C69C824B9B/Documents/cache/contentCatalog/en/npe_education.pdf"
      }
    },
    "contentType": "application/pdf",
    "goals": [
      "icon-life-protection",
      "icon-savings",
      "icon-save-for-children-education"
    ],
    "documentId": "npe_education",
    "contentGroup": "product"
  },
  {
    "source": "SFDC",
    "category": [
      "Life",
      "Save",
      "Retire"
    ],
    "resources": {
      "vn": {
        "indicator": "UpToDate",
        "title": "Manulife - Cuộc sống an nhàn",
        "thumbnailLocalUri": "/var/mobile/Containers/Data/Application/9A37012E-FB2D-48BC-BAD7-36C69C824B9B/Documents/cache/contentCatalog/vn/npe_retirement_thumbnail.png",
        "isExistsInBundle": true,
        "size": 535127,
        "description": "Tận hưởng quả ngọt, an vui tuổi vàng",
        "fileSize": 535127,
        "features": [
          "Quyền lợi đáo hạn hấp dẫn",
          "Chủ động và độc lập tài chính",
          "Ngân quỹ điều trị bệnh lý nghiêm trọng",
          "Bảo vệ trước rủi ro tử vong"
        ],
        "localUri": "/var/mobile/Containers/Data/Application/9A37012E-FB2D-48BC-BAD7-36C69C824B9B/Documents/cache/contentCatalog/vn/npe_retirement.pdf"
      },
      "en": {
        "indicator": "inProgress",
        "title": "NPE - Retirement",
        "thumbnailLocalUri": "/var/mobile/Containers/Data/Application/9A37012E-FB2D-48BC-BAD7-36C69C824B9B/Documents/cache/contentCatalog/en/npe_retirement_thumbnail.png",
        "isExistsInBundle": true,
        "size": 535127,
        "description": "Enjoy the sweet, happy golden age",
        "fileSize": 535127,
        "features": [
          "Interest attractive maturity",
          "Active and independent financial",
          "Treating serious pathological treatment",
          "Protect against the risk of death"
        ],
        "localUri": "/var/mobile/Containers/Data/Application/9A37012E-FB2D-48BC-BAD7-36C69C824B9B/Documents/cache/contentCatalog/en/npe_retirement.pdf"
      }
    },
    "contentType": "application/pdf",
    "goals": [
      "icon-life-protection",
      "icon-savings",
      "icon-prepare-for-retirement"
    ],
    "documentId": "npe_retirement",
    "contentGroup": "product"
  },
  {
    "source": "SFDC",
    "category": [
      "Life",
      "Health",
      "Save",
      "Educate"
    ],
    "resources": {
      "vn": {
        "indicator": "UpToDate",
        "title": "Manulife - Gia đình tôi yêu",
        "thumbnailLocalUri": "/var/mobile/Containers/Data/Application/9A37012E-FB2D-48BC-BAD7-36C69C824B9B/Documents/cache/contentCatalog/vn/universal_life_thumbnail.png",
        "isExistsInBundle": true,
        "size": 816308,
        "description": "Xây nền tài chính, vững bền tương lai",
        "fileSize": 679342,
        "features": [
          "Bảo vệ toàn diện",
          "Linh hoạt đóng phí với mức phí thấp",
          "Chủ động gia tăng Số tiền bảo hiểm",
          "Lãi suất đầu tư hấp dẫn"
        ],
        "localUri": "/var/mobile/Containers/Data/Application/9A37012E-FB2D-48BC-BAD7-36C69C824B9B/Documents/cache/contentCatalog/vn/universal_life.pdf"
      },
      "en": {
        "indicator": "UpToDate",
        "title": "2015 Universal Life",
        "thumbnailLocalUri": "/var/mobile/Containers/Data/Application/9A37012E-FB2D-48BC-BAD7-36C69C824B9B/Documents/cache/contentCatalog/en/universal_life_thumbnail.png",
        "isExistsInBundle": true,
        "size": 816308,
        "description": "Build a financial, sustainable future",
        "fileSize": 679342,
        "features": [
          "Comprehensive protection",
          "Flexible toll charges at a low cost",
          "Actively increase the Sum Insured",
          "Attractive interest rates"
        ],
        "localUri": "/var/mobile/Containers/Data/Application/9A37012E-FB2D-48BC-BAD7-36C69C824B9B/Documents/cache/contentCatalog/en/universal_life.pdf"
      }
    },
    "contentType": "application/pdf",
    "goals": [
      "icon-life-protection",
      "icon-health-protection",
      "icon-savings",
      "icon-save-for-children-education"
    ],
    "documentId": "universal_life",
    "contentGroup": "product"
  },
  {
    "source": "SFDC",
    "category": [
      "Life",
      "Health",
      "Save",
      "Retire"
    ],
    "resources": {
      "vn": {
        "indicator": "UpToDate",
        "title": "Manulife - Điểm tựa đầu tư",
        "thumbnailLocalUri": "/var/mobile/Containers/Data/Application/9A37012E-FB2D-48BC-BAD7-36C69C824B9B/Documents/cache/contentCatalog/vn/unit_linked_thumbnail.png",
        "isExistsInBundle": true,
        "size": 231856,
        "description": "Chủ động đầu tư, tương lai thịnh vượng",
        "fileSize": 231856,
        "features": [
          "Quyền lợi bảo vệ đa dạng và toàn diện",
          "Gia tăng cơ hội đầu tư với 6 quỹ đầu tư",
          "Chủ động và linh hoạt quản lý dòng tiền",
          "Phí bảo hiểm, chi phí đầu tư hấp dẫn"
        ],
        "localUri": ""
      },
      "en": {
        "indicator": "UpToDate",
        "title": "2017 Unit Linked",
        "thumbnailLocalUri": "/var/mobile/Containers/Data/Application/9A37012E-FB2D-48BC-BAD7-36C69C824B9B/Documents/cache/contentCatalog/en/unit_linked_thumbnail.png",
        "isExistsInBundle": true,
        "size": 231856,
        "description": "Active investment, prosperous future",
        "fileSize": 231856,
        "features": [
          "The protection of diversity and comprehensive",
          "Increased investment opportunities with six investment funds",
          "Active and flexible cash flow management",
          "Premium, attractive investment"
        ],
        "localUri": ""
      }
    },
    "contentType": "application/pdf",
    "goals": [
      "icon-life-protection",
      "icon-health-protection",
      "icon-savings",
      "icon-prepare-for-retirement"
    ],
    "documentId": "unit_linked",
    "contentGroup": "product"
  },
  {
    "source": "SFDC",
    "category": [
      "Life",
      "Health",
      "Save"
    ],
    "resources": {
      "vn": {
        "indicator": "UpToDate",
        "title": "Manulife - Điểm Tựa Yêu Thương",
        "thumbnailLocalUri": "/var/mobile/Containers/Data/Application/9A37012E-FB2D-48BC-BAD7-36C69C824B9B/Documents/cache/contentCatalog/vn/my_love_thumbnail.png",
        "isExistsInBundle": true,
        "size": 231856,
        "description": "Cuộc sống đảm bảo, nhẹ gánh lo âu",
        "fileSize": 1499438,
        "features": [
          "Bảo vệ toàn diện lên đến 20 năm",
          "Quyền lợi bảo vệ bệnh hiểm nghèo và tử vong cao",
          "Tự do tài chính cho tuổi hưu an nhàn",
          "Đầu tư và sinh lợi đều đặn hàng tháng theo Quỹ liên kết chung"
        ],
        "localUri": "/var/mobile/Containers/Data/Application/9A37012E-FB2D-48BC-BAD7-36C69C824B9B/Documents/cache/contentCatalog/vn/my_love.pdf"
      },
      "en": {
        "indicator": "UpToDate",
        "title": "My Love",
        "thumbnailLocalUri": "/var/mobile/Containers/Data/Application/9A37012E-FB2D-48BC-BAD7-36C69C824B9B/Documents/cache/contentCatalog/en/my_love_thumbnail.png",
        "isExistsInBundle": true,
        "size": 231856,
        "description": "Life assured, lightweight anxiety",
        "fileSize": 1499438,
        "features": [
          "Comprehensive protection up to 20 years",
          "The benefits of disease protection and death are high",
          "Financial freedom for retirement",
          "Make regular monthly investment and profit under the Universal Life Fund"
        ],
        "localUri": "/var/mobile/Containers/Data/Application/9A37012E-FB2D-48BC-BAD7-36C69C824B9B/Documents/cache/contentCatalog/en/my_love.pdf"
      }
    },
    "contentType": "application/pdf",
    "goals": [
      "icon-life-protection",
      "icon-health-protection",
      "icon-savings"
    ],
    "documentId": "my_love",
    "contentGroup": "product"
  },
  {
    "source": "SFDC",
    "category": [
      "Life",
      "Save"
    ],
    "resources": {
      "vn": {
        "indicator": "UpToDate",
        "title": "Manulife - Điểm Tựa Ước Mơ",
        "thumbnailLocalUri": "/var/mobile/Containers/Data/Application/9A37012E-FB2D-48BC-BAD7-36C69C824B9B/Documents/cache/contentCatalog/vn/my_dream_thumbnail.png",
        "isExistsInBundle": true,
        "size": 671464,
        "description": "Đầu tư thông minh, tự do tận hưởng",
        "fileSize": 671464,
        "features": [
          "Đầu tư và sinh lợi đều đặn hàng tháng theo Quỹ liên kết chung",
          "Linh hoạt cho các khoản chi tiêu ngắn hạn",
          "Chỉ cần đóng phí 6 năm với mức phí giảm dần hoặc đóng luôn trong 1 lần",
          "Bảo vệ toàn diện trong 20 năm"
        ],
        "localUri": "/var/mobile/Containers/Data/Application/9A37012E-FB2D-48BC-BAD7-36C69C824B9B/Documents/cache/contentCatalog/vn/my_dream.pdf"
      },
      "en": {
        "indicator": "UpToDate",
        "title": "My Dream",
        "thumbnailLocalUri": "/var/mobile/Containers/Data/Application/9A37012E-FB2D-48BC-BAD7-36C69C824B9B/Documents/cache/contentCatalog/en/my_dream_thumbnail.png",
        "isExistsInBundle": true,
        "size": 671464,
        "description": "Smart investment, free to enjoy",
        "fileSize": 671464,
        "features": [
          "Make regular monthly investment and profit under the Universal Life Fund",
          "Flexible for short-term spending",
          "Just pay a six-year fee at a reduced or one-time fee",
          "Comprehensive protection for 20 years"
        ],
        "localUri": "/var/mobile/Containers/Data/Application/9A37012E-FB2D-48BC-BAD7-36C69C824B9B/Documents/cache/contentCatalog/en/my_dream.pdf"
      }
    },
    "contentType": "application/pdf",
    "goals": [
      "icon-life-protection",
      "icon-savings"
    ],
    "documentId": "my_dream",
    "contentGroup": "product"
  },
  {
    "source": "SFDC",
    "category": [
      "Life",
      "Save",
      "Educate"
    ],
    "resources": {
      "vn": {
        "indicator": "UpToDate",
        "title": "Manulife - Điểm Tựa Tài Năng",
        "thumbnailLocalUri": "/var/mobile/Containers/Data/Application/9A37012E-FB2D-48BC-BAD7-36C69C824B9B/Documents/cache/contentCatalog/vn/my_talent_thumbnail.png",
        "isExistsInBundle": true,
        "size": 231856,
        "description": "Chắp cánh ước mơ, tương lai tỏa sáng",
        "fileSize": 1345438,
        "features": [
          "Hoàn toàn an tâm kế hoạch giáo dục trong tương lai",
          "Tương lai học vấn của con bạn luôn được chu toàn",
          "Bảo vệ toàn diện khi chọn thêm quyền lợi bảo hiểm y tế",
          "Khoản bảo tức và lãi suất tính lũy hấp dẫn"
        ],
        "localUri": "/var/mobile/Containers/Data/Application/9A37012E-FB2D-48BC-BAD7-36C69C824B9B/Documents/cache/contentCatalog/vn/my_talent.pdf"
      },
      "en": {
        "indicator": "UpToDate",
        "title": "My Talent",
        "thumbnailLocalUri": "/var/mobile/Containers/Data/Application/9A37012E-FB2D-48BC-BAD7-36C69C824B9B/Documents/cache/contentCatalog/en/my_talent_thumbnail.png",
        "isExistsInBundle": true,
        "size": 231856,
        "description": "Raising the wings of dreams, the future shines",
        "fileSize": 1345438,
        "features": [
          "Complete peace of mind in the future",
          "Your child's future education is always fulfilled",
          "Comprehensive protection when choosing more health insurance benefits",
          "Attractive interest rates"
        ],
        "localUri": "/var/mobile/Containers/Data/Application/9A37012E-FB2D-48BC-BAD7-36C69C824B9B/Documents/cache/contentCatalog/en/my_talent.pdf"
      }
    },
    "contentType": "application/pdf",
    "goals": [
      "icon-life-protection",
      "icon-savings",
      "icon-save-for-children-education"
    ],
    "documentId": "my_talent",
    "contentGroup": "product"
  },
  {
    "source": "SFDC",
    "category": [
      "Health"
    ],
    "resources": {
      "vn": {
        "indicator": "UpToDate",
        "title": "Món Quà Sức Khỏe",
        "thumbnailLocalUri": "/var/mobile/Containers/Data/Application/9A37012E-FB2D-48BC-BAD7-36C69C824B9B/Documents/cache/contentCatalog/vn/healthcare_rider_thumbnail.png",
        "isExistsInBundle": true,
        "size": 752120,
        "description": "Vì sức khỏe vàng, vì người thân yêu",
        "fileSize": 583640,
        "features": [
          "Hệ thống bão lãnh viện phí rộng khắp VN và nước ngoài",
          "An tâm khi điều trị ngoại trú, nội trú và nha khoa",
          "Hỗ trợ chi trả chi phí lớn để điều trị ung thư hay cấy ghép nội tạng",
          "Chăm sóc chu đáo và toàn diện với dịch vụ khách hàng 24/7"
        ],
        "localUri": "/var/mobile/Containers/Data/Application/9A37012E-FB2D-48BC-BAD7-36C69C824B9B/Documents/cache/contentCatalog/vn/healthcare_rider.pdf"
      },
      "en": {
        "indicator": "UpToDate",
        "title": "Healthcare Rider",
        "thumbnailLocalUri": "/var/mobile/Containers/Data/Application/9A37012E-FB2D-48BC-BAD7-36C69C824B9B/Documents/cache/contentCatalog/en/healthcare_rider_thumbnail.png",
        "isExistsInBundle": true,
        "size": 752120,
        "description": "For the health of gold, for the beloved",
        "fileSize": 583640,
        "features": [
          "The system of hospital and hospital fees is widespread across Vietnam and abroad",
          "Peace of mind in outpatient, residential and dental treatment",
          "Large cost support for cancer treatment or organ transplants",
          "Careful and comprehensive service with 24/7 customer service"
        ],
        "localUri": "/var/mobile/Containers/Data/Application/9A37012E-FB2D-48BC-BAD7-36C69C824B9B/Documents/cache/contentCatalog/en/healthcare_rider.pdf"
      }
    },
    "contentType": "application/pdf",
    "goals": [
      "icon-health-protection"
    ],
    "documentId": "healthcare_rider",
    "contentGroup": "product"
  },
  {
    "source": "SFDC",
    "category": [
      "company"
    ],
    "resources": {
      "vn": {
        "indicator": "UpToDate",
        "title": "Giới thiệu Manulife Việt Nam",
        "thumbnailLocalUri": "/var/mobile/Containers/Data/Application/9A37012E-FB2D-48BC-BAD7-36C69C824B9B/Documents/cache/contentCatalog/vn/company_introduction_thumbnail.png",
        "isExistsInBundle": true,
        "size": 2116479,
        "description": "Vivamus pellentesque risus tincidunt malesuada luctus. Nulla eget massa dui.",
        "fileSize": 2150552,
        "features": [],
        "localUri": "/var/mobile/Containers/Data/Application/9A37012E-FB2D-48BC-BAD7-36C69C824B9B/Documents/cache/contentCatalog/vn/company_introduction.pdf"
      },
      "en": {
        "indicator": "UpToDate",
        "title": "About Manulife Vietnam",
        "thumbnailLocalUri": "/var/mobile/Containers/Data/Application/9A37012E-FB2D-48BC-BAD7-36C69C824B9B/Documents/cache/contentCatalog/en/company_introduction_thumbnail.png",
        "isExistsInBundle": true,
        "size": 2116479,
        "description": "Vivamus pellentesque risus tincidunt malesuada luctus. Nulla eget massa dui.",
        "fileSize": 2150552,
        "features": [],
        "localUri": "/var/mobile/Containers/Data/Application/9A37012E-FB2D-48BC-BAD7-36C69C824B9B/Documents/cache/contentCatalog/en/company_introduction.pdf"
      }
    },
    "contentType": "application/pdf",
    "goals": [],
    "documentId": "company_introduction",
    "contentGroup": "about-company"
  },
  {
    "source": "VIYARD",
    "category": [
      "company"
    ],
    "resources": {
      "vn": {
        "indicator": "UpToDate",
        "title": "Video công ty Manulife Viet Nam",
        "thumbnailLocalUri": "/var/mobile/Containers/Data/Application/9A37012E-FB2D-48BC-BAD7-36C69C824B9B/Documents/cache/contentCatalog/vn/corporate_profile_thumbnail.png",
        "isExistsInBundle": true,
        "size": "",
        "description": "Video công ty Manulife Viet Nam",
        "fileSize": 17484991,
        "features": [],
        "localUri": "/var/mobile/Containers/Data/Application/9A37012E-FB2D-48BC-BAD7-36C69C824B9B/Documents/cache/contentCatalog/vn/corporate_profile.mp4"
      },
      "en": {
        "indicator": "UpToDate",
        "title": "Manulife Vietnam company video",
        "thumbnailLocalUri": "/var/mobile/Containers/Data/Application/9A37012E-FB2D-48BC-BAD7-36C69C824B9B/Documents/cache/contentCatalog/en/corporate_profile_thumbnail.png",
        "isExistsInBundle": true,
        "size": "",
        "description": "Manulife Vietnam company video",
        "fileSize": 17484991,
        "features": [],
        "localUri": "/var/mobile/Containers/Data/Application/9A37012E-FB2D-48BC-BAD7-36C69C824B9B/Documents/cache/contentCatalog/en/corporate_profile.mp4"
      }
    },
    "contentType": "application/mp4",
    "goals": [],
    "documentId": "corporate_profile",
    "contentGroup": "about-company"
  },
  {
    "source": "SFDC",
    "category": [
      "persona"
    ],
    "resources": {
      "vn": {
        "indicator": "UpToDate",
        "title": "Binh - Mature and relaxed",
        "thumbnailLocalUri": "/var/mobile/Containers/Data/Application/9A37012E-FB2D-48BC-BAD7-36C69C824B9B/Documents/cache/contentCatalog/vn/binh_mature_and_relaxed_thumbnail.png",
        "isExistsInBundle": true,
        "size": 789030,
        "description": "Cuộc sống có thăng trầm nhưng nó vẫn diễn ra và thật thoải mái.",
        "fileSize": 789030,
        "features": [],
        "localUri": "/var/mobile/Containers/Data/Application/9A37012E-FB2D-48BC-BAD7-36C69C824B9B/Documents/cache/contentCatalog/vn/binh_mature_and_relaxed.pdf"
      },
      "en": {
        "indicator": "UpToDate",
        "title": "Binh - Mature and relaxed",
        "thumbnailLocalUri": "/var/mobile/Containers/Data/Application/9A37012E-FB2D-48BC-BAD7-36C69C824B9B/Documents/cache/contentCatalog/en/binh_mature_and_relaxed_thumbnail.png",
        "isExistsInBundle": true,
        "size": 789030,
        "description": "Life has ups & downs but it goes on and is comfortable.",
        "fileSize": 789030,
        "features": [],
        "localUri": "/var/mobile/Containers/Data/Application/9A37012E-FB2D-48BC-BAD7-36C69C824B9B/Documents/cache/contentCatalog/en/binh_mature_and_relaxed.pdf"
      }
    },
    "contentType": "application/pdf",
    "goals": [],
    "documentId": "binh_mature_and_relaxed",
    "contentGroup": "persona"
  },
  {
    "source": "SFDC",
    "category": [
      "persona"
    ],
    "resources": {
      "vn": {
        "indicator": "UpToDate",
        "title": "Dinh - The Responsible Hedonist",
        "thumbnailLocalUri": "/var/mobile/Containers/Data/Application/9A37012E-FB2D-48BC-BAD7-36C69C824B9B/Documents/cache/contentCatalog/vn/dinh_young_parents_thumbnail.png",
        "isExistsInBundle": true,
        "size": 865265,
        "description": "Carpe diem – seize the day",
        "fileSize": 865265,
        "features": [],
        "localUri": "/var/mobile/Containers/Data/Application/9A37012E-FB2D-48BC-BAD7-36C69C824B9B/Documents/cache/contentCatalog/vn/dinh_young_parents.pdf"
      },
      "en": {
        "indicator": "UpToDate",
        "title": "Dinh - The Responsible Hedonist",
        "thumbnailLocalUri": "/var/mobile/Containers/Data/Application/9A37012E-FB2D-48BC-BAD7-36C69C824B9B/Documents/cache/contentCatalog/en/dinh_young_parents_thumbnail.png",
        "isExistsInBundle": true,
        "size": 865265,
        "description": "Carpe diem – seize the day",
        "fileSize": 865265,
        "features": [],
        "localUri": "/var/mobile/Containers/Data/Application/9A37012E-FB2D-48BC-BAD7-36C69C824B9B/Documents/cache/contentCatalog/en/dinh_young_parents.pdf"
      }
    },
    "contentType": "application/pdf",
    "goals": [],
    "documentId": "dinh_young_parents",
    "contentGroup": "persona"
  },
  {
    "source": "SFDC",
    "category": [
      "persona"
    ],
    "resources": {
      "vn": {
        "indicator": "UpToDate",
        "title": "Hoa - Cha mẹ trẻ",
        "thumbnailLocalUri": "/var/mobile/Containers/Data/Application/9A37012E-FB2D-48BC-BAD7-36C69C824B9B/Documents/cache/contentCatalog/vn/hoa_family_with_young_kids_thumbnail.png",
        "isExistsInBundle": true,
        "size": 677911,
        "description": "Nhiệm vụ phát triển đòi hỏi phải lập kế hoạch",
        "fileSize": 677911,
        "features": [],
        "localUri": "/var/mobile/Containers/Data/Application/9A37012E-FB2D-48BC-BAD7-36C69C824B9B/Documents/cache/contentCatalog/vn/hoa_family_with_young_kids.pdf"
      },
      "en": {
        "indicator": "UpToDate",
        "title": "Hoa - Young Parents",
        "thumbnailLocalUri": "/var/mobile/Containers/Data/Application/9A37012E-FB2D-48BC-BAD7-36C69C824B9B/Documents/cache/contentCatalog/en/hoa_family_with_young_kids_thumbnail.png",
        "isExistsInBundle": true,
        "size": 677911,
        "description": "Growing responsibilities necessitate planning",
        "fileSize": 677911,
        "features": [],
        "localUri": "/var/mobile/Containers/Data/Application/9A37012E-FB2D-48BC-BAD7-36C69C824B9B/Documents/cache/contentCatalog/en/hoa_family_with_young_kids.pdf"
      }
    },
    "contentType": "application/pdf",
    "goals": [],
    "documentId": "hoa_family_with_young_kids",
    "contentGroup": "persona"
  },
  {
    "source": "SFDC",
    "category": [
      "persona"
    ],
    "resources": {
      "vn": {
        "indicator": "UpToDate",
        "title": "Gia đình của Phương",
        "thumbnailLocalUri": "/var/mobile/Containers/Data/Application/9A37012E-FB2D-48BC-BAD7-36C69C824B9B/Documents/cache/contentCatalog/vn/phuong_family_with_older_kids_thumbnail.png",
        "isExistsInBundle": true,
        "size": 890728,
        "description": "Settled and Contented",
        "fileSize": 890728,
        "features": [],
        "localUri": "/var/mobile/Containers/Data/Application/9A37012E-FB2D-48BC-BAD7-36C69C824B9B/Documents/cache/contentCatalog/vn/phuong_family_with_older_kids.pdf"
      },
      "en": {
        "indicator": "UpToDate",
        "title": "Phuong family with older kids",
        "thumbnailLocalUri": "/var/mobile/Containers/Data/Application/9A37012E-FB2D-48BC-BAD7-36C69C824B9B/Documents/cache/contentCatalog/en/phuong_family_with_older_kids_thumbnail.png",
        "isExistsInBundle": true,
        "size": 890728,
        "description": "Settled and Contented",
        "fileSize": 890728,
        "features": [],
        "localUri": "/var/mobile/Containers/Data/Application/9A37012E-FB2D-48BC-BAD7-36C69C824B9B/Documents/cache/contentCatalog/en/phuong_family_with_older_kids.pdf"
      }
    },
    "contentType": "application/pdf",
    "goals": [],
    "documentId": "phuong_family_with_older_kids",
    "contentGroup": "persona"
  },
  {
    "source": "SFDC",
    "category": [
      "categorySalesAids"
    ],
    "resources": {
      "vn": {
        "indicator": "New",
        "title": "Tự do mơ ước",
        "thumbnailLocalUri": "/var/mobile/Containers/Data/Application/9A37012E-FB2D-48BC-BAD7-36C69C824B9B/Documents/cache/contentCatalog/vn/tu_do_mo_uoc_sep2016_thumbnail.png",
        "isExistsInBundle": false,
        "size": 614615,
        "description": "Sẽ không bao giờ là quá sớm để bắt đầu lập kế hoạch tiết kiệm cho mình. Những khoản tiền tích lũy nhỏ đều đặn có kỷ luật sẽ giúp bạn có được một khoản tiền lớn khi bạn cần đến nó.",
        "fileSize": 614615,
        "features": [],
        "localUri": "/var/mobile/Containers/Data/Application/9A37012E-FB2D-48BC-BAD7-36C69C824B9B/Documents/cache/contentCatalog/vn/tu_do_mo_uoc_sep2016.pdf"
      },
      "en": {
        "indicator": "new",
        "title": "Freedom to dream",
        "thumbnailLocalUri": "/var/mobile/Containers/Data/Application/9A37012E-FB2D-48BC-BAD7-36C69C824B9B/Documents/cache/contentCatalog/en/tu_do_mo_uoc_sep2016_thumbnail.png",
        "isExistsInBundle": false,
        "size": 614615,
        "description": "It will never be too early to start planning your savings. Small, disciplined, small cumulative funds will help you get a large sum of money when you need it.",
        "fileSize": 614615,
        "features": [],
        "localUri": "/var/mobile/Containers/Data/Application/9A37012E-FB2D-48BC-BAD7-36C69C824B9B/Documents/cache/contentCatalog/en/tu_do_mo_uoc_sep2016.pdf"
      }
    },
    "contentType": "application/pdf",
    "goals": [],
    "documentId": "tu_do_mo_uoc_sep2016",
    "contentGroup": "resource-library"
  },
  {
    "source": "SFDC",
    "category": [
      "categorySalesAids"
    ],
    "resources": {
      "vn": {
        "indicator": "New",
        "title": "Điểm tựa tài năng",
        "thumbnailLocalUri": "/var/mobile/Containers/Data/Application/9A37012E-FB2D-48BC-BAD7-36C69C824B9B/Documents/cache/contentCatalog/vn/diem_tua_tai_nang2016_thumbnail.png",
        "isExistsInBundle": false,
        "size": 1403076,
        "description": "Vivamus pellentesque risus tincidunt malesuada luctus. Nulla eget massa dui.",
        "fileSize": 1403076,
        "features": [],
        "localUri": "/var/mobile/Containers/Data/Application/9A37012E-FB2D-48BC-BAD7-36C69C824B9B/Documents/cache/contentCatalog/vn/diem_tua_tai_nang2016.pdf"
      },
      "en": {
        "indicator": "New",
        "title": "The fulcrum of talent",
        "thumbnailLocalUri": "/var/mobile/Containers/Data/Application/9A37012E-FB2D-48BC-BAD7-36C69C824B9B/Documents/cache/contentCatalog/en/diem_tua_tai_nang2016_thumbnail.png",
        "isExistsInBundle": false,
        "size": 1403076,
        "description": "Lorem ipsum dolor sit amet, consectetuer adipiscing elit. Aenean commodo ligula eget dolor. Aenean massa.",
        "fileSize": 1403076,
        "features": [],
        "localUri": "/var/mobile/Containers/Data/Application/9A37012E-FB2D-48BC-BAD7-36C69C824B9B/Documents/cache/contentCatalog/en/diem_tua_tai_nang2016.pdf"
      }
    },
    "contentType": "application/pdf",
    "goals": [],
    "documentId": "diem_tua_tai_nang2016",
    "contentGroup": "resource-library"
  },
  {
    "source": "SFDC",
    "category": [
      "categorySalesAids"
    ],
    "resources": {
      "vn": {
        "indicator": "New",
        "title": "Điểm tựa Ước mơ",
        "thumbnailLocalUri": "/var/mobile/Containers/Data/Application/9A37012E-FB2D-48BC-BAD7-36C69C824B9B/Documents/cache/contentCatalog/vn/diem_tua_uoc_mo2016_thumbnail.png",
        "isExistsInBundle": false,
        "size": 2382843,
        "description": "Đầu tư thông minh, tự do tận hưởng. Hãy theo đuổi ước mơ của bạn, và để tài chính chúng tôi lo.",
        "fileSize": 2382843,
        "features": [],
        "localUri": "/var/mobile/Containers/Data/Application/9A37012E-FB2D-48BC-BAD7-36C69C824B9B/Documents/cache/contentCatalog/vn/diem_tua_uoc_mo2016.pdf"
      },
      "en": {
        "indicator": "New",
        "title": "The fulcrum of Dream",
        "thumbnailLocalUri": "/var/mobile/Containers/Data/Application/9A37012E-FB2D-48BC-BAD7-36C69C824B9B/Documents/cache/contentCatalog/en/diem_tua_uoc_mo2016_thumbnail.png",
        "isExistsInBundle": false,
        "size": 2382843,
        "description": "Smart investment, free to enjoy. Let's pursue your dreams, and let our finances take care of.",
        "fileSize": 2382843,
        "features": [],
        "localUri": "/var/mobile/Containers/Data/Application/9A37012E-FB2D-48BC-BAD7-36C69C824B9B/Documents/cache/contentCatalog/en/diem_tua_uoc_mo2016.pdf"
      }
    },
    "contentType": "application/pdf",
    "goals": [],
    "documentId": "diem_tua_uoc_mo2016",
    "contentGroup": "resource-library"
  },
  {
    "source": "SFDC",
    "category": [
      "categorySalesAids"
    ],
    "resources": {
      "vn": {
        "indicator": "New",
        "title": "Điểm tựa Yêu thương",
        "thumbnailLocalUri": "/var/mobile/Containers/Data/Application/9A37012E-FB2D-48BC-BAD7-36C69C824B9B/Documents/cache/contentCatalog/vn/diem_tua_yeu_thuong2016_thumbnail.png",
        "isExistsInBundle": false,
        "size": 1581064,
        "description": "Đầu tư thông minh, tự do tận hưởng. Hãy theo đuổi ước mơ của bạn, và để tài chính chúng tôi lo.",
        "fileSize": 1581064,
        "features": [],
        "localUri": "/var/mobile/Containers/Data/Application/9A37012E-FB2D-48BC-BAD7-36C69C824B9B/Documents/cache/contentCatalog/vn/diem_tua_yeu_thuong2016.pdf"
      },
      "en": {
        "indicator": "New",
        "title": "The fulcrum of Love",
        "thumbnailLocalUri": "/var/mobile/Containers/Data/Application/9A37012E-FB2D-48BC-BAD7-36C69C824B9B/Documents/cache/contentCatalog/en/diem_tua_yeu_thuong2016_thumbnail.png",
        "isExistsInBundle": false,
        "size": 1581064,
        "description": "Smart investment, free to enjoy. Let's pursue your dreams, and let our finances take care of.",
        "fileSize": 1581064,
        "features": [],
        "localUri": "/var/mobile/Containers/Data/Application/9A37012E-FB2D-48BC-BAD7-36C69C824B9B/Documents/cache/contentCatalog/en/diem_tua_yeu_thuong2016.pdf"
      }
    },
    "contentType": "application/pdf",
    "goals": [],
    "documentId": "diem_tua_yeu_thuong2016",
    "contentGroup": "resource-library"
  },
  {
    "source": "SFDC",
    "category": [
      "categorySalesAids"
    ],
    "resources": {
      "vn": {
        "indicator": "New",
        "title": "Quà tặng con yêu",
        "thumbnailLocalUri": "/var/mobile/Containers/Data/Application/9A37012E-FB2D-48BC-BAD7-36C69C824B9B/Documents/cache/contentCatalog/vn/qua_tang_con_yeu_sep2016_thumbnail.png",
        "isExistsInBundle": false,
        "size": 575119,
        "description": "Có con là một sự kiện lớn & tuyệt vời, tuy nhiên cũng mang đến nhiều trách nhiệm cho bậc làm cha mẹ chúng ta. Sẽ không bao giờ là quá sớm để bắt đầu lập kế hoạch tiết kiệm cho tương lai của con, càng chuẩn bị sớm, bạn càng tích lũy được nhiều cho con.",
        "fileSize": 575119,
        "features": [],
        "localUri": "/var/mobile/Containers/Data/Application/9A37012E-FB2D-48BC-BAD7-36C69C824B9B/Documents/cache/contentCatalog/vn/qua_tang_con_yeu_sep2016.pdf"
      },
      "en": {
        "indicator": "UpToDate",
        "title": "Gifts for children love",
        "thumbnailLocalUri": "/var/mobile/Containers/Data/Application/9A37012E-FB2D-48BC-BAD7-36C69C824B9B/Documents/cache/contentCatalog/en/qua_tang_con_yeu_sep2016_thumbnail.png",
        "isExistsInBundle": false,
        "size": 575119,
        "description": "Having a baby is a great and wonderful event, but it also carries a lot of responsibility for our parents. It's never too early to start planning for your child's future, the sooner you prepare, the more you can accumulate.",
        "fileSize": 575119,
        "features": [],
        "localUri": "/var/mobile/Containers/Data/Application/9A37012E-FB2D-48BC-BAD7-36C69C824B9B/Documents/cache/contentCatalog/en/qua_tang_con_yeu_sep2016.pdf"
      }
    },
    "contentType": "application/pdf",
    "goals": [],
    "documentId": "qua_tang_con_yeu_sep2016",
    "contentGroup": "resource-library"
  },
  {
    "source": "SFDC",
    "category": [
      "categoryTrainingMaterial"
    ],
    "resources": {
      "vn": {
        "indicator": "New",
        "title": "Hiến chương khách hàng",
        "thumbnailLocalUri": "/var/mobile/Containers/Data/Application/9A37012E-FB2D-48BC-BAD7-36C69C824B9B/Documents/cache/contentCatalog/vn/hienchuongkhachhang_03mar2012_thumbnail.png",
        "isExistsInBundle": false,
        "size": 946769,
        "description": "Hiến chương khách hàng khái quát những quyền lợi và nghĩa vụ của Khách hàng khi quyết định mua Hợp đồng bảo hiểm của Manulife Việt Nam, đồng thời giúp Khách hàng nhận biết và hiểu rõ về các dịch vụ cơ bản mà Công ty cung cấp cho Khách hàng.",
        "fileSize": 946769,
        "features": [],
        "localUri": "/var/mobile/Containers/Data/Application/9A37012E-FB2D-48BC-BAD7-36C69C824B9B/Documents/cache/contentCatalog/vn/hienchuongkhachhang_03mar2012.pdf"
      },
      "en": {
        "indicator": "UpToDate",
        "title": "Client Charter",
        "thumbnailLocalUri": "/var/mobile/Containers/Data/Application/9A37012E-FB2D-48BC-BAD7-36C69C824B9B/Documents/cache/contentCatalog/en/hienchuongkhachhang_03mar2012_thumbnail.png",
        "isExistsInBundle": false,
        "size": 946769,
        "description": "Customer Charter generates the rights and obligations of the customer when deciding to purchase the policy of Manulife Vietnam and at the same time, helps the customer to recognize and understand the basic services provided by the Company. Customer.",
        "fileSize": 946769,
        "features": [],
        "localUri": "/var/mobile/Containers/Data/Application/9A37012E-FB2D-48BC-BAD7-36C69C824B9B/Documents/cache/contentCatalog/en/hienchuongkhachhang_03mar2012.pdf"
      }
    },
    "contentType": "application/pdf",
    "goals": [],
    "documentId": "hienchuongkhachhang_03mar2012",
    "contentGroup": "resource-library"
  },
  {
    "source": "SFDC",
    "category": [
      "categoryOthers"
    ],
    "resources": {
      "vn": {
        "indicator": "New",
        "title": "Báo cáo thường niên sản phẩm bảo hiểm liên kết chung 2016",
        "thumbnailLocalUri": "/var/mobile/Containers/Data/Application/9A37012E-FB2D-48BC-BAD7-36C69C824B9B/Documents/cache/contentCatalog/vn/bao_cao_thuong_nien_sp_bao_hiem_lien_ket_chung2016_thumbnail.png",
        "isExistsInBundle": false,
        "size": 2875178,
        "description": "Tiếp nối thành công của những năm trước, Công ty TNHH Manulife (Việt Nam) (“Manulife Việt Nam”) tiếp tục đạt được những kết quả vô cùng ấn tượượng trong năm nay.",
        "fileSize": 2875178,
        "features": [],
        "localUri": "/var/mobile/Containers/Data/Application/9A37012E-FB2D-48BC-BAD7-36C69C824B9B/Documents/cache/contentCatalog/vn/bao_cao_thuong_nien_sp_bao_hiem_lien_ket_chung2016.pdf"
      },
      "en": {
        "indicator": "UpToDate",
        "title": "Annual General All-Purpose Insurance 2016",
        "thumbnailLocalUri": "/var/mobile/Containers/Data/Application/9A37012E-FB2D-48BC-BAD7-36C69C824B9B/Documents/cache/contentCatalog/en/bao_cao_thuong_nien_sp_bao_hiem_lien_ket_chung2016_thumbnail.png",
        "isExistsInBundle": false,
        "size": 2875178,
        "description": "Following successes in previous years, Manulife Vietnam (Manulife Vietnam) Ltd. has continued to receive the most prestigious awards this year.",
        "fileSize": 2875178,
        "features": [],
        "localUri": "/var/mobile/Containers/Data/Application/9A37012E-FB2D-48BC-BAD7-36C69C824B9B/Documents/cache/contentCatalog/en/bao_cao_thuong_nien_sp_bao_hiem_lien_ket_chung2016.pdf"
      }
    },
    "contentType": "application/pdf",
    "goals": [],
    "documentId": "bao_cao_thuong_nien_sp_bao_hiem_lien_ket_chung2016",
    "contentGroup": "resource-library"
  },
  {
    "source": "SFDC",
    "category": [
      "Life",
      "Health",
      "Retire"
    ],
    "resources": {
      "vn": {
        "indicator": "New",
        "title": "Manulife - Cuộc Sống Tươi Đẹp",
        "thumbnailLocalUri": "/var/mobile/Containers/Data/Application/9A37012E-FB2D-48BC-BAD7-36C69C824B9B/Documents/cache/contentCatalog/vn/2017_ci_endowment_thumbnail.png",
        "isExistsInBundle": false,
        "size": 0,
        "description": "Bình An Vui Sống",
        "fileSize": 0,
        "features": [
          "Phí ngắn hạn, bảo vệ trọn đời",
          "Đồng hành qua 3 giai đoạn bệnh",
          "Quyền lợi tiền mặt đặc biệt",
          "Quyền lợi đáo hạn hấp dẫn"
        ],
        "localUri": "/var/mobile/Containers/Data/Application/9A37012E-FB2D-48BC-BAD7-36C69C824B9B/Documents/cache/contentCatalog/vn/2017_ci_endowment.pdf"
      },
      "en": {
        "indicator": "UpToDate",
        "title": "2017 CI Endowment",
        "thumbnailLocalUri": "/var/mobile/Containers/Data/Application/9A37012E-FB2D-48BC-BAD7-36C69C824B9B/Documents/cache/contentCatalog/en/2017_ci_endowment_thumbnail.png",
        "isExistsInBundle": false,
        "size": 0,
        "description": "description1",
        "fileSize": 891752,
        "features": [
          "bullet1",
          "bullet2",
          "bullet3",
          "bullet4"
        ],
        "localUri": "/var/mobile/Containers/Data/Application/9A37012E-FB2D-48BC-BAD7-36C69C824B9B/Documents/cache/contentCatalog/en/2017_ci_endowment.pdf"
      }
    },
    "contentType": "application/pdf",
    "goals": [
      "icon-life-protection",
      "icon-health-protection",
      "icon-prepare-for-retirement"
    ],
    "documentId": "2017_ci_endowment",
    "contentGroup": "product"
  },
  {
    "source": "SFDC",
    "category": [
      "Life",
      "Educate"
    ],
    "resources": {
      "vn": {
        "indicator": "New",
        "title": "Manulife - Chắp Cánh Tương Lai",
        "thumbnailLocalUri": "/var/mobile/Containers/Data/Application/9A37012E-FB2D-48BC-BAD7-36C69C824B9B/Documents/cache/contentCatalog/vn/2017_education_thumbnail.png",
        "isExistsInBundle": false,
        "size": 0,
        "description": "Trên từng chặng đường học vấn",
        "fileSize": 0,
        "features": [
          "Quỹ học vấn hấp dẫn",
          "Món quà ghi dấu thành tích",
          "Hỗ trợ gia đình trước rủi ro",
          "Bảo vệ mẹ & con từ trong thai kỳ"
        ],
        "localUri": "/var/mobile/Containers/Data/Application/9A37012E-FB2D-48BC-BAD7-36C69C824B9B/Documents/cache/contentCatalog/vn/2017_education.pdf"
      },
      "en": {
        "indicator": "UpToDate",
        "title": "2017 Education",
        "thumbnailLocalUri": "/var/mobile/Containers/Data/Application/9A37012E-FB2D-48BC-BAD7-36C69C824B9B/Documents/cache/contentCatalog/en/2017_education_thumbnail.png",
        "isExistsInBundle": false,
        "size": 0,
        "description": "Life Education",
        "fileSize": 891752,
        "features": [
          "bullet1",
          "bullet2",
          "bullet3",
          "bullet4",
          "bullet5"
        ],
        "localUri": "/var/mobile/Containers/Data/Application/9A37012E-FB2D-48BC-BAD7-36C69C824B9B/Documents/cache/contentCatalog/en/2017_education.pdf"
      }
    },
    "contentType": "application/pdf",
    "goals": [
      "icon-health-protection",
      "icon-save-for-children-education"
    ],
    "documentId": "2017_education",
    "contentGroup": "product"
  },
  {
    "source": "SFDC",
    "category": [],
    "resources": {
      "vn": {
        "indicator": "New",
        "title": "matrix",
        "thumbnailLocalUri": "/var/mobile/Containers/Data/Application/9A37012E-FB2D-48BC-BAD7-36C69C824B9B/Documents/cache/contentCatalog/vn/matrix_product_goals_thumbnail.png",
        "isExistsInBundle": false,
        "size": 0,
        "description": "matrix json",
        "fileSize": 0,
        "features": [],
        "localUri": "./assets/dummy/matrixGoals.json"
      },
      "en": {
        "indicator": "New",
        "title": "matrix",
        "thumbnailLocalUri": "/var/mobile/Containers/Data/Application/9A37012E-FB2D-48BC-BAD7-36C69C824B9B/Documents/cache/contentCatalog/en/matrix_product_goals_thumbnail.png",
        "isExistsInBundle": false,
        "size": 0,
        "description": "matrix json",
        "fileSize": 0,
        "features": [],
        "localUri": "./assets/dummy/matrixGoals.json"
      }
    },
    "contentType": "application/json",
    "goals": [],
    "documentId": "matrix_product_goals",
    "contentGroup": "matrix"
  }
]