[
  {
    "photoLastSyncDate": "20180801080201",
    "isDeleted": "",
    "photoUri": "",
    "isDirty": "",
    "amountOfCoverage": "",
    "photoModifiedDate": "20180716115141",
    "lastAccessedDate": "",
    "customerId": "0fa43f49-ae30-a475-b5a1-b9889376cce2",
    "syncStatus": "Success",
    "SoupEntryId": 1,
    "photoSyncStatus": "Success",
    "agentId": "lam35",
    "customerData": {
      "phoneNumber": "1234556",
      "lastName": "Test",
      "areaCode": "0220",
      "existingPolicy": false,
      "title": "Mr.",
      "amountOfCoverage": null,
      "dob": "19901212",
      "customerJourneyStatus": "03",
      "maritalStatus": "Married",
      "lastAccessedDate": null,
      "countryCode": "+84",
      "customerId": "0fa43f49-ae30-a475-b5a1-b9889376cce2",
      "agentId": "lam35",
      "occupation": {
        "id": "252",
        "display": null,
        "description": null
      },
      "gender": "Male",
      "email": "d@d.c",
      "dependents": [],
      "middleName": null,
      "customerImage": null,
      "firstName": "Scenario one",
      "age": "27",
      "goals": [
        {
          "goalId": "SavingsAndInvestment",
          "calculatorResults": "[]",
          "rank": null
        },
        {
          "goalId": "ChildEducation",
          "calculatorResults": "[]",
          "rank": null
        },
        {
          "goalId": "Retirement",
          "calculatorResults": "[]",
          "rank": null
        },
        {
          "goalId": "HealthProtection",
          "calculatorResults": "[]",
          "rank": null
        },
        {
          "goalId": "IncomeProtection",
          "calculatorResults": "[]",
          "rank": null
        },
        {
          "goalId": "FutureValue",
          "calculatorResults": "[]",
          "rank": null
        },
        {
          "goalId": "RiskProfileQuestionnaire",
          "calculatorResults": "[{\"currentCash\":80000,\"numYears\":24,\"inflationRate\":8,\"futureCost\":\"507294.4589792092\",\"futureValue\":\"12615.946984475728\",\"projectionTable\":[{\"cost\":\"80000\",\"value\":\"80000\"},{\"cost\":\"86400\",\"value\":\"74074.07407407407\"},{\"cost\":\"93312.00000000001\",\"value\":\"68587.10562414266\"},{\"cost\":\"100776.96\",\"value\":\"63506.579281613565\"},{\"cost\":\"108839.11680000002\",\"value\":\"58802.38822371626\"},{\"cost\":\"117546.24614400003\",\"value\":\"54446.65576270024\"},{\"cost\":\"126949.94583552005\",\"value\":\"50413.57015064837\"},{\"cost\":\"137105.94150236165\",\"value\":\"46679.231620970706\"},{\"cost\":\"148074.4168225506\",\"value\":\"43221.51076015806\"},{\"cost\":\"159920.37016835465\",\"value\":\"40019.91737051672\"},{\"cost\":\"172713.99978182302\",\"value\":\"37055.47904677474\"},{\"cost\":\"186531.11976436886\",\"value\":\"34310.62874701365\"},{\"cost\":\"201453.6093455184\",\"value\":\"31769.1006916793\"},{\"cost\":\"217569.89809315986\",\"value\":\"29415.83397377713\"},{\"cost\":\"234975.4899406127\",\"value\":\"27236.883309052893\"},{\"cost\":\"253773.52913586173\",\"value\":\"25219.336397271196\"},{\"cost\":\"274075.41146673064\",\"value\":\"23351.23740488074\"},{\"cost\":\"296001.4443840691\",\"value\":\"21621.51611563031\"},{\"cost\":\"319681.55993479467\",\"value\":\"20019.922329287325\"},{\"cost\":\"345256.0847295783\",\"value\":\"18536.965119710483\"},{\"cost\":\"372876.5715079445\",\"value\":\"17163.856592324522\"},{\"cost\":\"402706.6972285801\",\"value\":\"15892.459807707892\"},{\"cost\":\"434923.2330068666\",\"value\":\"14715.24056269249\"},{\"cost\":\"469717.0916474159\",\"value\":\"13625.222743233786\"},{\"cost\":\"507294.4589792092\",\"value\":\"12615.946984475728\"},{\"cost\":\"547878.015697546\",\"value\":\"11681.43239303308\"},{\"cost\":\"591708.2569533496\",\"value\":\"10816.14110466026\"},{\"cost\":\"639044.9175096176\",\"value\":\"10014.945467278018\"},{\"cost\":\"690168.510910387\",\"value\":\"9273.097654887053\"},{\"cost\":\"745381.991783218\",\"value\":\"8586.201532302826\"},{\"cost\":\"805012.5511258756\",\"value\":\"7950.186603984098\"},{\"cost\":\"869413.5552159457\",\"value\":\"7361.283892577868\"},{\"cost\":\"938966.6396332214\",\"value\":\"6816.0036042387665\"},{\"cost\":\"1014083.9708038791\",\"value\":\"6311.114448369228\"},{\"cost\":\"1095210.6884681894\",\"value\":\"5843.624489230767\"},{\"cost\":\"1182827.5435456447\",\"value\":\"5410.763415954413\"},{\"cost\":\"1277453.7470292966\",\"value\":\"5009.966125883715\"},{\"cost\":\"1379650.0467916403\",\"value\":\"4638.857523966402\"},{\"cost\":\"1490022.0505349715\",\"value\":\"4295.238448117039\"},{\"cost\":\"1609223.8145777693\",\"value\":\"3977.0726371454066\"},{\"cost\":\"1737961.719743991\",\"value\":\"3682.4746640235244\"},{\"cost\":\"1876998.6573235104\",\"value\":\"3409.6987629847445\"},{\"cost\":\"2027158.549909391\",\"value\":\"3157.128484245134\"},{\"cost\":\"2189331.2339021424\",\"value\":\"2923.267115041791\"},{\"cost\":\"2364477.732614314\",\"value\":\"2706.72881022388\"},{\"cost\":\"2553635.951223459\",\"value\":\"2506.230379836926\"},{\"cost\":\"2757926.8273213366\",\"value\":\"2320.5836850341902\"},{\"cost\":\"2978560.973507044\",\"value\":\"2148.68859725388\"},{\"cost\":\"3216845.8513876065\",\"value\":\"1989.5264789387777\"},{\"cost\":\"3474193.5194986155\",\"value\":\"1842.1541471655348\"}]}]",
          "rank": null
        }
      ],
      "referrals": [],
      "homeAddress": {
        "district": null,
        "areaCode": null,
        "ward": null,
        "province": null,
        "countryCode": "+84",
        "streetNumber": null,
        "phoneNumber": null
      },
      "officeAddress": {
        "district": null,
        "areaCode": null,
        "ward": null,
        "province": null,
        "countryCode": "+84",
        "streetNumber": null,
        "phoneNumber": null
      },
      "fnaSummarys": [
        {
          "metadata": "{\"goals\":[\"SavingsAndInvestment\",\"ChildEducation\",\"Retirement\",\"HealthProtection\",\"IncomeProtection\",\"FutureValue\",\"RiskProfileQuestionnaire\"]}",
          "lastModifiedDate": "1531739789000",
          "url": "/servlet/servlet.FileDownload?file=00P3D000001OFhoUAG",
          "name": "fnaReport_20180716084001.pdf",
          "reportGeneratedDate": "20180716084001"
        }
      ],
      "address": null
    },
    "occupation": "",
    "lastModifiedDate": "20180716185131",
    "email": "",
    "middleName": "",
    "firstName": "",
    "age": "",
    "photo": "",
    "dependentOccupation": "",
    "lastName": "",
    "phoneNumber": ""
  },
  {
    "photoLastSyncDate": "20180801080202",
    "isDeleted": 0,
    "photoUri": "",
    "isDirty": 0,
    "amountOfCoverage": "",
    "photoModifiedDate": "20180726100444",
    "lastAccessedDate": "20180802130811",
    "customerId": "1116a53c-c16b-6ad4-30c8-b3f6b8b586c2",
    "syncStatus": "Success",
    "SoupEntryId": 2,
    "photoSyncStatus": "Success",
    "agentId": "lam35",
    "customerData": {
      "officeAddress": {
        "areaCode": null,
        "countryCode": "+84",
        "streetNumber": "",
        "phoneNumber": null
      },
      "areaCode": "0204",
      "existingPolicy": false,
      "title": "Ms.",
      "dob": "19810101",
      "customerJourneyStatus": "03",
      "maritalStatus": "Single",
      "lastAccessedDate": "20180802130811",
      "countryCode": "+84",
      "customerId": "1116a53c-c16b-6ad4-30c8-b3f6b8b586c2",
      "agentId": "lam35",
      "occupation": {
        "id": "308",
        "transId": "OCC0308",
        "description": ""
      },
      "dependents": [
        {
          "gender": "Male",
          "firstName": "Insured",
          "id": "aa7ec8cc-17d0-0226-75eb-4d818dba692b",
          "age": "36",
          "dob": "19811231",
          "middleName": "",
          "title": "Mr.",
          "relationship": "Spouse",
          "occupation": {
            "id": "504",
            "display": "Báo chí - Phóng viên làm việc trong nước",
            "description": ""
          },
          "lastName": "Dg"
        },
        {
          "gender": "Male",
          "firstName": "ChildOne",
          "id": "db44c0e4-614f-64c0-8fa2-229150dc0842",
          "age": "2",
          "dob": "20160101",
          "middleName": "",
          "title": "Mr.",
          "relationship": "Child",
          "occupation": {
            "id": "554",
            "display": "Lâm nghiệp - Khai thác gỗ/Kiểm lâm",
            "description": ""
          },
          "lastName": "Dg"
        }
      ],
      "email": "dvu9@csc.com",
      "gender": "Female",
      "middleName": "",
      "firstName": "Test",
      "age": "37",
      "goals": [
        {
          "rank": null,
          "goalId": "Retirement",
          "calculatorResults": "[]"
        },
        {
          "rank": null,
          "goalId": "IncomeProtection",
          "calculatorResults": "[]"
        },
        {
          "rank": null,
          "goalId": "HealthProtection",
          "calculatorResults": "[]"
        },
        {
          "rank": null,
          "goalId": "SavingsAndInvestment",
          "calculatorResults": "[]"
        },
        {
          "rank": null,
          "goalId": "ChildEducation",
          "calculatorResults": "[]"
        },
        {
          "rank": null,
          "goalId": "FutureValue",
          "calculatorResults": "[{\"currentCash\":80000,\"numYears\":24,\"inflationRate\":8,\"futureCost\":\"507294.4589792092\",\"futureValue\":\"12615.946984475728\",\"projectionTable\":[{\"cost\":\"80000\",\"value\":\"80000\"},{\"cost\":\"86400\",\"value\":\"74074.07407407407\"},{\"cost\":\"93312.00000000001\",\"value\":\"68587.10562414266\"},{\"cost\":\"100776.96\",\"value\":\"63506.579281613565\"},{\"cost\":\"108839.11680000002\",\"value\":\"58802.38822371626\"},{\"cost\":\"117546.24614400003\",\"value\":\"54446.65576270024\"},{\"cost\":\"126949.94583552005\",\"value\":\"50413.57015064837\"},{\"cost\":\"137105.94150236165\",\"value\":\"46679.231620970706\"},{\"cost\":\"148074.4168225506\",\"value\":\"43221.51076015806\"},{\"cost\":\"159920.37016835465\",\"value\":\"40019.91737051672\"},{\"cost\":\"172713.99978182302\",\"value\":\"37055.47904677474\"},{\"cost\":\"186531.11976436886\",\"value\":\"34310.62874701365\"},{\"cost\":\"201453.6093455184\",\"value\":\"31769.1006916793\"},{\"cost\":\"217569.89809315986\",\"value\":\"29415.83397377713\"},{\"cost\":\"234975.4899406127\",\"value\":\"27236.883309052893\"},{\"cost\":\"253773.52913586173\",\"value\":\"25219.336397271196\"},{\"cost\":\"274075.41146673064\",\"value\":\"23351.23740488074\"},{\"cost\":\"296001.4443840691\",\"value\":\"21621.51611563031\"},{\"cost\":\"319681.55993479467\",\"value\":\"20019.922329287325\"},{\"cost\":\"345256.0847295783\",\"value\":\"18536.965119710483\"},{\"cost\":\"372876.5715079445\",\"value\":\"17163.856592324522\"},{\"cost\":\"402706.6972285801\",\"value\":\"15892.459807707892\"},{\"cost\":\"434923.2330068666\",\"value\":\"14715.24056269249\"},{\"cost\":\"469717.0916474159\",\"value\":\"13625.222743233786\"},{\"cost\":\"507294.4589792092\",\"value\":\"12615.946984475728\"},{\"cost\":\"547878.015697546\",\"value\":\"11681.43239303308\"},{\"cost\":\"591708.2569533496\",\"value\":\"10816.14110466026\"},{\"cost\":\"639044.9175096176\",\"value\":\"10014.945467278018\"},{\"cost\":\"690168.510910387\",\"value\":\"9273.097654887053\"},{\"cost\":\"745381.991783218\",\"value\":\"8586.201532302826\"},{\"cost\":\"805012.5511258756\",\"value\":\"7950.186603984098\"},{\"cost\":\"869413.5552159457\",\"value\":\"7361.283892577868\"},{\"cost\":\"938966.6396332214\",\"value\":\"6816.0036042387665\"},{\"cost\":\"1014083.9708038791\",\"value\":\"6311.114448369228\"},{\"cost\":\"1095210.6884681894\",\"value\":\"5843.624489230767\"},{\"cost\":\"1182827.5435456447\",\"value\":\"5410.763415954413\"},{\"cost\":\"1277453.7470292966\",\"value\":\"5009.966125883715\"},{\"cost\":\"1379650.0467916403\",\"value\":\"4638.857523966402\"},{\"cost\":\"1490022.0505349715\",\"value\":\"4295.238448117039\"},{\"cost\":\"1609223.8145777693\",\"value\":\"3977.0726371454066\"},{\"cost\":\"1737961.719743991\",\"value\":\"3682.4746640235244\"},{\"cost\":\"1876998.6573235104\",\"value\":\"3409.6987629847445\"},{\"cost\":\"2027158.549909391\",\"value\":\"3157.128484245134\"},{\"cost\":\"2189331.2339021424\",\"value\":\"2923.267115041791\"},{\"cost\":\"2364477.732614314\",\"value\":\"2706.72881022388\"},{\"cost\":\"2553635.951223459\",\"value\":\"2506.230379836926\"},{\"cost\":\"2757926.8273213366\",\"value\":\"2320.5836850341902\"},{\"cost\":\"2978560.973507044\",\"value\":\"2148.68859725388\"},{\"cost\":\"3216845.8513876065\",\"value\":\"1989.5264789387777\"},{\"cost\":\"3474193.5194986155\",\"value\":\"1842.1541471655348\"}]}]"
        }
      ],
      "referrals": [],
      "homeAddress": {
        "areaCode": null,
        "countryCode": "+84",
        "streetNumber": "",
        "phoneNumber": null
      },
      "phoneNumber": "1234567",
      "address": null,
      "lastName": "Dg"
    },
    "occupation": {
      "id": "308",
      "transId": "OCC0308",
      "description": ""
    },
    "lastModifiedDate": "20180726170438",
    "email": "",
    "middleName": "",
    "firstName": "",
    "age": "",
    "photo": "",
    "dependentOccupation": {
      "aa7ec8cc-17d0-0226-75eb-4d818dba692b": {
        "id": "504",
        "transId": "OCC0504",
        "description": ""
      },
      "db44c0e4-614f-64c0-8fa2-229150dc0842": {
        "id": "554",
        "transId": "OCC0554",
        "description": ""
      }
    },
    "lastName": "",
    "phoneNumber": ""
  },
  {
    "photoLastSyncDate": "20180801080202",
    "isDeleted": "",
    "photoUri": "",
    "isDirty": "",
    "amountOfCoverage": "",
    "photoModifiedDate": "20180716111600",
    "lastAccessedDate": "",
    "customerId": "25a74829-00ca-3324-542b-ff85560b17f9",
    "syncStatus": "Success",
    "SoupEntryId": 3,
    "photoSyncStatus": "Success",
    "agentId": "lam35",
    "customerData": {
      "phoneNumber": "2345567",
      "lastName": "Test",
      "areaCode": "0204",
      "existingPolicy": false,
      "title": "Mr.",
      "amountOfCoverage": null,
      "dob": "19841212",
      "customerJourneyStatus": "02",
      "maritalStatus": "Married",
      "lastAccessedDate": null,
      "countryCode": "+84",
      "customerId": "25a74829-00ca-3324-542b-ff85560b17f9",
      "agentId": "lam35",
      "occupation": {
        "id": "517",
        "display": null,
        "description": null
      },
      "gender": "Male",
      "email": "ccc@ddr.ccncn",
      "dependents": [],
      "middleName": "Scenario",
      "customerImage": null,
      "firstName": "Mot",
      "age": "33",
      "goals": [
        {
          "goalId": "SavingsAndInvestment",
          "calculatorResults": "[]",
          "rank": null
        },
        {
          "goalId": "ChildEducation",
          "calculatorResults": "[]",
          "rank": null
        },
        {
          "goalId": "Retirement",
          "calculatorResults": "[]",
          "rank": null
        },
        {
          "goalId": "IncomeProtection",
          "calculatorResults": "[]",
          "rank": null
        },
        {
          "goalId": "HealthProtection",
          "calculatorResults": "[]",
          "rank": null
        },
        {
          "goalId": "FutureValue",
          "calculatorResults": "[]",
          "rank": null
        },
        {
          "goalId": "RiskProfileQuestionnaire",
          "calculatorResults": "[{\"currentCash\":80000,\"numYears\":24,\"inflationRate\":8,\"futureCost\":\"507294.4589792092\",\"futureValue\":\"12615.946984475728\",\"projectionTable\":[{\"cost\":\"80000\",\"value\":\"80000\"},{\"cost\":\"86400\",\"value\":\"74074.07407407407\"},{\"cost\":\"93312.00000000001\",\"value\":\"68587.10562414266\"},{\"cost\":\"100776.96\",\"value\":\"63506.579281613565\"},{\"cost\":\"108839.11680000002\",\"value\":\"58802.38822371626\"},{\"cost\":\"117546.24614400003\",\"value\":\"54446.65576270024\"},{\"cost\":\"126949.94583552005\",\"value\":\"50413.57015064837\"},{\"cost\":\"137105.94150236165\",\"value\":\"46679.231620970706\"},{\"cost\":\"148074.4168225506\",\"value\":\"43221.51076015806\"},{\"cost\":\"159920.37016835465\",\"value\":\"40019.91737051672\"},{\"cost\":\"172713.99978182302\",\"value\":\"37055.47904677474\"},{\"cost\":\"186531.11976436886\",\"value\":\"34310.62874701365\"},{\"cost\":\"201453.6093455184\",\"value\":\"31769.1006916793\"},{\"cost\":\"217569.89809315986\",\"value\":\"29415.83397377713\"},{\"cost\":\"234975.4899406127\",\"value\":\"27236.883309052893\"},{\"cost\":\"253773.52913586173\",\"value\":\"25219.336397271196\"},{\"cost\":\"274075.41146673064\",\"value\":\"23351.23740488074\"},{\"cost\":\"296001.4443840691\",\"value\":\"21621.51611563031\"},{\"cost\":\"319681.55993479467\",\"value\":\"20019.922329287325\"},{\"cost\":\"345256.0847295783\",\"value\":\"18536.965119710483\"},{\"cost\":\"372876.5715079445\",\"value\":\"17163.856592324522\"},{\"cost\":\"402706.6972285801\",\"value\":\"15892.459807707892\"},{\"cost\":\"434923.2330068666\",\"value\":\"14715.24056269249\"},{\"cost\":\"469717.0916474159\",\"value\":\"13625.222743233786\"},{\"cost\":\"507294.4589792092\",\"value\":\"12615.946984475728\"},{\"cost\":\"547878.015697546\",\"value\":\"11681.43239303308\"},{\"cost\":\"591708.2569533496\",\"value\":\"10816.14110466026\"},{\"cost\":\"639044.9175096176\",\"value\":\"10014.945467278018\"},{\"cost\":\"690168.510910387\",\"value\":\"9273.097654887053\"},{\"cost\":\"745381.991783218\",\"value\":\"8586.201532302826\"},{\"cost\":\"805012.5511258756\",\"value\":\"7950.186603984098\"},{\"cost\":\"869413.5552159457\",\"value\":\"7361.283892577868\"},{\"cost\":\"938966.6396332214\",\"value\":\"6816.0036042387665\"},{\"cost\":\"1014083.9708038791\",\"value\":\"6311.114448369228\"},{\"cost\":\"1095210.6884681894\",\"value\":\"5843.624489230767\"},{\"cost\":\"1182827.5435456447\",\"value\":\"5410.763415954413\"},{\"cost\":\"1277453.7470292966\",\"value\":\"5009.966125883715\"},{\"cost\":\"1379650.0467916403\",\"value\":\"4638.857523966402\"},{\"cost\":\"1490022.0505349715\",\"value\":\"4295.238448117039\"},{\"cost\":\"1609223.8145777693\",\"value\":\"3977.0726371454066\"},{\"cost\":\"1737961.719743991\",\"value\":\"3682.4746640235244\"},{\"cost\":\"1876998.6573235104\",\"value\":\"3409.6987629847445\"},{\"cost\":\"2027158.549909391\",\"value\":\"3157.128484245134\"},{\"cost\":\"2189331.2339021424\",\"value\":\"2923.267115041791\"},{\"cost\":\"2364477.732614314\",\"value\":\"2706.72881022388\"},{\"cost\":\"2553635.951223459\",\"value\":\"2506.230379836926\"},{\"cost\":\"2757926.8273213366\",\"value\":\"2320.5836850341902\"},{\"cost\":\"2978560.973507044\",\"value\":\"2148.68859725388\"},{\"cost\":\"3216845.8513876065\",\"value\":\"1989.5264789387777\"},{\"cost\":\"3474193.5194986155\",\"value\":\"1842.1541471655348\"}]}]",
          "rank": null
        }
      ],
      "referrals": [],
      "homeAddress": {
        "district": null,
        "areaCode": null,
        "ward": null,
        "province": null,
        "countryCode": "+84",
        "streetNumber": null,
        "phoneNumber": null
      },
      "officeAddress": {
        "district": null,
        "areaCode": null,
        "ward": null,
        "province": null,
        "countryCode": "+84",
        "streetNumber": null,
        "phoneNumber": null
      },
      "fnaSummarys": null,
      "address": null
    },
    "occupation": "",
    "lastModifiedDate": "20180716153626",
    "email": "",
    "middleName": "",
    "firstName": "",
    "age": "",
    "photo": "",
    "dependentOccupation": "",
    "lastName": "",
    "phoneNumber": ""
  },
  {
    "photoLastSyncDate": "",
    "isDeleted": "",
    "photoUri": "",
    "isDirty": "",
    "amountOfCoverage": "",
    "photoModifiedDate": "",
    "lastAccessedDate": "",
    "customerId": "38e10382-5597-e0e9-7551-a86a5fac4fa3",
    "syncStatus": "Success",
    "SoupEntryId": 4,
    "photoSyncStatus": "",
    "agentId": "lam35",
    "customerData": {
      "phoneNumber": "9847373",
      "lastName": "Nguyen",
      "goals": [
        {
          "calculatorResults": "[{\"currentAge\":30,\"targetAge\":65,\"targetAmount\":0,\"currentAsset\":0,\"rateOfReturn\":0,\"yearWait\":0,\"inflationRate\":0,\"rateOfReturnMax\":30,\"inflationRateMax\":20,\"shortfallFlag\":\"P\",\"targetAmountAfterInflation\":0,\"savingsAccumulation\":0,\"requiredAmount\":0,\"monthlySaving\":0}]",
          "rank": null,
          "goalId": "SavingsAndInvestment"
        },
        {
          "calculatorResults": "[{\"childAge\":6,\"childAgeFund\":[6,12,15,18],\"childCost\":[0,0,0,0],\"childEduYears\":[5,4,3,4],\"educationInflation\":20,\"incrementalGain\":5,\"fundsRequired\":0,\"todaysSavings\":0,\"yearsOfSaving\":5,\"deficit\":0,\"monthlySavingRequired\":0}]",
          "rank": null,
          "goalId": "ChildEducation"
        },
        {
          "calculatorResults": "[]",
          "rank": null,
          "goalId": "Retirement"
        },
        {
          "calculatorResults": "[{\"currentExpenditure\":[0,0],\"deathOf\":[1,0],\"familyExpenditure\":0,\"mortageFund\":[10200000,0],\"mortgageFundDetail\":[],\"otherDebts\":[0,0],\"outstandingDebtDetail\":[],\"educationFunds\":[8350000,0],\"educationFundDetail\":[],\"otherExpenses\":[0,0],\"otherExpensesDetail\":[],\"finalExpenses\":[330000,0],\"monthsNotWorking\":4,\"emergencyFund\":[0,0],\"immediateNeeds\":18880000,\"householdIncomeAmount\":0,\"incomeSources\":0,\"shortfall\":0,\"futureIncomeAmount\":0,\"householdIncome\":100,\"otherIncome\":0,\"futureIncomeYears\":20,\"inflationRate\":3,\"rateOfReturn\":5,\"liquidableAssets\":0,\"liquidableAssetsDetail\":[],\"currentFunds\":0,\"currentFundsDetail\":[],\"fundsInHands\":0,\"sumAssuredRequired\":18880000,\"futureIncome\":0}]",
          "rank": null,
          "goalId": "IncomeProtection"
        },
        {
          "calculatorResults": "[{\"kindOfRoom\":null}]",
          "rank": null,
          "goalId": "HealthProtection"
        },
        {
          "calculatorResults": "[]",
          "rank": null,
          "goalId": "FutureValue"
        },
        {
          "calculatorResults": "[{\"currentCash\":7100000,\"numYears\":24,\"inflationRate\":8,\"futureCost\":\"45022383.23440482\",\"futureValue\":\"1119665.2948722208\",\"projectionTable\":[{\"cost\":\"7100000\",\"value\":\"7100000\"},{\"cost\":\"7668000.000000001\",\"value\":\"6574074.074074074\"},{\"cost\":\"8281440.000000001\",\"value\":\"6087105.624142661\"},{\"cost\":\"8943955.200000001\",\"value\":\"5636208.911243204\"},{\"cost\":\"9659471.616000002\",\"value\":\"5218711.954854818\"},{\"cost\":\"10432229.345280003\",\"value\":\"4832140.698939647\"},{\"cost\":\"11266807.692902405\",\"value\":\"4474204.350870042\"},{\"cost\":\"12168152.308334596\",\"value\":\"4142781.80636115\"},{\"cost\":\"13141604.493001364\",\"value\":\"3835909.0799640277\"},{\"cost\":\"14192932.852441475\",\"value\":\"3551767.666633359\"},{\"cost\":\"15328367.480636792\",\"value\":\"3288673.765401258\"},{\"cost\":\"16554636.879087737\",\"value\":\"3045068.301297461\"},{\"cost\":\"17879007.829414755\",\"value\":\"2819507.686386538\"},{\"cost\":\"19309328.455767937\",\"value\":\"2610655.2651727204\"},{\"cost\":\"20854074.732229374\",\"value\":\"2417273.3936784444\"},{\"cost\":\"22522400.71080773\",\"value\":\"2238216.1052578185\"},{\"cost\":\"24324192.767672345\",\"value\":\"2072422.3196831655\"},{\"cost\":\"26270128.18908613\",\"value\":\"1918909.5552621903\"},{\"cost\":\"28371738.444213025\",\"value\":\"1776768.1067242501\"},{\"cost\":\"30641477.519750074\",\"value\":\"1645155.6543743054\"},{\"cost\":\"33092795.721330076\",\"value\":\"1523292.2725688014\"},{\"cost\":\"35740219.379036486\",\"value\":\"1410455.8079340754\"},{\"cost\":\"38599436.929359406\",\"value\":\"1305977.5999389584\"},{\"cost\":\"41687391.883708164\",\"value\":\"1209238.5184619986\"},{\"cost\":\"45022383.23440482\",\"value\":\"1119665.2948722208\"},{\"cost\":\"48624173.89315721\",\"value\":\"1036727.1248816858\"},{\"cost\":\"52514107.804609776\",\"value\":\"959932.5230385981\"},{\"cost\":\"56715236.42897856\",\"value\":\"888826.4102209242\"},{\"cost\":\"61252455.34329685\",\"value\":\"822987.416871226\"},{\"cost\":\"66152651.7707606\",\"value\":\"762025.3859918759\"},{\"cost\":\"71444863.91242145\",\"value\":\"705579.0611035887\"},{\"cost\":\"77160453.02541518\",\"value\":\"653313.9454662858\"},{\"cost\":\"83333289.2674484\",\"value\":\"604920.3198761905\"},{\"cost\":\"89999952.40884428\",\"value\":\"560111.4072927689\"},{\"cost\":\"97199948.60155182\",\"value\":\"518621.67341923056\"},{\"cost\":\"104975944.48967597\",\"value\":\"480205.25316595414\"},{\"cost\":\"113374020.04885006\",\"value\":\"444634.4936721797\"},{\"cost\":\"122443941.65275808\",\"value\":\"411698.60525201826\"},{\"cost\":\"132239456.98497874\",\"value\":\"381202.4122703872\"},{\"cost\":\"142818613.54377702\",\"value\":\"352965.19654665486\"},{\"cost\":\"154244102.6272792\",\"value\":\"326819.6264320878\"},{\"cost\":\"166583630.83746156\",\"value\":\"302610.76521489606\"},{\"cost\":\"179910321.30445847\",\"value\":\"280195.15297675563\"},{\"cost\":\"194303147.00881514\",\"value\":\"259439.95645995895\"},{\"cost\":\"209847398.7695204\",\"value\":\"240222.18190736935\"},{\"cost\":\"226635190.671082\",\"value\":\"222427.94621052718\"},{\"cost\":\"244766005.9247686\",\"value\":\"205951.8020467844\"},{\"cost\":\"264347286.39875013\",\"value\":\"190696.1130062818\"},{\"cost\":\"285495069.3106501\",\"value\":\"176570.47500581652\"},{\"cost\":\"308334674.8555021\",\"value\":\"163491.18056094123\"}]}]",
          "rank": null,
          "goalId": "RiskProfileQuestionnaire"
        }
      ],
      "existingPolicy": false,
      "title": null,
      "amountOfCoverage": null,
      "dob": "19951212",
      "customerJourneyStatus": "03",
      "maritalStatus": "Single",
      "lastAccessedDate": null,
      "countryCode": "+84",
      "customerId": "38e10382-5597-e0e9-7551-a86a5fac4fa3",
      "agentId": "lam35",
      "occupation": {
        "id": "400",
        "display": null,
        "description": null
      },
      "gender": "Female",
      "email": "ngoc@sss.cbc",
      "dependents": [
        {
          "gender": "Female",
          "firstName": "First",
          "id": "2c711697-613d-2ea1-68df-6af22e7e8be1",
          "dob": "20161212",
          "title": null,
          "middleName": null,
          "age": "1",
          "relationship": "Child",
          "occupation": {
            "id": null,
            "display": null,
            "description": null
          },
          "lastName": "Child"
        }
      ],
      "middleName": "Bao",
      "customerImage": null,
      "firstName": "Test",
      "age": "22",
      "referrals": [],
      "officeAddress": {
        "district": null,
        "areaCode": null,
        "ward": null,
        "province": null,
        "countryCode": "+84",
        "streetNumber": null,
        "phoneNumber": null
      },
      "areaCode": "0208",
      "homeAddress": {
        "district": null,
        "areaCode": null,
        "ward": null,
        "province": null,
        "countryCode": "+84",
        "streetNumber": null,
        "phoneNumber": null
      },
      "fnaSummarys": [
        {
          "metadata": "{\"goals\":[\"SavingsAndInvestment\",\"ChildEducation\",\"Retirement\",\"IncomeProtection\",\"HealthProtection\",\"FutureValue\",\"RiskProfileQuestionnaire\"]}",
          "lastModifiedDate": "1532591456000",
          "url": "/servlet/servlet.FileDownload?file=00P3D000001OWT8UAO",
          "name": "fnaReport_20180725072248.pdf",
          "reportGeneratedDate": "20180725072248"
        },
        {
          "metadata": "{\"goals\":[\"SavingsAndInvestment\",\"ChildEducation\",\"Retirement\",\"IncomeProtection\",\"HealthProtection\",\"FutureValue\",\"RiskProfileQuestionnaire\"]}",
          "lastModifiedDate": "1531739748000",
          "url": "/servlet/servlet.FileDownload?file=00P3D000001OFhUUAW",
          "name": "fnaReport_20180716065508.pdf",
          "reportGeneratedDate": "20180716065508"
        },
        {
          "metadata": "{\"goals\":[\"SavingsAndInvestment\",\"ChildEducation\",\"Retirement\",\"IncomeProtection\",\"HealthProtection\",\"FutureValue\",\"RiskProfileQuestionnaire\"]}",
          "lastModifiedDate": "1532591364000",
          "url": "/servlet/servlet.FileDownload?file=00P3D000001OWSoUAO",
          "name": "fnaReport_20180725075846.pdf",
          "reportGeneratedDate": "20180725075846"
        }
      ],
      "address": null
    },
    "occupation": "",
    "lastModifiedDate": "20180725145838",
    "email": "",
    "middleName": "",
    "firstName": "",
    "age": "",
    "photo": "",
    "dependentOccupation": "",
    "lastName": "",
    "phoneNumber": ""
  },
  {
    "photoLastSyncDate": "",
    "isDeleted": "",
    "photoUri": "",
    "isDirty": "",
    "amountOfCoverage": "",
    "photoModifiedDate": "",
    "lastAccessedDate": "",
    "customerId": "48170416-8783-564e-84ce-28d8919d6649",
    "syncStatus": "Success",
    "SoupEntryId": 5,
    "photoSyncStatus": "",
    "agentId": "lam35",
    "customerData": {
      "phoneNumber": "1234567890",
      "lastName": "A",
      "goals": [
        {
          "calculatorResults": "[]",
          "rank": null,
          "goalId": "ChildEducation"
        },
        {
          "calculatorResults": "[]",
          "rank": null,
          "goalId": "SavingsAndInvestment"
        },
        {
          "calculatorResults": "[{\"currentExpenditure\":[140000,20000],\"deathOf\":[1,0],\"familyExpenditure\":160000,\"mortageFund\":[4650000,0],\"mortgageFundDetail\":[],\"otherDebts\":[0,0],\"outstandingDebtDetail\":[],\"educationFunds\":[1300000,0],\"educationFundDetail\":[],\"otherExpenses\":[0,0],\"otherExpensesDetail\":[],\"finalExpenses\":[0,0],\"monthsNotWorking\":4,\"emergencyFund\":[640000,0],\"immediateNeeds\":6590000,\"householdIncomeAmount\":160000,\"incomeSources\":20000,\"shortfall\":140000,\"futureIncomeAmount\":0,\"householdIncome\":100,\"otherIncome\":0,\"futureIncomeYears\":20,\"inflationRate\":3,\"rateOfReturn\":5,\"liquidableAssets\":0,\"liquidableAssetsDetail\":[],\"currentFunds\":0,\"currentFundsDetail\":[],\"fundsInHands\":0,\"sumAssuredRequired\":34751878.1605317,\"futureIncome\":28161878.1605317}]",
          "rank": null,
          "goalId": "IncomeProtection"
        },
        {
          "calculatorResults": "[]",
          "rank": null,
          "goalId": "Retirement"
        },
        {
          "calculatorResults": "[]",
          "rank": null,
          "goalId": "HealthProtection"
        },
        {
          "calculatorResults": "[]",
          "rank": null,
          "goalId": "FutureValue"
        }
      ],
      "existingPolicy": false,
      "title": null,
      "amountOfCoverage": null,
      "dob": "19930202",
      "customerJourneyStatus": "03",
      "maritalStatus": null,
      "lastAccessedDate": null,
      "countryCode": "+84",
      "customerId": "48170416-8783-564e-84ce-28d8919d6649",
      "agentId": "lam35",
      "occupation": {
        "id": "505",
        "display": null,
        "description": null
      },
      "gender": "Male",
      "email": "vnguyen64@csc.com",
      "dependents": [
        {
          "gender": "Female",
          "firstName": "Dependent",
          "id": "14f745bb-ed8f-d195-29d0-e4256f26c388",
          "dob": "19810609",
          "title": null,
          "middleName": null,
          "age": "37",
          "relationship": "Daughter-in-law/Son-in-law",
          "occupation": {
            "id": "504",
            "display": null,
            "description": null
          },
          "lastName": "A"
        },
        {
          "gender": "Male",
          "firstName": "Insured",
          "id": "34022bd6-5f4e-a505-2221-c9d777af6234",
          "dob": "19950613",
          "title": null,
          "middleName": null,
          "age": "23",
          "relationship": "Spouse",
          "occupation": {
            "id": "505",
            "display": null,
            "description": null
          },
          "lastName": "A"
        }
      ],
      "middleName": null,
      "customerImage": null,
      "firstName": "Owner",
      "age": "25",
      "referrals": [],
      "officeAddress": {
        "district": null,
        "areaCode": null,
        "ward": null,
        "province": null,
        "countryCode": "+84",
        "streetNumber": null,
        "phoneNumber": null
      },
      "areaCode": null,
      "homeAddress": {
        "district": null,
        "areaCode": null,
        "ward": null,
        "province": null,
        "countryCode": "+84",
        "streetNumber": null,
        "phoneNumber": null
      },
      "fnaSummarys": null,
      "address": null
    },
    "occupation": "",
    "lastModifiedDate": "20180726095046",
    "email": "",
    "middleName": "",
    "firstName": "",
    "age": "",
    "photo": "",
    "dependentOccupation": "",
    "lastName": "",
    "phoneNumber": ""
  },
  {
    "photoLastSyncDate": "",
    "isDeleted": "",
    "photoUri": "",
    "isDirty": "",
    "amountOfCoverage": "",
    "photoModifiedDate": "",
    "lastAccessedDate": "",
    "customerId": "79699e64-c470-6b5f-4193-281ee8152f58",
    "syncStatus": "Success",
    "SoupEntryId": 6,
    "photoSyncStatus": "",
    "agentId": "lam35",
    "customerData": {
      "phoneNumber": "0977756452",
      "lastName": "Nhan",
      "goals": [
        {
          "calculatorResults": "[]",
          "rank": null,
          "goalId": "ChildEducation"
        },
        {
          "calculatorResults": "[]",
          "rank": null,
          "goalId": "HealthProtection"
        },
        {
          "calculatorResults": "[]",
          "rank": null,
          "goalId": "IncomeProtection"
        },
        {
          "calculatorResults": "[]",
          "rank": null,
          "goalId": "SavingsAndInvestment"
        },
        {
          "calculatorResults": "[]",
          "rank": null,
          "goalId": "Retirement"
        },
        {
          "calculatorResults": "[]",
          "rank": null,
          "goalId": "FutureValue"
        },
        {
          "calculatorResults": "[{\"currentCash\":7500000,\"numYears\":58,\"inflationRate\":8,\"futureCost\":\"651087086.3375595\",\"futureValue\":\"86393.97275779617\",\"projectionTable\":[{\"cost\":\"7500000\",\"value\":\"7500000\"},{\"cost\":\"8100000.000000001\",\"value\":\"6944444.444444444\"},{\"cost\":\"8748000\",\"value\":\"6430041.152263374\"},{\"cost\":\"9447840.000000002\",\"value\":\"5953741.807651272\"},{\"cost\":\"10203667.200000003\",\"value\":\"5512723.895973399\"},{\"cost\":\"11019960.576000003\",\"value\":\"5104373.9777531475\"},{\"cost\":\"11901557.422080005\",\"value\":\"4726272.201623284\"},{\"cost\":\"12853682.015846405\",\"value\":\"4376177.964466004\"},{\"cost\":\"13881976.577114118\",\"value\":\"4052016.6337648183\"},{\"cost\":\"14992534.703283248\",\"value\":\"3751867.2534859427\"},{\"cost\":\"16191937.479545908\",\"value\":\"3473951.160635132\"},{\"cost\":\"17487292.47790958\",\"value\":\"3216621.4450325295\"},{\"cost\":\"18886275.87614235\",\"value\":\"2978353.1898449347\"},{\"cost\":\"20397177.94623374\",\"value\":\"2757734.435041606\"},{\"cost\":\"22028952.18193244\",\"value\":\"2553457.810223709\"},{\"cost\":\"23791268.356487036\",\"value\":\"2364312.7872441746\"},{\"cost\":\"25694569.825005997\",\"value\":\"2189178.506707569\"},{\"cost\":\"27750135.41100648\",\"value\":\"2027017.135840342\"},{\"cost\":\"29970146.243887\",\"value\":\"1876867.7183706868\"},{\"cost\":\"32367757.94339796\",\"value\":\"1737840.479972858\"},{\"cost\":\"34957178.5788698\",\"value\":\"1609111.555530424\"},{\"cost\":\"37753752.86517938\",\"value\":\"1489918.1069726148\"},{\"cost\":\"40774053.09439374\",\"value\":\"1379553.802752421\"},{\"cost\":\"44035977.34194524\",\"value\":\"1277364.6321781676\"},{\"cost\":\"47558855.52930086\",\"value\":\"1182745.0297945994\"},{\"cost\":\"51363563.97164494\",\"value\":\"1095134.2868468512\"},{\"cost\":\"55472649.089376524\",\"value\":\"1014013.2285618994\"},{\"cost\":\"59910461.01652665\",\"value\":\"938901.1375573142\"},{\"cost\":\"64703297.897848785\",\"value\":\"869352.9051456613\"},{\"cost\":\"69879561.7296767\",\"value\":\"804956.39365339\"},{\"cost\":\"75469926.66805084\",\"value\":\"745329.9941235092\"},{\"cost\":\"81507520.80149491\",\"value\":\"690120.3649291751\"},{\"cost\":\"88028122.46561451\",\"value\":\"639000.3378973843\"},{\"cost\":\"95070372.26286367\",\"value\":\"591666.9795346152\"},{\"cost\":\"102676002.04389277\",\"value\":\"547839.7958653844\"},{\"cost\":\"110890082.2074042\",\"value\":\"507259.0702457262\"},{\"cost\":\"119761288.78399655\",\"value\":\"469684.3243015983\"},{\"cost\":\"129342191.88671628\",\"value\":\"434892.8928718503\"},{\"cost\":\"139689567.23765358\",\"value\":\"402678.6045109724\"},{\"cost\":\"150864732.61666587\",\"value\":\"372850.5597323819\"},{\"cost\":\"162933911.22599915\",\"value\":\"345231.9997522054\"},{\"cost\":\"175968624.1240791\",\"value\":\"319659.2590298198\"},{\"cost\":\"190046114.0540054\",\"value\":\"295980.7953979813\"},{\"cost\":\"205249803.17832583\",\"value\":\"274056.2920351679\"},{\"cost\":\"221669787.43259194\",\"value\":\"253755.82595848874\"},{\"cost\":\"239403370.4271993\",\"value\":\"234959.0981097118\"},{\"cost\":\"258555640.0613753\",\"value\":\"217554.72047195534\"},{\"cost\":\"279240091.26628536\",\"value\":\"201439.5559925512\"},{\"cost\":\"301579298.56758815\",\"value\":\"186518.10740051043\"},{\"cost\":\"325705642.4529952\",\"value\":\"172701.95129676888\"}]}]",
          "rank": null,
          "goalId": "RiskProfileQuestionnaire"
        }
      ],
      "existingPolicy": false,
      "title": null,
      "amountOfCoverage": null,
      "dob": "19901016",
      "customerJourneyStatus": "03",
      "maritalStatus": null,
      "lastAccessedDate": null,
      "countryCode": "+84",
      "customerId": "79699e64-c470-6b5f-4193-281ee8152f58",
      "agentId": "lam35",
      "occupation": {
        "id": "376",
        "display": null,
        "description": null
      },
      "gender": "Male",
      "email": "nto7@csc.com",
      "dependents": [],
      "middleName": null,
      "customerImage": null,
      "firstName": "Nhan",
      "age": "27",
      "referrals": [],
      "officeAddress": {
        "district": null,
        "areaCode": null,
        "ward": null,
        "province": null,
        "countryCode": "+84",
        "streetNumber": null,
        "phoneNumber": null
      },
      "areaCode": null,
      "homeAddress": {
        "district": null,
        "areaCode": null,
        "ward": null,
        "province": null,
        "countryCode": "+84",
        "streetNumber": null,
        "phoneNumber": null
      },
      "fnaSummarys": [
        {
          "metadata": "{\"goals\":[\"ChildEducation\",\"HealthProtection\",\"IncomeProtection\",\"SavingsAndInvestment\",\"Retirement\",\"FutureValue\",\"RiskProfileQuestionnaire\"]}",
          "lastModifiedDate": "1531739742000",
          "url": "/servlet/servlet.FileDownload?file=00P3D000001OFhKUAW",
          "name": "fnaReport_20180716062629.pdf",
          "reportGeneratedDate": "20180716062629"
        }
      ],
      "address": null
    },
    "occupation": "",
    "lastModifiedDate": "20180716132633",
    "email": "",
    "middleName": "",
    "firstName": "",
    "age": "",
    "photo": "",
    "dependentOccupation": "",
    "lastName": "",
    "phoneNumber": ""
  },
  {
    "photoLastSyncDate": "20180801080202",
    "isDeleted": "",
    "photoUri": "",
    "isDirty": "",
    "amountOfCoverage": "",
    "photoModifiedDate": "20180716115044",
    "lastAccessedDate": "",
    "customerId": "95a4f6c5-800e-552b-78fd-fdebc1b70441",
    "syncStatus": "Success",
    "SoupEntryId": 7,
    "photoSyncStatus": "Success",
    "agentId": "lam35",
    "customerData": {
      "phoneNumber": "0984972476",
      "lastName": "Test",
      "areaCode": null,
      "existingPolicy": false,
      "title": "Mrs.",
      "amountOfCoverage": null,
      "dob": "19771212",
      "customerJourneyStatus": "03",
      "maritalStatus": "Single",
      "lastAccessedDate": null,
      "countryCode": "+84",
      "customerId": "95a4f6c5-800e-552b-78fd-fdebc1b70441",
      "agentId": "lam35",
      "occupation": {
        "id": "420",
        "display": null,
        "description": null
      },
      "gender": "Female",
      "email": null,
      "dependents": [],
      "middleName": null,
      "customerImage": null,
      "firstName": "Scenario two",
      "age": "40",
      "goals": [
        {
          "goalId": "Retirement",
          "calculatorResults": "[]",
          "rank": null
        },
        {
          "goalId": "IncomeProtection",
          "calculatorResults": "[]",
          "rank": null
        },
        {
          "goalId": "SavingsAndInvestment",
          "calculatorResults": "[]",
          "rank": null
        },
        {
          "goalId": "ChildEducation",
          "calculatorResults": "[]",
          "rank": null
        },
        {
          "goalId": "HealthProtection",
          "calculatorResults": "[]",
          "rank": null
        },
        {
          "goalId": "FutureValue",
          "calculatorResults": "[]",
          "rank": null
        },
        {
          "goalId": "RiskProfileQuestionnaire",
          "calculatorResults": "[]",
          "rank": null
        }
      ],
      "referrals": [],
      "homeAddress": {
        "district": null,
        "areaCode": null,
        "ward": null,
        "province": {
          "value": "24",
          "display": null
        },
        "countryCode": "+84",
        "streetNumber": null,
        "phoneNumber": null
      },
      "officeAddress": {
        "district": null,
        "areaCode": null,
        "ward": null,
        "province": {
          "value": "27",
          "display": null
        },
        "countryCode": "+84",
        "streetNumber": null,
        "phoneNumber": null
      },
      "fnaSummarys": [
        {
          "metadata": "{\"goals\":[\"Retirement\",\"IncomeProtection\",\"SavingsAndInvestment\",\"ChildEducation\",\"HealthProtection\",\"FutureValue\",\"RiskProfileQuestionnaire\"]}",
          "lastModifiedDate": "1531739745000",
          "url": "/servlet/servlet.FileDownload?file=00P3D000001OFhPUAW",
          "name": "fnaReport_20180716095550.pdf",
          "reportGeneratedDate": "20180716095550"
        }
      ],
      "address": null
    },
    "occupation": "",
    "lastModifiedDate": "20180716185034",
    "email": "",
    "middleName": "",
    "firstName": "",
    "age": "",
    "photo": "",
    "dependentOccupation": "",
    "lastName": "",
    "phoneNumber": ""
  },
  {
    "photoLastSyncDate": "20180801080202",
    "isDeleted": "",
    "photoUri": "",
    "isDirty": "",
    "amountOfCoverage": "",
    "photoModifiedDate": "20180726074933",
    "lastAccessedDate": "",
    "customerId": "c317a49b-356c-21f5-f8f7-168dba466889",
    "syncStatus": "Success",
    "SoupEntryId": 8,
    "photoSyncStatus": "Success",
    "agentId": "lam35",
    "customerData": {
      "phoneNumber": "01234567890",
      "lastName": "Ton nu",
      "areaCode": null,
      "existingPolicy": false,
      "title": "Ms.",
      "amountOfCoverage": null,
      "dob": "19991218",
      "customerJourneyStatus": "03",
      "maritalStatus": "Single",
      "lastAccessedDate": null,
      "countryCode": "+84",
      "customerId": "c317a49b-356c-21f5-f8f7-168dba466889",
      "agentId": "lam35",
      "occupation": {
        "id": "561",
        "display": null,
        "description": null
      },
      "gender": "Male",
      "email": "btbaongov@gmail.com",
      "dependents": [],
      "middleName": "Thi ninh",
      "customerImage": null,
      "firstName": "Hung lan",
      "age": "18",
      "goals": [
        {
          "goalId": "SavingsAndInvestment",
          "calculatorResults": "[]",
          "rank": null
        },
        {
          "goalId": "Retirement",
          "calculatorResults": "[]",
          "rank": null
        },
        {
          "goalId": "IncomeProtection",
          "calculatorResults": "[]",
          "rank": null
        },
        {
          "goalId": "ChildEducation",
          "calculatorResults": "[]",
          "rank": null
        },
        {
          "goalId": "HealthProtection",
          "calculatorResults": "[]",
          "rank": null
        },
        {
          "goalId": "FutureValue",
          "calculatorResults": "[{\"currentCash\":11950000,\"numYears\":59,\"inflationRate\":8,\"futureCost\":\"1120390658.1696723\",\"futureValue\":\"127457.7746241561\",\"projectionTable\":[{\"cost\":\"11950000\",\"value\":\"11950000\"},{\"cost\":\"12906000\",\"value\":\"11064814.814814813\"},{\"cost\":\"13938480.000000002\",\"value\":\"10245198.902606308\"},{\"cost\":\"15053558.400000002\",\"value\":\"9486295.280191027\"},{\"cost\":\"16257843.072000004\",\"value\":\"8783606.740917616\"},{\"cost\":\"17558470.517760005\",\"value\":\"8132969.204553349\"},{\"cost\":\"18963148.159180805\",\"value\":\"7530527.041253099\"},{\"cost\":\"20480200.01191527\",\"value\":\"6972710.223382499\"},{\"cost\":\"22118616.012868494\",\"value\":\"6456213.169798611\"},{\"cost\":\"23888105.293897975\",\"value\":\"5977975.157220935\"},{\"cost\":\"25799153.717409812\",\"value\":\"5535162.182611977\"},{\"cost\":\"27863086.014802597\",\"value\":\"5125150.169085164\"},{\"cost\":\"30092132.89598681\",\"value\":\"4745509.415819596\"},{\"cost\":\"32499503.527665753\",\"value\":\"4393990.199832959\"},{\"cost\":\"35099463.80987902\",\"value\":\"4068509.444289776\"},{\"cost\":\"37907420.91466934\",\"value\":\"3767138.374342385\"},{\"cost\":\"40940014.58784289\",\"value\":\"3488091.0873540603\"},{\"cost\":\"44215215.754870325\",\"value\":\"3229713.969772278\"},{\"cost\":\"47752433.01525995\",\"value\":\"2990475.897937294\"},{\"cost\":\"51572627.65648075\",\"value\":\"2768959.1647567535\"},{\"cost\":\"55698437.86899921\",\"value\":\"2563851.0784784756\"},{\"cost\":\"60154312.89851915\",\"value\":\"2373936.183776366\"},{\"cost\":\"64966657.93040069\",\"value\":\"2198089.0590521907\"},{\"cost\":\"70163990.56483275\",\"value\":\"2035267.6472705468\"},{\"cost\":\"75777109.81001937\",\"value\":\"1884507.0808060619\"},{\"cost\":\"81839278.59482093\",\"value\":\"1744913.9637093162\"},{\"cost\":\"88386420.88240659\",\"value\":\"1615661.0775086263\"},{\"cost\":\"95457334.55299912\",\"value\":\"1495982.479174654\"},{\"cost\":\"103093921.31723906\",\"value\":\"1385168.9621987536\"},{\"cost\":\"111341435.02261819\",\"value\":\"1282563.8538877347\"},{\"cost\":\"120248749.82442766\",\"value\":\"1187559.1239701246\"},{\"cost\":\"129868649.81038189\",\"value\":\"1099591.781453819\"},{\"cost\":\"140258141.79521245\",\"value\":\"1018140.5383831657\"},{\"cost\":\"151478793.13882944\",\"value\":\"942722.7207251535\"},{\"cost\":\"163597096.5899358\",\"value\":\"872891.4080788457\"},{\"cost\":\"176684864.31713068\",\"value\":\"808232.7852581905\"},{\"cost\":\"190819653.46250117\",\"value\":\"748363.69005388\"},{\"cost\":\"206085225.73950127\",\"value\":\"692929.3426424814\"},{\"cost\":\"222572043.79866138\",\"value\":\"641601.2431874827\"},{\"cost\":\"240377807.3025543\",\"value\":\"594075.2251735951\"},{\"cost\":\"259608031.88675866\",\"value\":\"550069.652938514\"},{\"cost\":\"280376674.4376994\",\"value\":\"509323.7527208462\"},{\"cost\":\"302806808.3927153\",\"value\":\"471596.0673341169\"},{\"cost\":\"327031353.0641325\",\"value\":\"436663.0253093675\"},{\"cost\":\"353193861.30926317\",\"value\":\"404317.61602719204\"},{\"cost\":\"381449370.2140042\",\"value\":\"374368.16298814083\"},{\"cost\":\"411965319.8311246\",\"value\":\"346637.1879519822\"},{\"cost\":\"444922545.41761464\",\"value\":\"320960.35921479826\"},{\"cost\":\"480516349.0510237\",\"value\":\"297185.51779147994\"},{\"cost\":\"518957656.9751057\",\"value\":\"275171.77573285176\"}]}]",
          "rank": null
        }
      ],
      "referrals": [],
      "homeAddress": {
        "district": null,
        "areaCode": null,
        "ward": null,
        "province": null,
        "countryCode": "+84",
        "streetNumber": null,
        "phoneNumber": null
      },
      "officeAddress": {
        "district": null,
        "areaCode": null,
        "ward": null,
        "province": null,
        "countryCode": "+84",
        "streetNumber": null,
        "phoneNumber": null
      },
      "fnaSummarys": [
        {
          "metadata": "{\"goals\":[\"SavingsAndInvestment\",\"Retirement\",\"IncomeProtection\",\"ChildEducation\",\"HealthProtection\",\"FutureValue\"]}",
          "lastModifiedDate": "1532591371000",
          "url": "/servlet/servlet.FileDownload?file=00P3D000001OWStUAO",
          "name": "fnaReport_20180726023556.pdf",
          "reportGeneratedDate": "20180726023556"
        }
      ],
      "address": null
    },
    "occupation": "",
    "lastModifiedDate": "20180726093614",
    "email": "",
    "middleName": "",
    "firstName": "",
    "age": "",
    "photo": "",
    "dependentOccupation": "",
    "lastName": "",
    "phoneNumber": ""
  },
  {
    "photoLastSyncDate": "20180801080202",
    "isDeleted": "",
    "photoUri": "",
    "isDirty": "",
    "amountOfCoverage": "",
    "photoModifiedDate": "20180716113245",
    "lastAccessedDate": "",
    "customerId": "dbd06d4a-b52f-c339-abe3-af02eceed046",
    "syncStatus": "Success",
    "SoupEntryId": 9,
    "photoSyncStatus": "Success",
    "agentId": "lam35",
    "customerData": {
      "phoneNumber": "1234567",
      "lastName": null,
      "areaCode": "0204",
      "existingPolicy": false,
      "title": null,
      "amountOfCoverage": null,
      "dob": null,
      "customerJourneyStatus": "",
      "maritalStatus": null,
      "lastAccessedDate": null,
      "countryCode": "+84",
      "customerId": "dbd06d4a-b52f-c339-abe3-af02eceed046",
      "agentId": "lam35",
      "occupation": {
        "id": null,
        "display": null,
        "description": null
      },
      "gender": "Male",
      "email": null,
      "dependents": [],
      "middleName": null,
      "customerImage": null,
      "firstName": "Dg",
      "age": null,
      "goals": [],
      "referrals": [],
      "homeAddress": {
        "district": null,
        "areaCode": null,
        "ward": null,
        "province": null,
        "countryCode": "+84",
        "streetNumber": null,
        "phoneNumber": null
      },
      "officeAddress": {
        "district": null,
        "areaCode": null,
        "ward": null,
        "province": null,
        "countryCode": "+84",
        "streetNumber": null,
        "phoneNumber": null
      },
      "fnaSummarys": null,
      "address": null
    },
    "occupation": "",
    "lastModifiedDate": "20180716113242",
    "email": "",
    "middleName": "",
    "firstName": "",
    "age": "",
    "photo": "",
    "dependentOccupation": "",
    "lastName": "",
    "phoneNumber": ""
  },
  {
    "photoLastSyncDate": "20180801080202",
    "isDeleted": "",
    "photoUri": "",
    "isDirty": "",
    "amountOfCoverage": "",
    "photoModifiedDate": "20180716115142",
    "lastAccessedDate": "",
    "customerId": "ea8e7345-11a7-e311-d79b-bde522c5f7b0",
    "syncStatus": "Success",
    "SoupEntryId": 10,
    "photoSyncStatus": "Success",
    "agentId": "lam35",
    "customerData": {
      "phoneNumber": "1234567",
      "lastName": null,
      "areaCode": "0204",
      "existingPolicy": false,
      "title": null,
      "amountOfCoverage": null,
      "dob": null,
      "customerJourneyStatus": "",
      "maritalStatus": null,
      "lastAccessedDate": null,
      "countryCode": "+84",
      "customerId": "ea8e7345-11a7-e311-d79b-bde522c5f7b0",
      "agentId": "lam35",
      "occupation": {
        "id": null,
        "display": null,
        "description": null
      },
      "gender": "Male",
      "email": null,
      "dependents": [],
      "middleName": null,
      "customerImage": null,
      "firstName": "Fff",
      "age": null,
      "goals": [],
      "referrals": [],
      "homeAddress": {
        "district": null,
        "areaCode": null,
        "ward": null,
        "province": null,
        "countryCode": "+84",
        "streetNumber": null,
        "phoneNumber": null
      },
      "officeAddress": {
        "district": null,
        "areaCode": null,
        "ward": null,
        "province": null,
        "countryCode": "+84",
        "streetNumber": null,
        "phoneNumber": null
      },
      "fnaSummarys": null,
      "address": null
    },
    "occupation": "",
    "lastModifiedDate": "20180716185119",
    "email": "",
    "middleName": "",
    "firstName": "",
    "age": "",
    "photo": "",
    "dependentOccupation": "",
    "lastName": "",
    "phoneNumber": ""
  },
  {
    "photoLastSyncDate": "",
    "isDeleted": 0,
    "photoUri": "",
    "isDirty": 1,
    "amountOfCoverage": "",
    "photoModifiedDate": "",
    "lastAccessedDate": "20180801183124",
    "customerId": "fe520671-421c-fe48-7dec-5f3e61a723ec",
    "syncStatus": "",
    "SoupEntryId": 11,
    "photoSyncStatus": "",
    "agentId": "lam35",
    "customerData": {
      "areaCode": "",
      "existingPolicy": false,
      "title": "",
      "customerJourneyStatus": "02",
      "maritalStatus": "",
      "lastAccessedDate": "20180801183124",
      "countryCode": "+84",
      "customerId": "fe520671-421c-fe48-7dec-5f3e61a723ec",
      "agentId": "lam35",
      "occupation": null,
      "dependents": [
        {
          "gender": "Male",
          "firstName": "           ",
          "id": 1,
          "age": "25",
          "dob": "19921020",
          "middleName": "",
          "title": "",
          "relationship": "Spouse",
          "occupation": {
            "id": "504",
            "display": "Báo chí - Phóng viên làm việc trong nước",
            "description": ""
          },
          "lastName": "      "
        }
      ],
      "email": "",
      "gender": "Male",
      "middleName": "",
      "firstName": "Gfgf",
      "age": "",
      "goals": [],
      "referrals": [],
      "homeAddress": {
        "district": {
          "value": ""
        },
        "areaCode": "",
        "ward": {
          "value": ""
        },
        "province": {
          "value": ""
        },
        "countryCode": "+84",
        "streetNumber": "",
        "phoneNumber": ""
      },
      "phoneNumber": "0986543227",
      "lastName": "",
      "officeAddress": {
        "district": {
          "value": ""
        },
        "areaCode": "",
        "ward": {
          "value": ""
        },
        "province": {
          "value": ""
        },
        "countryCode": "+84",
        "streetNumber": "",
        "phoneNumber": ""
      }
    },
    "occupation": "",
    "lastModifiedDate": "20180801182815",
    "email": "",
    "middleName": "",
    "firstName": "",
    "age": "",
    "photo": "",
    "dependentOccupation": {
      "1": {
        "id": "504",
        "transId": "OCC0504",
        "description": ""
      }
    },
    "lastName": "",
    "phoneNumber": ""
  }
]