[{
    "customerId": "1",
    "reportFileName": "Financial Needs Ananlysis Report",
    "fnaHistoryId": "1",
    "reportGeneratedDate": "20170406032210",
    "metadata": "{ \"goals\": [\"HealthProtection\", \"IncomeProtection\", \"SavingsAndInvestment\"] }",
    "syncStatus": "UpToDate"
  },
  {
    "customerId": "1",
    "reportFileName": "Financial Needs Ananlysis Report 2",
    "fnaHistoryId": "2",
    "reportGeneratedDate": "20170407032210",
    "metadata": "{ \"goals\": [\"HealthProtection\", \"IncomeProtection\", \"ChildEducation\"] }",
    "syncStatus": "InProgress"
  },
  {
    "customerId": "1",
    "reportFileName": "Financial Needs Ananlysis Report 3",
    "fnaHistoryId": "3",
    "reportGeneratedDate": "20170506032210",
    "metadata": "{ \"goals\": [\"HealthProtection\", \"IncomeProtection\", \"Retirement\"] }",
    "syncStatus": "UpToDate"
  },
  {
    "customerId": "1",
    "reportFileName": "Financial Needs Ananlysis Report 4",
    "fnaHistoryId": "4",
    "reportGeneratedDate": "20170606032210",
    "metadata": "{ \"goals\": [\"HealthProtection\", \"SavingsAndInvestment\"] }",
    "syncStatus": "Success"
  },
  {
    "customerId": "1",
    "reportFileName": "Financial Needs Ananlysis Report 5",
    "fnaHistoryId": "5",
    "reportGeneratedDate": "20170606032210",
    "metadata": "{ \"goals\": [\"SavingsAndInvestment\"] }",
    "syncStatus": "UpToDate"
  },
  {
    "customerId": "1",
    "reportFileName": "Financial Needs Ananlysis Report 6",
    "fnaHistoryId": "6",
    "reportGeneratedDate": "20170606032210",
    "metadata": "{ \"goals\": [\"HealthProtection\", \"Retirement\", \"SavingsAndInvestment\"] }",
    "syncStatus": "Fail"
  },
  {
    "customerId": "1",
    "reportFileName": "Financial Needs Ananlysis Report 7",
    "fnaHistoryId": "7",
    "reportGeneratedDate": "20170706032210",
    "metadata": "{ \"goals\": [\"SavingsAndInvestment\", \"IncomeProtection\"] }",
    "syncStatus": "InProgress"
  },
  {
    "customerId": "1",
    "reportFileName": "Financial Needs Ananlysis Report 8",
    "fnaHistoryId": "8",
    "reportGeneratedDate": "20170806032210",
    "metadata": "{ \"goals\": [\"HealthProtection\", \"IncomeProtection\"] }",
    "syncStatus": "Fail"
  },
  {
    "customerId": "1",
    "reportFileName": "Financial Needs Ananlysis Report 9",
    "fnaHistoryId": "9",
    "reportGeneratedDate": "20170906032210",
    "metadata": "{ \"goals\": [\"IncomeProtection\", \"SavingsAndInvestment\"] }",
    "syncStatus": "UpToDate"
  },
  {
    "customerId": "1",
    "reportFileName": "Financial Needs Ananlysis Report 10",
    "fnaHistoryId": "10",
    "reportGeneratedDate": "20171006032210",
    "metadata": "{ \"goals\": [\"HealthProtection\", \"IncomeProtection\", \"SavingsAndInvestment\"] }",
    "syncStatus": "Success"
  }
]
