{
    "watchPoints": [],
    "riders": {
        "coverageInfo": [
            {
                "occupation": null,
                "product": {
                    "productKey": {
                        "valueDate": "20180314070000",
                        "location": "VN",
                        "basicProduct": {
                            "productPK": {
                                "productId": "RUV02"
                            }
                        },
                        "associateProduct": {
                            "productPK": {
                                "productId": "RUV02"
                            }
                        },
                        "primaryProduct": {
                            "productPK": {
                                "productId": "MC014"
                            }
                        }
                    }
                },
                "parties": {
                    "party": {
                        "insuredAge": 24,
                        "type": "BASIC",
                        "smokingStatus": "NS",
                        "insuredSex": "M",
                        "insuredId": "a41e8b01-7f76-49c0-a7ee-4e7f69427ca5",
                        "birthDate": "19940201000000"
                    }
                },
                "faceAmount": 200,
                "extraRating": {
                    "tempPercentage": 1,
                    "percentageExtra": 1
                },
                "currency": {
                    "currencyPK": {
                        "currencyId": "VND"
                    }
                }
            }
        ]
    },
    "dependents": [],
    "funds": {
        "fundRecord": []
    },
    "fundActivities": {
        "fundActivity": []
    },
    "owner": {
        "ownerSex": "M",
        "ownerId": "a41e8b01-7f76-49c0-a7ee-4e7f69427ca5",
        "ownerDOB": "19940201000000",
        "ownerAge": 24,
        "insuredIsOwner": true
    },
    "stopDebugYear": 5,
    "startDebugYear": 0,
    "sortRider": "N",
    "reference": "PROP-000000008",
    "policyYearDate": "20180817095801",
    "policyExcludeSOS": "N",
    "language": "en",
    "enableDebug": false,
    "displayEOYOnly": false,
    "coverageInfo": {
        "topUpPremium": 0,
        "startAnnuityAge": 0,
        "prepayYear": 0,
        "plannedPremium": null,
        "regularPayment": null,
        "product": {
            "productKey": {
                "valueDate": "20180101070000",
                "location": "VN",
                "basicProduct": {
                    "productPK": {
                        "productId": "--"
                    }
                },
                "associateProduct": {
                    "productPK": {
                        "productId": "--"
                    }
                },
                "primaryProduct": {
                    "productPK": {
                        "productId": "RUV02"
                    }
                }
            }
        },
        "parties": {
            "party": {
                "type": "BASIC",
                "smokingStatus": "NS",
                "insuredSex": "M",
                "insuredId": "a41e8b01-7f76-49c0-a7ee-4e7f69427ca5",
                "insuredAge": 24,
                "birthDate": "19940201000000"
            }
        },
        "options": {
            "paymentMode": "Annual",
            "fundWithdrawalsByPercentage": "N",
            "calculateSinglePremiumBand": "N",
            "billingMethod": "DirectBilling",
            "dbLevel": "Level"
        },
        "noOfInstallmentYear": 0,
        "initialDumpIn": 0,
        "faceAmount": 1000000,
        "extraRating": {
            "tempPercentage": 1,
            "tempPercentageDuration": 0,
            "tempFlat": 0,
            "tempFlatDuration": 0,
            "percentageExtra": 1,
            "flatExtra": 0
        },
        "currency": {
            "currencyPK": {
                "currencyId": "VND"
            }
        }
    },
    "channel": "Agency"
}