{
  "watchPoints": [],
  "riders": {
    "coverageInfo": [
      {
        "occupation": "1",
        "product": {
          "productKey": {
            "valueDate": "20180314070000",
            "location": "VN",
            "basicProduct": {
              "productPK": {
                "productId": "RUV02"
              }
            },
            "associateProduct": {
              "productPK": {
                "productId": "RUV02"
              }
            },
            "primaryProduct": {
              "productPK": {
                "productId": "ADD12"
              }
            }
          }
        },
        "parties": {
          "party": {
            "insuredAge": 25,
            "type": "BASIC",
            "smokingStatus": "NS",
            "insuredSex": "M",
            "insuredId": "a41e8b01-7f76-49c0-a7ee-4e7f69427ca5",
            "birthDate": "19930202000000"
          }
        },
        "faceAmount": 1000000,
        "extraRating": {
          "tempPercentage": 1,
          "percentageExtra": 1
        },
        "currency": {
          "currencyPK": {
            "currencyId": "VND"
          }
        }
      },
      {
        "occupation": null,
        "product": {
          "productKey": {
            "valueDate": "20180314070000",
            "location": "VN",
            "basicProduct": {
              "productPK": {
                "productId": "RUV02"
              }
            },
            "associateProduct": {
              "productPK": {
                "productId": "RUV02"
              }
            },
            "primaryProduct": {
              "productPK": {
                "productId": "MC014"
              }
            }
          }
        },
        "parties": {
          "party": {
            "insuredAge": 25,
            "type": "BASIC",
            "smokingStatus": "NS",
            "insuredSex": "M",
            "insuredId": "a41e8b01-7f76-49c0-a7ee-4e7f69427ca5",
            "birthDate": "19930202000000"
          }
        },
        "faceAmount": 200,
        "extraRating": {
          "tempPercentage": 1,
          "percentageExtra": 1
        },
        "currency": {
          "currencyPK": {
            "currencyId": "VND"
          }
        }
      },
      {
        "occupation": null,
        "product": {
          "productKey": {
            "valueDate": "20180314070000",
            "location": "VN",
            "basicProduct": {
              "productPK": {
                "productId": "RUV02"
              }
            },
            "associateProduct": {
              "productPK": {
                "productId": "RUV02"
              }
            },
            "primaryProduct": {
              "productPK": {
                "productId": "ECI09"
              }
            }
          }
        },
        "parties": {
          "party": {
            "insuredAge": 25,
            "type": "BASIC",
            "smokingStatus": "NS",
            "insuredSex": "M",
            "insuredId": "a41e8b01-7f76-49c0-a7ee-4e7f69427ca5",
            "birthDate": "19930202000000"
          }
        },
        "faceAmount": 1000000,
        "extraRating": {
          "tempPercentage": 1,
          "percentageExtra": 1
        },
        "currency": {
          "currencyPK": {
            "currencyId": "VND"
          }
        }
      },
      {
        "occupation": null,
        "product": {
          "productKey": {
            "valueDate": "20180314070000",
            "location": "VN",
            "basicProduct": {
              "productPK": {
                "productId": "RUV02"
              }
            },
            "associateProduct": {
              "productPK": {
                "productId": "RUV02"
              }
            },
            "primaryProduct": {
              "productPK": {
                "productId": "RHC1I"
              }
            }
          }
        },
        "parties": {
          "party": {
            "insuredAge": 25,
            "type": "BASIC",
            "smokingStatus": "NS",
            "insuredSex": "M",
            "insuredId": "a41e8b01-7f76-49c0-a7ee-4e7f69427ca5",
            "birthDate": "19930202000000"
          }
        },
        "faceAmount": 0,
        "extraRating": {
          "tempPercentage": 1,
          "percentageExtra": 1
        },
        "currency": {
          "currencyPK": {
            "currencyId": "VND"
          }
        },
        "otherOptions": {
          "coverageClass": "A"
        }
      },
      {
        "occupation": null,
        "product": {
          "productKey": {
            "valueDate": "20180314070000",
            "location": "VN",
            "basicProduct": {
              "productPK": {
                "productId": "RUV02"
              }
            },
            "associateProduct": {
              "productPK": {
                "productId": "RUV02"
              }
            },
            "primaryProduct": {
              "productPK": {
                "productId": "TRI10"
              }
            }
          }
        },
        "parties": {
          "party": {
            "insuredAge": 23,
            "type": "BASIC",
            "smokingStatus": "NS",
            "insuredSex": "F",
            "insuredId": "05fef218-613a-84ea-2675-7ad7ff8f8cc5",
            "birthDate": "19950314000000"
          }
        },
        "faceAmount": 1000000,
        "extraRating": {
          "tempPercentage": 1,
          "percentageExtra": 1
        },
        "currency": {
          "currencyPK": {
            "currencyId": "VND"
          }
        }
      }
    ]
  },
  "dependents": [],
  "funds": {
    "fundRecord": [
      {
        "returnRate": 1.3,
        "returnRateMedium": 5,
        "returnRateHigh": 8.7,
        "code": "VNAGR",
        "allocation": 100
      }
    ]
  },
  "fundActivities": {
    "fundActivity": [
      {
        "regularPayment": 16050,
        "attainAge": 25
      }
    ]
  },
  "owner": {
    "ownerSex": "M",
    "ownerId": "a41e8b01-7f76-49c0-a7ee-4e7f69427ca5",
    "ownerDOB": "19930202000000",
    "ownerAge": 25,
    "insuredIsOwner": true
  },
  "stopDebugYear": 5,
  "startDebugYear": 0,
  "sortRider": "N",
  "reference": "PROP-000000008",
  "policyYearDate": "20180821134755",
  "policyExcludeSOS": "N",
  "language": "en",
  "enableDebug": false,
  "displayEOYOnly": false,
  "coverageInfo": {
    "topUpPremium": 0,
    "startAnnuityAge": 0,
    "prepayYear": 0,
    "plannedPremium": null,
    "regularPayment": null,
    "product": {
      "productKey": {
        "valueDate": "20180101070000",
        "location": "VN",
        "basicProduct": {
          "productPK": {
            "productId": "--"
          }
        },
        "associateProduct": {
          "productPK": {
            "productId": "--"
          }
        },
        "primaryProduct": {
          "productPK": {
            "productId": "RUV02"
          }
        }
      }
    },
    "parties": {
      "party": {
        "type": "BASIC",
        "smokingStatus": "NS",
        "insuredSex": "M",
        "insuredId": "a41e8b01-7f76-49c0-a7ee-4e7f69427ca5",
        "insuredAge": 25,
        "birthDate": "19930202000000"
      }
    },
    "options": {
      "paymentMode": "Annual",
      "fundWithdrawalsByPercentage": "N",
      "calculateSinglePremiumBand": "N",
      "billingMethod": "DirectBilling",
      "dbLevel": "Level"
    },
    "noOfInstallmentYear": 0,
    "initialDumpIn": 0,
    "faceAmount": 1000000,
    "extraRating": {
      "tempPercentage": 1,
      "tempPercentageDuration": 0,
      "tempFlat": 0,
      "tempFlatDuration": 0,
      "percentageExtra": 1,
      "flatExtra": 0
    },
    "currency": {
      "currencyPK": {
        "currencyId": "VND"
      }
    }
  },
  "channel": "Agency"
}