{
    "watchPoints": [],
    "riders": {
        "coverageInfo": []
    },
    "dependents": [],
    "funds": {
        "fundRecord": []
    },
    "fundActivities": {
        "fundActivity": []
    },
    "owner": {
        "ownerSex": "M",
        "ownerId": "88df40bb-c26d-9d00-307b-0a820e0a9f6f",
        "ownerDOB": "19921006000000",
        "ownerAge": 25,
        "insuredIsOwner": false
    },
    "stopDebugYear": 5,
    "startDebugYear": 0,
    "sortRider": "N",
    "reference": "PROP-000000008",
    "policyYearDate": "20180816173515",
    "policyExcludeSOS": "N",
    "language": "en",
    "enableDebug": false,
    "displayEOYOnly": false,
    "coverageInfo": {
        "topUpPremium": 0,
        "startAnnuityAge": 0,
        "prepayYear": 0,
        "plannedPremium": null,
        "regularPayment": null,
        "product": {
            "productKey": {
                "valueDate": "20180101070000",
                "location": "VN",
                "basicProduct": {
                    "productPK": {
                        "productId": "--"
                    }
                },
                "associateProduct": {
                    "productPK": {
                        "productId": "--"
                    }
                },
                "primaryProduct": {
                    "productPK": {
                        "productId": "RUV02"
                    }
                }
            }
        },
        "parties": {
            "party": {
                "type": "BASIC",
                "smokingStatus": "NS",
                "insuredSex": "F",
                "insuredId": "16cbaed5-1420-a879-0141-c3029ee67d5b",
                "insuredAge": 51,
                "birthDate": "19670706000000"
            }
        },
        "options": {
            "paymentMode": "Annual",
            "fundWithdrawalsByPercentage": "N",
            "calculateSinglePremiumBand": "N",
            "billingMethod": "DirectBilling",
            "dbLevel": "Level"
        },
        "noOfInstallmentYear": 0,
        "initialDumpIn": 0,
        "faceAmount": 1000000,
        "extraRating": {
            "tempPercentage": 1,
            "tempPercentageDuration": 0,
            "tempFlat": 0,
            "tempFlatDuration": 0,
            "percentageExtra": 1,
            "flatExtra": 0
        },
        "currency": {
            "currencyPK": {
                "currencyId": "VND"
            }
        }
    },
    "channel": "Agency"
}