{
  "watchPoints": [],
  "riders": {
    "coverageInfo": []
  },
  "dependents": [],
  "funds": {
    "fundRecord": [
      {
        "returnRate": 4,
        "returnRateMedium": 5,
        "returnRateHigh": 7,
        "code": "ENM12",
        "allocation": 100
      }
    ]
  },
  "fundActivities": {
    "fundActivity": []
  },
  "owner": {
    "ownerSex": "M",
    "ownerId": "48170416-8783-564e-84ce-28d8919d6649",
    "ownerDOB": "19930202000000",
    "ownerAge": 25,
    "insuredIsOwner": true
  },
  "stopDebugYear": 5,
  "startDebugYear": 0,
  "sortRider": "N",
  "reference": "PROP-000000008",
  "policyYearDate": "20180821173608",
  "policyExcludeSOS": "N",
  "language": "en",
  "enableDebug": false,
  "displayEOYOnly": false,
  "coverageInfo": {
    "topUpPremium": null,
    "startAnnuityAge": 0,
    "prepayYear": 0,
    "plannedPremium": null,
    "regularPayment": null,
    "product": {
      "productKey": {
        "valueDate": "20180101070000",
        "location": "VN",
        "basicProduct": {
          "productPK": {
            "productId": "--"
          }
        },
        "associateProduct": {
          "productPK": {
            "productId": "--"
          }
        },
        "primaryProduct": {
          "productPK": {
            "productId": "ENM12"
          }
        }
      }
    },
    "parties": {
      "party": {
        "type": "BASIC",
        "smokingStatus": "NS",
        "insuredSex": "M",
        "insuredId": "48170416-8783-564e-84ce-28d8919d6649",
        "insuredAge": 25,
        "birthDate": "19930202000000"
      }
    },
    "options": {
      "paymentMode": "Annual",
      "fundWithdrawalsByPercentage": "N",
      "calculateSinglePremiumBand": "N",
      "billingMethod": "DirectBilling"
    },
    "noOfInstallmentYear": 0,
    "initialDumpIn": 0,
    "faceAmount": 1000000,
    "extraRating": {
      "tempPercentage": 1,
      "tempPercentageDuration": 0,
      "tempFlat": 0,
      "tempFlatDuration": 0,
      "percentageExtra": 1,
      "flatExtra": 0
    },
    "currency": {
      "currencyPK": {
        "currencyId": "VND"
      }
    }
  },
  "channel": "Agency"
}