{
  "medias": [{
      "mediaId": "1",
      "mediaType": "video",
      "url": "assets/video/Manulife - JadiAndalan - Extended version.mp4"
    },
    {
      "mediaId": "2",
      "mediaType": "leaflet",
      "url": "assets/images/common/default-pdf.png"
    },
    {
      "mediaId": "3",
      "mediaType": "leaflet",
      "url": "assets/images/common/default-pdf.png"
    },
    {
      "mediaId": "4",
      "mediaType": "leaflet",
      "url": "assets/images/common/default-pdf.png"
    },
    {
      "mediaId": "5",
      "mediaType": "leaflet",
      "url": "assets/images/common/default-pdf.png"
    },
    {
      "mediaId": "6",
      "mediaType": "leaflet",
      "url": "assets/images/common/default-pdf.png"
    },
    {
      "mediaId": "7",
      "mediaType": "video",
      "url": "assets/video/Manulife - JadiAndalan - Extended version.mp4"
    },
    {
      "mediaId": "8",
      "mediaType": "video",
      "url": "assets/video/Manulife - JadiAndalan - Extended version.mp4"
    }
  ]
}
