{
  "result": {
    "basePlan": {
      "premiums": [
        {
          "paymentMode": "Annual",
          "premium": 16667
        },
        {
          "paymentMode": "Semi-Annual",
          "premium": 8333.5
        },
        {
          "paymentMode": "Quarterly",
          "premium": 4166.75
        },
        {
          "paymentMode": "Monthly",
          "premium": 1388.9166666666667
        }
      ],
      "additionalPremiums": [
        {
          "paymentMode": "Annual",
          "additionalPremium": 20530
        },
        {
          "paymentMode": "Semi-Annual",
          "additionalPremium": 10265
        },
        {
          "paymentMode": "Quarterly",
          "additionalPremium": 5132.5
        },
        {
          "paymentMode": "Monthly",
          "additionalPremium": 1710.8333333333333
        }
      ],
      "extraPremiums": [
        {
          "paymentMode": "Annual",
          "extraPremium": 0
        },
        {
          "paymentMode": "Semi-Annual",
          "extraPremium": 0
        },
        {
          "paymentMode": "Quarterly",
          "extraPremium": 0
        },
        {
          "paymentMode": "Monthly",
          "extraPremium": 0
        }
      ],
      "totalPremiums": [
        {
          "paymentMode": "Annual",
          "totalPremium": 16667
        },
        {
          "paymentMode": "Semi-Annual",
          "totalPremium": 8333.5
        },
        {
          "paymentMode": "Quarterly",
          "totalPremium": 4166.75
        },
        {
          "paymentMode": "Monthly",
          "totalPremium": 1388.9166666666667
        }
      ]
    },
    "basePlanCode": "UL007",
    "riders": [
      {
        "riderCode": "RHC2I",
        "premiums": {
          "premiums": [
            {
              "paymentMode": "Monthly",
              "premium": 174.93
            },
            {
              "paymentMode": "Quarterly",
              "premium": 525
            },
            {
              "paymentMode": "Semi-Annual",
              "premium": 1050
            },
            {
              "paymentMode": "Annual",
              "premium": 2100
            }
          ],
          "extraPremiums": [
            {
              "paymentMode": "Monthly",
              "extraPremium": 0
            },
            {
              "paymentMode": "Quarterly",
              "extraPremium": 0
            },
            {
              "paymentMode": "Semi-Annual",
              "extraPremium": 0
            },
            {
              "paymentMode": "Annual",
              "extraPremium": 0
            }
          ],
          "extraPremiumDetails": [],
          "totalPremiums": [
            {
              "paymentMode": "Monthly",
              "totalPremium": 174.93
            },
            {
              "paymentMode": "Quarterly",
              "totalPremium": 525
            },
            {
              "paymentMode": "Semi-Annual",
              "totalPremium": 1050
            },
            {
              "paymentMode": "Annual",
              "totalPremium": 2100
            }
          ]
        }
      }
    ]
  }
}