{
  "result": {
    "basePlan": {
      "premiums": [
        {
          "paymentMode": "Annual",
          "premium": 61410
        },
        {
          "paymentMode": "Semi-Annual",
          "premium": 32550
        },
        {
          "paymentMode": "Quarterly",
          "premium": 17190
        },
        {
          "paymentMode": "Monthly",
          "premium": 6140
        }
      ],
      "discounts": [
        {
          "paymentMode": "Annual",
          "discount": 3920
        },
        {
          "paymentMode": "Semi-Annual",
          "discount": 2078
        },
        {
          "paymentMode": "Quarterly",
          "discount": 1097
        },
        {
          "paymentMode": "Monthly",
          "discount": 392
        }
      ],
      "extraPremiums": [
        {
          "paymentMode": "Annual",
          "extraPremium": 0
        },
        {
          "paymentMode": "Semi-Annual",
          "extraPremium": 0
        },
        {
          "paymentMode": "Quarterly",
          "extraPremium": 0
        },
        {
          "paymentMode": "Monthly",
          "extraPremium": 0
        }
      ],
      "totalPremiums": [
        {
          "paymentMode": "Annual",
          "totalPremium": 61410
        },
        {
          "paymentMode": "Semi-Annual",
          "totalPremium": 32550
        },
        {
          "paymentMode": "Quarterly",
          "totalPremium": 17190
        },
        {
          "paymentMode": "Monthly",
          "totalPremium": 6140
        }
      ]
    },
    "basePlanCode": "ENM12",
    "riders": []
  }
}