{
  "result": {
    "basePlan": {
      "premiums": [
        {
          "paymentMode": "Annual",
          "premium": 10000
        },
        {
          "paymentMode": "Semi-Annual",
          "premium": 5300
        },
        {
          "paymentMode": "Quarterly",
          "premium": 2800
        },
        {
          "paymentMode": "Monthly",
          "premium": 1000
        }
      ],
      "extraPremiums": [
        {
          "paymentMode": "Annual",
          "extraPremium": 0
        },
        {
          "paymentMode": "Semi-Annual",
          "extraPremium": 0
        },
        {
          "paymentMode": "Quarterly",
          "extraPremium": 0
        },
        {
          "paymentMode": "Monthly",
          "extraPremium": 0
        }
      ],
      "extraPremiumDetails": [],
      "totalPremiums": [
        {
          "paymentMode": "Annual",
          "totalPremium": 10000
        },
        {
          "paymentMode": "Semi-Annual",
          "totalPremium": 5300
        },
        {
          "paymentMode": "Quarterly",
          "totalPremium": 2800
        },
        {
          "paymentMode": "Monthly",
          "totalPremium": 1000
        }
      ]
    },
    "basePlanCode": "RUV02",
    "riders": [
      {
        "riderCode": "ADD12",
        "premiums": {
          "premiums": [
            {
              "paymentMode": "Annual",
              "premium": 1800
            },
            {
              "paymentMode": "Semi-Annual",
              "premium": 954
            },
            {
              "paymentMode": "Quarterly",
              "premium": 504
            },
            {
              "paymentMode": "Monthly",
              "premium": 180
            }
          ],
          "extraPremiums": [
            {
              "paymentMode": "Annual",
              "extraPremium": 0
            },
            {
              "paymentMode": "Semi-Annual",
              "extraPremium": 0
            },
            {
              "paymentMode": "Quarterly",
              "extraPremium": 0
            },
            {
              "paymentMode": "Monthly",
              "extraPremium": 0
            }
          ],
          "extraPremiumDetails": [],
          "totalPremiums": [
            {
              "paymentMode": "Annual",
              "totalPremium": 1800
            },
            {
              "paymentMode": "Semi-Annual",
              "totalPremium": 954
            },
            {
              "paymentMode": "Quarterly",
              "totalPremium": 504
            },
            {
              "paymentMode": "Monthly",
              "totalPremium": 180
            }
          ]
        }
      }
    ]
  }
}