{"result": {
    "basePlan": {
      "premiums": [
        {
          "paymentMode": "Annual",
          "premium": 22000
        },
        {
          "paymentMode": "Semi-Annual",
          "premium": 11660
        },
        {
          "paymentMode": "Quarterly",
          "premium": 6160
        },
        {
          "paymentMode": "Monthly",
          "premium": 2200
        }
      ],
      "extraPremiums": [
        {
          "paymentMode": "Annual",
          "extraPremium": 0
        },
        {
          "paymentMode": "Semi-Annual",
          "extraPremium": 0
        },
        {
          "paymentMode": "Quarterly",
          "extraPremium": 0
        },
        {
          "paymentMode": "Monthly",
          "extraPremium": 0
        }
      ],
      "extraPremiumDetails": [],
      "totalPremiums": [
        {
          "paymentMode": "Annual",
          "totalPremium": 22000
        },
        {
          "paymentMode": "Semi-Annual",
          "totalPremium": 11660
        },
        {
          "paymentMode": "Quarterly",
          "totalPremium": 6160
        },
        {
          "paymentMode": "Monthly",
          "totalPremium": 2200
        }
      ]
    },
    "basePlanCode": "RUV02",
    "riders": []
}}