{"result": {
    "basePlan": {
      "premiums": [
        {
          "paymentMode": "Annual",
          "premium": 10000
        },
        {
          "paymentMode": "Semi-Annual",
          "premium": 5300
        },
        {
          "paymentMode": "Quarterly",
          "premium": 2800
        },
        {
          "paymentMode": "Monthly",
          "premium": 1000
        }
      ],
      "extraPremiums": [
        {
          "paymentMode": "Annual",
          "extraPremium": 0
        },
        {
          "paymentMode": "Semi-Annual",
          "extraPremium": 0
        },
        {
          "paymentMode": "Quarterly",
          "extraPremium": 0
        },
        {
          "paymentMode": "Monthly",
          "extraPremium": 0
        }
      ],
      "extraPremiumDetails": [],
      "totalPremiums": [
        {
          "paymentMode": "Annual",
          "totalPremium": 10000
        },
        {
          "paymentMode": "Semi-Annual",
          "totalPremium": 5300
        },
        {
          "paymentMode": "Quarterly",
          "totalPremium": 2800
        },
        {
          "paymentMode": "Monthly",
          "totalPremium": 1000
        }
      ]
    },
    "basePlanCode": "RUV02",
    "riders": [
      {
        "riderCode": "ECI09",
        "premiums": {
          "premiums": [
            {
              "paymentMode": "Annual",
              "premium": 1000
            },
            {
              "paymentMode": "Semi-Annual",
              "premium": 530
            },
            {
              "paymentMode": "Quarterly",
              "premium": 280
            },
            {
              "paymentMode": "Monthly",
              "premium": 100
            }
          ],
          "extraPremiums": [
            {
              "paymentMode": "Annual",
              "extraPremium": 0
            },
            {
              "paymentMode": "Semi-Annual",
              "extraPremium": 0
            },
            {
              "paymentMode": "Quarterly",
              "extraPremium": 0
            },
            {
              "paymentMode": "Monthly",
              "extraPremium": 0
            }
          ],
          "extraPremiumDetails": [],
          "totalPremiums": [
            {
              "paymentMode": "Annual",
              "totalPremium": 1000
            },
            {
              "paymentMode": "Semi-Annual",
              "totalPremium": 530
            },
            {
              "paymentMode": "Quarterly",
              "totalPremium": 280
            },
            {
              "paymentMode": "Monthly",
              "totalPremium": 100
            }
          ]
        }
      }
    ]
  }}