{
  "result": {
    "basePlan": {
      "premiums": [
        {
          "paymentMode": "Annual",
          "premium": 16667
        },
        {
          "paymentMode": "Semi-Annual",
          "premium": 8333.5
        },
        {
          "paymentMode": "Quarterly",
          "premium": 4166.75
        },
        {
          "paymentMode": "Monthly",
          "premium": 1388.9166666666667
        }
      ],
      "additionalPremiums": [
        {
          "paymentMode": "Annual",
          "additionalPremium": 0
        },
        {
          "paymentMode": "Semi-Annual",
          "additionalPremium": 0
        },
        {
          "paymentMode": "Quarterly",
          "additionalPremium": 0
        },
        {
          "paymentMode": "Monthly",
          "additionalPremium": 0
        }
      ],
      "extraPremiums": [
        {
          "paymentMode": "Annual",
          "extraPremium": 0
        },
        {
          "paymentMode": "Semi-Annual",
          "extraPremium": 0
        },
        {
          "paymentMode": "Quarterly",
          "extraPremium": 0
        },
        {
          "paymentMode": "Monthly",
          "extraPremium": 0
        }
      ],
      "totalPremiums": [
        {
          "paymentMode": "Annual",
          "totalPremium": 16667
        },
        {
          "paymentMode": "Semi-Annual",
          "totalPremium": 8333.5
        },
        {
          "paymentMode": "Quarterly",
          "totalPremium": 4166.75
        },
        {
          "paymentMode": "Monthly",
          "totalPremium": 1388.9166666666667
        }
      ]
    },
    "basePlanCode": "UL007",
    "riders": []
  }
}