{
  "ProductCatalog": {
    "providerId": {
      "text": "ULRP_EventsLocal"
    },
    "ProductCatalogDetail": {
      "CatalogRecord": [
        {
          "Channel": {
            "text": "Agency"
          },
          "BasicProductId": {
            "text": "--"
          },
          "Location": {
            "text": "Vietnam"
          },
          "EffectiveDate": {
            "text": "20150106"
          },
          "SchemaId": {
            "text": "01"
          },
          "ProductPK": {
            "ProductId": {
              "text": "--"
            }
          }
        }
      ]
    },
    "ProductType": {
      "ProductTypeCode": [
        {
          "text": "BasePlan"
        },
        {
          "text": "UVLife"
        },
        {
          "text": "HasDeathBenefit"
        },
        {
          "text": "RegularSaving"
        }
      ]
    },
    "FundMapInformation": {
      "FundCode": [
        {
          "text": "UL007"
        }
      ]
    },
    "ProductPK": {
      "ProductId": {
        "text": "UL007"
      }
    },
    "Alias": {
      "text": "UL"
    },
    "ProductName": {
      "Name": [
        {
          "text": "Manulife - Gia Đình Tôi Yêu",
          "code": {
            "text": "VN"
          }
        },
        {
          "text": "Manulife - My Beloved family",
          "code": {
            "text": "EN"
          }
        }
      ]
    },
    "CreateDate": {
      "text": "20160101"
    }
  }
}