{
  "RUV02": {
    "ProductCatalog": {
      "providerId": {
        "text": "RUV_EventsLocal"
      },
      "ProductCatalogDetail": {
        "CatalogRecord": [
          {
            "Channel": {
              "text": "Agency"
            },
            "BasicProductId": {
              "text": "--"
            },
            "Location": {
              "text": "Vietnam"
            },
            "EffectiveDate": {
              "text": "20150106"
            },
            "SchemaId": {
              "text": "01"
            },
            "ProductPK": {
              "ProductId": {
                "text": "--"
              }
            }
          },
          {
            "Channel": {
              "text": "Agency"
            },
            "BasicProductId": {
              "text": "--"
            },
            "Location": {
              "text": "Vietnam"
            },
            "EffectiveDate": {
              "text": "20150106"
            },
            "SchemaId": {
              "text": "02"
            },
            "ProductPK": {
              "ProductId": {
                "text": "--"
              }
            }
          }
        ]
      },
      "ProductType": {
        "ProductTypeCode": [
          {
            "text": "BasePlan"
          },
          {
            "text": "UVLife"
          },
          {
            "text": "HasDeathBenefit"
          }
        ]
      },
      "FundMapInformation": {
        "FundCode": [
          {
            "text": "VNAGR"
          },
          {
            "text": "VNBAL"
          },
          {
            "text": "VNDIV"
          },
          {
            "text": "VNFIX"
          },
          {
            "text": "VNGRW"
          },
          {
            "text": "VNMMK"
          }
        ]
      },
      "ProductPK": {
        "ProductId": {
          "text": "RUV02"
        }
      },
      "Alias": {
        "text": "RUV"
      },
      "ProductName": {
        "Name": [
          {
            "text": "Manulife - My Affluent Income",
            "code": {
              "text": "EN"
            }
          },
          {
            "text": "Manulife - Điểm Tựa Đầu Tư",
            "code": {
              "text": "VN"
            }
          }
        ]
      },
      "CreateDate": {
        "text": "20160101"
      }
    }
  },
  "RUV03": {
    "ProductCatalog": {
      "providerId": {
        "text": "RUV_EventsLocal"
      },
      "ProductCatalogDetail": {
        "CatalogRecord": [
          {
            "Channel": {
              "text": "Agency"
            },
            "BasicProductId": {
              "text": "--"
            },
            "Location": {
              "text": "Vietnam"
            },
            "EffectiveDate": {
              "text": "20150106"
            },
            "SchemaId": {
              "text": "01"
            },
            "ProductPK": {
              "ProductId": {
                "text": "--"
              }
            }
          }
        ]
      },
      "ProductType": {
        "ProductTypeCode": [
          {
            "text": "BasePlan"
          },
          {
            "text": "UVLife"
          },
          {
            "text": "HasDeathBenefit"
          }
        ]
      },
      "FundMapInformation": {
        "FundCode": [
          {
            "text": "VNAGR"
          },
          {
            "text": "VNBAL"
          },
          {
            "text": "VNDIV"
          },
          {
            "text": "VNFIX"
          },
          {
            "text": "VNGRW"
          },
          {
            "text": "VNMMK"
          }
        ]
      },
      "ProductPK": {
        "ProductId": {
          "text": "RUV03"
        }
      },
      "Alias": {
        "text": "RUV"
      },
      "ProductName": {
        "Name": [
          {
            "text": "Manulife - My Affluent Income",
            "code": {
              "text": "EN"
            }
          },
          {
            "text": "Manulife - Điểm Tựa Đầu Tư",
            "code": {
              "text": "VN"
            }
          }
        ]
      },
      "CreateDate": {
        "text": "20160101"
      }
    }
  }
}