{
  "ProductSchema": {
    "Dependency": {
      "DependencyRuleRecord": [
        {
          "MinAge": {
            "text": "0"
          },
          "SchemaId": {
            "text": "01"
          },
          "OtherProductPKs": [
            {
              "ProductPKType": {
                "text": "1"
              },
              "ProductId": {
                "text": "ADD03"
              },
              "SchemaId": {
                "text": "01"
              }
            },
            {
              "ProductPKType": {
                "text": "1"
              },
              "ProductId": {
                "text": "MC005"
              },
              "SchemaId": {
                "text": "01"
              }
            },
            {
              "ProductPKType": {
                "text": "1"
              },
              "ProductId": {
                "text": "ECI01"
              },
              "SchemaId": {
                "text": "01"
              }
            },
            {
              "ProductPKType": {
                "text": "1"
              },
              "ProductId": {
                "text": "TPD01"
              },
              "SchemaId": {
                "text": "01"
              }
            },
            {
              "ProductPKType": {
                "text": "1"
              },
              "ProductId": {
                "text": "WOC01"
              },
              "SchemaId": {
                "text": "01"
              }
            },
            {
              "ProductPKType": {
                "text": "1"
              },
              "ProductId": {
                "text": "PW001"
              },
              "SchemaId": {
                "text": "01"
              }
            },
            {
              "ProductPKType": {
                "text": "1"
              },
              "ProductId": {
                "text": "TRI07"
              },
              "SchemaId": {
                "text": "01"
              }
            },
            {
              "ProductPKType": {
                "text": "1"
              },
              "ProductId": {
                "text": "PSPA1"
              },
              "SchemaId": {
                "text": "01"
              }
            },
            {
              "ProductPKType": {
                "text": "1"
              },
              "ProductId": {
                "text": "PSPA2"
              },
              "SchemaId": {
                "text": "01"
              }
            },
            {
              "ProductPKType": {
                "text": "1"
              },
              "ProductId": {
                "text": "PSPB1"
              },
              "SchemaId": {
                "text": "01"
              }
            },
            {
              "ProductPKType": {
                "text": "1"
              },
              "ProductId": {
                "text": "PSPB2"
              },
              "SchemaId": {
                "text": "01"
              }
            },
            {
              "ProductPKType": {
                "text": "1"
              },
              "ProductId": {
                "text": "PSIA1"
              },
              "SchemaId": {
                "text": "01"
              }
            },
            {
              "ProductPKType": {
                "text": "1"
              },
              "ProductId": {
                "text": "PSIA2"
              },
              "SchemaId": {
                "text": "01"
              }
            },
            {
              "ProductPKType": {
                "text": "1"
              },
              "ProductId": {
                "text": "PSIB1"
              },
              "SchemaId": {
                "text": "01"
              }
            },
            {
              "ProductPKType": {
                "text": "1"
              },
              "ProductId": {
                "text": "PSIB2"
              },
              "SchemaId": {
                "text": "01"
              }
            },
            {
              "ProductPKType": {
                "text": "1"
              },
              "ProductId": {
                "text": "RHC2D"
              },
              "SchemaId": {
                "text": "01"
              }
            },
            {
              "ProductPKType": {
                "text": "1"
              },
              "ProductId": {
                "text": "RHC2O"
              },
              "SchemaId": {
                "text": "01"
              }
            },
            {
              "ProductPKType": {
                "text": "1"
              },
              "ProductId": {
                "text": "RHC2I"
              },
              "SchemaId": {
                "text": "01"
              }
            }
          ],
          "MaxAge": {
            "text": "99"
          },
          "ProductPK": {
            "text": "RUV02"
          },
          "ProductPKType": {
            "text": "1"
          },
          "DbOption": {
            "text": "Increase"
          },
          "Type": {
            "text": "BC01"
          },
          "DepCurrencyCode": {
            "text": "VND"
          }
        }
      ]
    },
    "BasicParticular": {
      "RPUParticiplateIndicator": {
        "text": "0"
      },
      "PremiumByCurrency": {
        "text": "Y"
      },
      "IssueAge": {
        "Min": {
          "text": "19"
        },
        "Max": {
          "text": "65"
        }
      },
      "ModalFactorControl": {
        "text": "N"
      },
      "RenewalContractIndicator": {
        "text": "N"
      },
      "PCPercentageChargeBackYear1": {
        "text": "100"
      },
      "PremiumRangeInformation": {
        "PremiumRange": [
          {
            "MinAge": {
              "text": "0"
            },
            "MaxPremium": {
              "text": "99999999999"
            },
            "MaxAge": {
              "text": "99"
            },
            "MinPremium": {
              "text": "7000"
            },
            "PaymentMode": {
              "text": "Annual"
            },
            "Type": {
              "text": "Basic"
            },
            "CurrencyPK": {
              "CurrencyId": {
                "text": "VND"
              }
            },
            "BillingMode": {
              "text": "DirectBilling"
            }
          },
          {
            "MinAge": {
              "text": "0"
            },
            "MaxPremium": {
              "text": "99999999999"
            },
            "MaxAge": {
              "text": "99"
            },
            "MinPremium": {
              "text": "3500"
            },
            "PaymentMode": {
              "text": "Semi-Annual"
            },
            "Type": {
              "text": "Basic"
            },
            "CurrencyPK": {
              "CurrencyId": {
                "text": "VND"
              }
            },
            "BillingMode": {
              "text": "DirectBilling"
            }
          },
          {
            "MinAge": {
              "text": "0"
            },
            "MaxPremium": {
              "text": "99999999999"
            },
            "MaxAge": {
              "text": "99"
            },
            "MinPremium": {
              "text": "1750"
            },
            "PaymentMode": {
              "text": "Quarterly"
            },
            "Type": {
              "text": "Basic"
            },
            "CurrencyPK": {
              "CurrencyId": {
                "text": "VND"
              }
            },
            "BillingMode": {
              "text": "DirectBilling"
            }
          },
          {
            "MinAge": {
              "text": "0"
            },
            "MaxPremium": {
              "text": "99999999999"
            },
            "MaxAge": {
              "text": "99"
            },
            "MinPremium": {
              "text": "583"
            },
            "PaymentMode": {
              "text": "Monthly"
            },
            "Type": {
              "text": "Basic"
            },
            "CurrencyPK": {
              "CurrencyId": {
                "text": "VND"
              }
            },
            "BillingMode": {
              "text": "DirectBilling"
            }
          }
        ]
      },
      "ProductCreditFactor": [
        {
          "mode": {
            "text": "Monthly"
          },
          "text": "1.50000"
        },
        {
          "mode": {
            "text": "Quarterly"
          },
          "text": "1.50000"
        },
        {
          "mode": {
            "text": "Semi-Annual"
          },
          "text": "1.50000"
        },
        {
          "mode": {
            "text": "Annual"
          },
          "text": "1.50000"
        }
      ],
      "PremiumByChannel": {
        "text": "N"
      },
      "PPPRenewalFactor": {
        "text": "1"
      },
      "MaxIPOIssueAge": {
        "text": "0"
      },
      "PremiumPayingPeriodType": {
        "text": "1"
      },
      "ModalFactor": [
        {
          "mode": {
            "text": "Annual"
          },
          "text": "1"
        },
        {
          "mode": {
            "text": "Semi-Annual"
          },
          "text": "0.53"
        },
        {
          "mode": {
            "text": "Quarterly"
          },
          "text": "0.28"
        },
        {
          "mode": {
            "text": "Monthly"
          },
          "text": "0.1"
        }
      ],
      "CommissionByChannel": {
        "text": "N"
      },
      "RenewalPeriod": {
        "text": "1"
      },
      "PremiumBySmokingCode": {
        "text": "N"
      },
      "PUAPayoutMonth": {
        "text": "0"
      },
      "BandLikeBaseIndicator": {
        "text": "N"
      },
      "ReinstatementPremiumIndicator": {
        "text": "N"
      },
      "SupportResidencyClass": {
        "ResidencyClass": []
      },
      "ModalFactorForAutopay": {
        "text": "0.10000"
      },
      "CommissionByAge": {
        "text": "N"
      },
      "SupportDividendOption": {
        "DividendOption": []
      },
      "IpoPercentage": {
        "text": "0.00"
      },
      "DiscountCashValueRate": {
        "text": "0.00000"
      },
      "CommissionByCurrency": {
        "text": "Y"
      },
      "AnnuityControl": {
        "text": "0"
      },
      "EffectiveAgeLowRule": {
        "text": "L"
      },
      "SupportDeathBenefit": {
        "DeathBenefit": [
          {
            "text": "Increase"
          },
          {
            "text": "Level"
          }
        ]
      },
      "MLIPlanType": {
        "text": "6"
      },
      "SupportOccupationClass": {
        "OccupationClass": []
      },
      "SupportCurrency": {
        "CurrencyCode": [
          {
            "text": "VND"
          }
        ]
      },
      "ExcludingSOSLocation": {
        "Location": []
      },
      "MultipleBasePlanIndicator": {
        "text": "N"
      },
      "SupportSmokingStatus": {
        "SmokingStatus": [
          {
            "text": "Standard"
          },
          {
            "text": "Non-Smoker"
          }
        ]
      },
      "ETIParticipateIndicator": {
        "text": "0"
      },
      "EndowmentControl": {
        "text": "0"
      },
      "RPUEndowmentControl": {
        "text": "0"
      },
      "PremiumByAge": {
        "text": "N"
      },
      "PremiumPaidPeriod": {
        "MaxPremiumPaidAge": {
          "text": "85"
        },
        "MinPremiumPaidPeriod": {
          "text": "0"
        }
      },
      "EffectiveAgeHighRule": {
        "text": "L"
      },
      "PremiumByOccupation": {
        "text": "N"
      },
      "ArrearCalculationMethod": {
        "text": "1"
      },
      "MLILineOfBusiness": {
        "text": "01"
      },
      "NFOETIOk": {
        "text": "N"
      },
      "MarketPlanName": [],
      "DefaultNfoOption": {
        "text": "0"
      },
      "ETIEndowmentIndicator": {
        "text": "N"
      },
      "CommissionYearType": {
        "text": "B"
      },
      "SumAssuranceTopUpPercentage": {
        "text": "0.00"
      },
      "PremiumAgeBasis": {
        "text": "I"
      },
      "PremiumByPPP": {
        "text": "N"
      },
      "FundSurrenderRule": {
        "text": "FIFO"
      },
      "DefaultDividendOption": {
        "text": "0"
      },
      "CommissionByDuration": {
        "text": "N"
      },
      "BenefitPeriod": {
        "MaxBenefitAge": {
          "text": "85"
        },
        "MinBenefitPeriod": {
          "text": "0"
        }
      },
      "CalcMethods": {
        "DeathBenefit": {
          "text": "CalcEventDeathBenefitUVL_RUVXX"
        }
      },
      "PremiumBySecondLfeSex": {
        "text": "N"
      },
      "PCPercentageChargeBackYear2": {
        "text": "0"
      },
      "ETIFactor": {
        "text": "0.000"
      },
      "TerminalBonusControl": {
        "text": "0"
      },
      "MLIFundCode": {
        "text": "1"
      },
      "Remarks": {
        "text": "All amount fields are in 000 basis."
      },
      "PremiumBySex": {
        "text": "Y"
      },
      "MLIManualCode": {
        "text": "834"
      },
      "CommissionByBand": {
        "text": "N"
      },
      "SupportNoOfPersons": {
        "PersonsLimit": []
      },
      "CashValuePayoutMonth": {
        "text": "0"
      },
      "PremiumByInterestRate": {
        "text": "N"
      },
      "BenefitPeriodIndicator": {
        "text": "A"
      },
      "PremiumByDuration": {
        "text": "N"
      },
      "SupportOtherOptions": {
        "CoverageClass": [],
        "MajorMedical": []
      },
      "WithdrawBonus": {
        "text": "N"
      },
      "RecurrentSinglePremium": [],
      "NFORPUOk": {
        "text": "N"
      },
      "MaxIPOYear": {
        "text": "0"
      },
      "SupportOption": {
        "HasOccupationClass": {
          "text": "N"
        },
        "HasRCC": {
          "text": "N"
        },
        "TotalPermanentDisability": {
          "text": "N"
        },
        "IIO": {
          "text": "N"
        },
        "HasSelfWavier": {
          "text": "N"
        },
        "WithdrawalBonus": {
          "text": "N"
        },
        "HasBenefitPeriod": {
          "text": "N"
        },
        "FreeOfCharge": {
          "text": "N"
        },
        "ExtraRatingWithIPO": {
          "text": "N"
        },
        "IPOwithBasicIPO": {
          "text": "N"
        },
        "HasBenefitOption": {
          "text": "N"
        },
        "JuvenileRule": {
          "text": "N"
        },
        "PayorRequired": {
          "text": "N"
        },
        "HasPremiumDiscount": {
          "text": "N"
        },
        "DeductRedempChargeFromWithdraw": {
          "text": "N"
        },
        "BackDate": {
          "text": "N"
        },
        "TopUpPremium": {
          "text": "N"
        },
        "HasWaitingPeriod": {
          "text": "N"
        },
        "POWithCoupon": {
          "text": "N"
        },
        "MajorMedical": {
          "text": "N"
        },
        "MultiplePerson": {
          "text": "N"
        },
        "PremiumOffset": {
          "text": "N"
        },
        "ExtraRating": {
          "text": "N"
        },
        "ShareBasicPlanFaceAmount": {
          "text": "N"
        },
        "RequirePolicyFee": {
          "text": "N"
        },
        "TerminalIllness": {
          "text": "N"
        },
        "Declined": {
          "text": "N"
        },
        "PDF": {
          "text": "N"
        },
        "IPO": {
          "text": "N"
        }
      },
      "FundDealingMethod": {
        "text": "3"
      },
      "IRRTerm": {
        "type": {
          "text": "AGE"
        }
      },
      "MLISubType": {
        "text": "592"
      },
      "PremiumApplyMethod": {
        "text": "4"
      },
      "PremiumByClass": {
        "text": "N"
      },
      "SupportSex": {
        "Sex": [
          {
            "text": "Male"
          },
          {
            "text": "Female"
          }
        ]
      },
      "DeathBenefitIndicator": {
        "text": "5"
      },
      "PremiumCalculationMethod": {
        "text": "4"
      },
      "BPPRenewalFactor": {
        "text": "1"
      }
    },
    "Commission": {
      "CommissionScale": []
    },
    "CurrencyBaseLimits": {
      "CurrencyLimitRecord": [
        {
          "LimitNature": {
            "text": "Min"
          },
          "IPOFAMultiplier": {
            "text": "0"
          },
          "NAR": {
            "text": "0"
          },
          "TotalSubscription": {
            "text": "0"
          },
          "IPOTotalAmount": {
            "text": "0"
          },
          "LoanAmount": {
            "text": "0"
          },
          "MonthlyGuaranteeIncome": {
            "text": "0"
          },
          "FundBalance": {
            "text": "0"
          },
          "InitialIPOFA": {
            "text": "0"
          },
          "DeathCoverage": {
            "text": "0"
          },
          "CurrencyPK": {
            "CurrencyId": {
              "text": "VND"
            }
          },
          "InitialDumpin": {
            "text": "0"
          },
          "BpFaRatio": {
            "text": "0"
          },
          "DeclincedFaceAmount": {
            "text": "0"
          }
        },
        {
          "LimitNature": {
            "text": "Max"
          },
          "IPOFAMultiplier": {
            "text": "999"
          },
          "NAR": {
            "text": "999999999"
          },
          "TotalSubscription": {
            "text": "999999999"
          },
          "IPOTotalAmount": {
            "text": "999999999"
          },
          "LoanAmount": {
            "text": "999999999"
          },
          "MonthlyGuaranteeIncome": {
            "text": "999999999"
          },
          "FundBalance": {
            "text": "999999999"
          },
          "InitialIPOFA": {
            "text": "999999999"
          },
          "DeathCoverage": {
            "text": "999999999"
          },
          "CurrencyPK": {
            "CurrencyId": {
              "text": "VND"
            }
          },
          "InitialDumpin": {
            "text": "99999999"
          },
          "BpFaRatio": {
            "text": "99999"
          },
          "DeclincedFaceAmount": {
            "text": "999999999"
          }
        }
      ]
    },
    "AgeDependency": {
      "AgeRelationRecord": []
    },
    "PolicyValue": {
      "PolicyValueTable": []
    },
    "ProductionCredit": {
      "PCScale": []
    },
    "FaceAmountMultiplier": {
      "MultiplierRecord": []
    },
    "ChargeInfo": {
      "ChargeScale": [
        {
          "CurrencyId": {
            "text": "VND"
          },
          "ChargeType": {
            "text": "ModalFactor"
          },
          "Band": {
            "text": "1"
          },
          "ChargePK": {
            "ChargeId": {
              "text": "SHARE32"
            }
          },
          "SchemaId": {
            "text": "01"
          },
          "ProductPK": {
            "text": "RUV02"
          }
        },
        {
          "CurrencyId": {
            "text": "VND"
          },
          "ChargeType": {
            "text": "PolicyFee"
          },
          "Band": {
            "text": "1"
          },
          "ChargePK": {
            "ChargeId": {
              "text": "RUV0X01"
            }
          },
          "SchemaId": {
            "text": "01"
          },
          "ProductPK": {
            "text": "RUV02"
          }
        },
        {
          "CurrencyId": {
            "text": "VND"
          },
          "ChargeType": {
            "text": "Surrender"
          },
          "Band": {
            "text": "1"
          },
          "ChargePK": {
            "ChargeId": {
              "text": "RUV0X01"
            }
          },
          "SchemaId": {
            "text": "01"
          },
          "ProductPK": {
            "text": "RUV02"
          }
        }
      ]
    },
    "FundChangeInformation": {
      "FundChange": [
        {
          "MinIncrease": {
            "text": "100000"
          },
          "MaxIncrease": {
            "text": "9999999999"
          },
          "Type": {
            "text": "FaceAmount"
          },
          "CurrencyPK": {
            "CurrencyId": {
              "text": "VND"
            }
          },
          "ToDuration": {
            "text": "999"
          },
          "FromDuration": {
            "text": "0"
          }
        },
        {
          "FromDuration": {
            "text": "0"
          },
          "MinIncrease": {
            "text": "0"
          },
          "GIO": {
            "text": "N"
          },
          "Type": {
            "text": "Dump-in"
          },
          "CurrencyPK": {
            "CurrencyId": {
              "text": "VND"
            }
          },
          "ToDuration": {
            "text": "999"
          },
          "MaxIncrease": {
            "text": "9999999999"
          }
        },
        {
          "MinPremiumPolicyYear": {
            "text": "3"
          },
          "FromDuration": {
            "text": "0"
          },
          "MinIncrease": {
            "text": "2000"
          },
          "Type": {
            "text": "Withdrawal"
          },
          "CurrencyPK": {
            "CurrencyId": {
              "text": "VND"
            }
          },
          "ToDuration": {
            "text": "999"
          },
          "MaxIncrease": {
            "text": "9999999999"
          }
        }
      ]
    },
    "PremiumInfo": {
      "PremiumTable": [
        {
          "Method": {
            "text": "BPM32"
          },
          "ErrorLevel": {
            "text": "2"
          },
          "Band": {
            "text": "1"
          },
          "PremiumPK": {
            "PremiumId": {
              "text": "RUV0X01"
            }
          },
          "RelationToInsured": {
            "text": "01"
          },
          "PremiumType": {
            "text": "BasicPremium"
          },
          "EffectiveDate": {
            "text": "20100601"
          },
          "CurrencyId": {
            "text": "VND"
          }
        },
        {
          "PremiumPK": {
            "PremiumId": {
              "text": "RUV0X02"
            }
          },
          "PremiumType": {
            "text": "CostOfInsurance"
          },
          "Band": {
            "text": "1"
          },
          "RelationToInsured": {
            "text": "01"
          },
          "CurrencyId": {
            "text": "VND"
          },
          "Method": {
            "text": "BPM32"
          }
        },
        {
          "PremiumPK": {
            "PremiumId": {
              "text": "RUV0X01"
            }
          },
          "PremiumType": {
            "text": "PremiumAllocation"
          },
          "Band": {
            "text": "1"
          },
          "RelationToInsured": {
            "text": "01"
          },
          "CurrencyId": {
            "text": "VND"
          }
        },
        {
          "PremiumPK": {
            "PremiumId": {
              "text": "RUV0X01"
            }
          },
          "PremiumType": {
            "text": "TopupPremiumAllocation"
          },
          "Band": {
            "text": "1"
          },
          "RelationToInsured": {
            "text": "01"
          },
          "CurrencyId": {
            "text": "VND"
          }
        }
      ]
    },
    "BandInformation": {
      "BandRecord": [
        {
          "MaxTopup": {
            "text": "999999999"
          },
          "MinTopup": {
            "text": "1"
          },
          "MinSinglePremium": {
            "text": "0"
          },
          "MinIssueAge": {
            "text": "0"
          },
          "CurrencyPK": {
            "CurrencyId": {
              "text": "VND"
            }
          },
          "MinFaceAmount": {
            "text": "300000"
          },
          "MaxIssueAge": {
            "text": "99"
          },
          "MaxContractPremium": {
            "text": "999999999"
          },
          "MaxFaceAmount": {
            "text": "1000000000"
          },
          "Band": {
            "text": "1"
          },
          "MinContractPremium": {
            "text": "0"
          },
          "MaxSinglePremium": {
            "text": "9999999999"
          }
        }
      ]
    },
    "ProductSchemaPK": {
      "ProductPK": {
        "ProductId": {
          "text": "RUV02"
        }
      },
      "SchemaId": {
        "text": "01"
      }
    },
    "CompropOption": {
      "ProjOpt": {
        "BasePlanOnly": false,
        "BasePlanWithRiders": true
      },
      "PolOpt": {
        "FundActivitiesOption": {
          "text": "Y"
        }
      }
    }
  }
}