[{
  "reportGeneratedDate": "20180606100811",
  "lastModifiedDate": "20180606100811",
  "lastSyncDate": "",
  "proposalId": "1d0f355b-213f-09f2-33e2-a4c7fabb63dc",
  "metadata": "12345",
  "summaryProposalId": "2721C03A-23B6-4C6A-80CE-35C11793D809",
  "uri": "",
  "customerId": "92bbda3b-1fd1-2c58-921c-00685cc6d60d",
  "isDraft": 0,
  "SoupEntryId": 1,
  "summaryProposalData": "{\"productName\":\"My Beloved Family\",\"proposalName\":\"My Beloved Family_UL007\",\"product\":\"universal_life\",\"plan\":\"UL007\",\"proposalId\":\"1d0f355b-213f-09f2-33e2-a4c7fabb63dc\"}",
  "syncStatus": ""
}]
