{
  "watchPoints": [],
  "riders": {
    "coverageInfo": [{
      "occupation": "2",
      "product": {
        "productKey": {
          "valueDate": "20180314070000",
          "location": "VN",
          "basicProduct": {
            "productPK": {
              "productId": "EDF23"
            }
          },
          "associateProduct": {
            "productPK": {
              "productId": "EDF23"
            }
          },
          "primaryProduct": {
            "productPK": {
              "productId": "ADD12"
            }
          }
        }
      },
      "parties": {
        "party": {
          "insuredAge": 26,
          "type": "BASIC",
          "smokingStatus": "NS",
          "insuredSex": "F",
          "insuredId": "5ca05031-b58f-0f5f-f2e8-e086c9158a1b",
          "birthDate": "19920101000000"
        }
      },
      "faceAmount": 1000000,
      "extraRating": {
        "tempPercentage": 1,
        "percentageExtra": 1
      },
      "currency": {
        "currencyPK": {
          "currencyId": "VND"
        }
      }
    }, {
      "occupation": null,
      "product": {
        "productKey": {
          "valueDate": "20180314070000",
          "location": "VN",
          "basicProduct": {
            "productPK": {
              "productId": "EDF23"
            }
          },
          "associateProduct": {
            "productPK": {
              "productId": "EDF23"
            }
          },
          "primaryProduct": {
            "productPK": {
              "productId": "MC014"
            }
          }
        }
      },
      "parties": {
        "party": {
          "insuredAge": 26,
          "type": "BASIC",
          "smokingStatus": "NS",
          "insuredSex": "F",
          "insuredId": "5ca05031-b58f-0f5f-f2e8-e086c9158a1b",
          "birthDate": "19920101000000"
        }
      },
      "faceAmount": 200,
      "extraRating": {
        "tempPercentage": 1,
        "percentageExtra": 1
      },
      "currency": {
        "currencyPK": {
          "currencyId": "VND"
        }
      }
    }]
  },
  "dependents": [],
  "funds": {
    "fundRecord": [{
      "returnRate": 4,
      "returnRateMedium": 5,
      "returnRateHigh": 7,
      "code": "EDF23",
      "allocation": 100
    }]
  },
  "fundActivities": {
    "fundActivity": []
  },
  "owner": {
    "ownerSex": "F",
    "ownerId": "5ca05031-b58f-0f5f-f2e8-e086c9158a1b",
    "ownerDOB": "19920101000000",
    "ownerAge": 26,
    "insuredIsOwner": true
  },
  "stopDebugYear": 5,
  "startDebugYear": 0,
  "sortRider": "N",
  "reference": "PROP-000000008",
  "policyYearDate": "20181106170005",
  "policyExcludeSOS": "N",
  "language": "en",
  "enableDebug": false,
  "displayEOYOnly": false,
  "coverageInfo": {
    "startAnnuityAge": 0,
    "prepayYear": 0,
    "topUpPremium": null,
    "plannedPremium": null,
    "regularPayment": null,
    "product": {
      "productKey": {
        "valueDate": "20180101070000",
        "location": "VN",
        "basicProduct": {
          "productPK": {
            "productId": "--"
          }
        },
        "associateProduct": {
          "productPK": {
            "productId": "--"
          }
        },
        "primaryProduct": {
          "productPK": {
            "productId": "EDF23"
          }
        }
      }
    },
    "parties": {
      "party": {
        "type": "BASIC",
        "smokingStatus": "NS",
        "insuredSex": "F",
        "insuredId": "5ca05031-b58f-0f5f-f2e8-e086c9158a1b",
        "insuredAge": 26,
        "birthDate": "19920101000000"
      },
      "secondInsured": {
        "insuredIsOwner": false,
        "smokingStatus": "NS",
        "insuredSex": "F",
        "type": "BASIC",
        "insuredId": "5ca05031-b58f-0f5f-f2e8-e086c9158a1b",
        "birthDate": "19920101000000",
        "insuredAge": 26
      }
    },
    "options": {
      "paymentMode": "Annual",
      "fundWithdrawalsByPercentage": "N",
      "calculateSinglePremiumBand": "N",
      "billingMethod": "DirectBilling"
    },
    "noOfInstallmentYear": 0,
    "initialDumpIn": 0,
    "faceAmount": 1000000,
    "extraRating": {
      "tempPercentage": 1,
      "tempPercentageDuration": 0,
      "tempFlat": 0,
      "tempFlatDuration": 0,
      "percentageExtra": 1,
      "flatExtra": 0
    },
    "currency": {
      "currencyPK": {
        "currencyId": "VND"
      }
    }
  },
  "channel": "Agency",
  "premiumNotLapseImpact": null
}
