[{
    "name": "ChildEducation",
    "category": "educate",
    "prioritizations": [{
        "priority": 0,
        "products": [{
          "productName": "Product_2017Education",
          "documentId": "2017_education",
          "goals": [
            "icon-save-for-children-education"
          ],
          "gender": "",
          "riders": [{
              "riderName": "Rider_ADD"
            },
            {
              "riderName": "Rider_MC"
            }
          ]
        }]
      },
      {
        "priority": 1,
        "products": [{
          "productName": "Product_MyLifeGiftChildSaving",
          "documentId": "my_life_gift_for_child_saving",
          "goals": [
            "icon-save-for-children-education"
          ],
          "gender": "",
          "riders": [{
              "riderName": "Rider_ADD"
            },
            {
              "riderName": "Rider_WOP"
            },
            {
              "riderName": "Rider_MC"
            }
          ]
        }]
      },
      {
        "priority": 3,
        "products": [{
          "productName": "Product_2015UniversalLife",
          "documentId": "universal_life",
          "goals": [
            "icon-save-for-children-education"
          ],
          "gender": "",
          "riders": [{
              "riderName": "Rider_ADD"
            },
            {
              "riderName": "Rider_WOP"
            },
            {
              "riderName": "Rider_MC"
            }
          ]
        }]
      },
      {
        "priority": 4,
        "products": [{
          "productName": "Product_NPEEducation",
          "documentId": "npe_education",
          "goals": [
            "icon-save-for-children-education"
          ],
          "gender": "",
          "riders": [{
              "riderName": "Rider_WOP"
            },
            {
              "riderName": "Rider_MC"
            }
          ]
        }]
      }
    ]
  },
  {
    "name": "HealthProtection",
    "category": "health",
    "prioritizations": [{
        "priority": 0,
        "products": [{
          "productName": "Product_NewCIEndowment",
          "documentId": "new_ci_endowment",
          "goals": [
            "icon-health-protection"
          ],
          "gender": "",
          "riders": [{
              "riderName": "Rider_ADD"
            },
            {
              "riderName": "Rider_MC"
            },
            {
              "riderName": "Rider_HC"
            }
          ]
        }]
      },
      {
        "priority": 1,
        "products": [{
            "productName": "Product_MyFamilyMyMan",
            "documentId": "my_family_my_man",
            "gender": "Male",
            "goals": [
              "icon-health-protection"
            ],
            "riders": [{
                "riderName": "Rider_WOP"
              },
              {
                "riderName": "Rider_HC"
              }
            ]
          },
          {
            "productName": "Product_MyFamilyMyLady",
            "documentId": "my_family_my_lady",
            "goals": [
              "icon-health-protection"
            ],
            "gender": "Female",
            "riders": [{
                "riderName": "Rider_ADD"
              },
              {
                "riderName": "Rider_WOP"
              },
              {
                "riderName": "Rider_HC"
              }
            ]
          }
        ]
      },
      {
        "priority": 99,
        "products": [{
            "productName": "Product_MyLifeProtection",
            "documentId": "my_life_protection",
            "goals": [
              "icon-health-protection"
            ],
            "gender": "",
            "riders": [{
                "riderName": "Rider_CI"
              },
              {
                "riderName": "Rider_HC"
              }
            ]
          },
          {
            "productName": "Product_MyLifeSaving",
            "documentId": "my_life_saving",
            "goals": [
              "icon-health-protection"
            ],
            "gender": "",
            "riders": [{
                "riderName": "Rider_CI"
              },
              {
                "riderName": "Rider_HC"
              }
            ]
          },
          {
            "productName": "Product_MyLifeGiftChildSaving",
            "documentId": "my_life_gift_for_child_saving",
            "goals": [
              "icon-health-protection"
            ],
            "gender": "",
            "riders": [{
                "riderName": "Rider_CI"
              },
              {
                "riderName": "Rider_HC"
              }
            ]
          },
          {
            "productName": "Product_NPEProtection",
            "documentId": "npe_protection",
            "goals": [
              "icon-health-protection"
            ],
            "gender": "",
            "riders": [{
              "riderName": "Rider_HC"
            }]
          },
          {
            "productName": "Product_NPESaving",
            "documentId": "npe_saving",
            "goals": [
              "icon-health-protection"
            ],
            "gender": "",
            "riders": [{
              "riderName": "Rider_HC"
            }]
          },
          {
            "productName": "Product_NPEEducation",
            "documentId": "npe_education",
            "goals": [
              "icon-health-protection"
            ],
            "gender": "",
            "riders": [{
              "riderName": "Rider_HC"
            }]
          },
          {
            "productName": "Product_NPERetirement",
            "documentId": "npe_retirement",
            "goals": "icon-health-protection",
            "gender": "",
            "riders": [{
              "riderName": "Rider_HC"
            }]
          },
          {
            "productName": "Product_2015UniversalLife",
            "documentId": "universal_life",
            "goals": [
              "icon-health-protection"
            ],
            "gender": "",
            "riders": [{
                "riderName": "Rider_CI"
              },
              {
                "riderName": "Rider_HC"
              }
            ]
          },
          {
            "productName": "Product_2017UnitLinked",
            "documentId": "unit_linked",
            "goals": [
              "icon-health-protection"
            ],
            "gender": "",
            "riders": [{
                "riderName": "Rider_CI"
              },
              {
                "riderName": "Rider_HC"
              }
            ]
          },
          {
            "productName": "Product_2017Education",
            "documentId": "2017_education",
            "goals": [
              "icon-health-protection"
            ],
            "gender": "",
            "riders": [{
                "riderName": "Rider_CI"
              },
              {
                "riderName": "Rider_HC"
              }
            ]
          }
        ]
      }
    ]
  },
  {
    "name": "IncomeProtection",
    "category": "life",
    "prioritizations": [{
        "priority": 0,
        "products": [{
          "productName": "Product_2015UniversalLife",
          "documentId": "universal_life",
          "goals": [
            "icon-life-protection"
          ],
          "gender": "",
          "riders": [{
              "riderName": "Rider_ADD"
            },
            {
              "riderName": "Rider_WOP"
            },
            {
              "riderName": "Rider_MC"
            }
          ]
        }]
      },
      {
        "priority": 1,
        "products": [{
          "productName": "Product_MyLifeProtection",
          "documentId": "my_life_protection",
          "goals": [
            "icon-life-protection"
          ],
          "gender": "",
          "riders": [{
              "riderName": "Rider_ADD"
            },
            {
              "riderName": "Rider_WOP"
            }
          ]
        }]
      },
      {
        "priority": 2,
        "products": [{
          "productName": "Product_NewCIEndowment",
          "documentId": "new_ci_endowment",
          "goals": [
            "icon-life-protection"
          ],
          "gender": "",
          "riders": [{
              "riderName": "Rider_ADD"
            },
            {
              "riderName": "Rider_MC"
            }
          ]
        }]
      },
      {
        "priority": 3,
        "products": [{
          "productName": "Product_NPEProtection",
          "documentId": "npe_protection",
          "goals": [
            "icon-life-protection"
          ],
          "gender": "",
          "riders": [{
              "riderName": "Rider_WOP"
            },
            {
              "riderName": "Rider_MC"
            }
          ]
        }]
      }
    ]
  },
  {
    "name": "Retirement",
    "category": "retire",
    "prioritizations": [{
        "priority": 0,
        "products": [{
          "productName": "Product_NPERetirement",
          "documentId": "npe_retirement",
          "goals": [
            "icon-prepare-for-retirement"
          ],
          "gender": "",
          "riders": [{
              "riderName": "Rider_WOP"
            },
            {
              "riderName": "Rider_MC"
            }
          ]
        }]
      },
      {
        "priority": 1,
        "products": [{
          "productName": "Product_2017CIEndowment",
          "documentId": "2017_ci_endowment",
          "goals": [
            "icon-prepare-for-retirement"
          ],
          "gender": "",
          "riders": [{
              "riderName": "Rider_ADD"
            },
            {
              "riderName": "Rider_MC"
            },
            {
              "riderName": "Rider_HC"
            }
          ]
        }]
      },
      {
        "priority": 2,
        "products": [{
          "productName": "Product_2015UniversalLife",
          "documentId": "universal_life",
          "goals": [
            "icon-prepare-for-retirement"
          ],
          "gender": "",
          "riders": [{
              "riderName": "Rider_ADD"
            },
            {
              "riderName": "Rider_WOP"
            },
            {
              "riderName": "Rider_MC"
            }
          ]
        }]
      }
    ]
  },
  {
    "name": "Savings",
    "category": "save",
    "prioritizations": [{
        "priority": 0,
        "products": [{
          "productName": "Product_2017UnitLinked",
          "documentId": "unit_linked",
          "goals": [
            "icon-savings"
          ],
          "gender": "",
          "riders": [{
              "riderName": "Rider_ADD"
            },
            {
              "riderName": "Rider_WOP"
            },
            {
              "riderName": "Rider_MC"
            }
          ]
        }]
      },
      {
        "priority": 1,
        "products": [{
          "productName": "Product_2015UniversalLife",
          "documentId": "universal_life",
          "goals": [
            "icon-savings"
          ],
          "gender": "",
          "riders": [{
              "riderName": "Rider_ADD"
            },
            {
              "riderName": "Rider_WOP"
            },
            {
              "riderName": "Rider_MC"
            }
          ]
        }]
      },
      {
        "priority": 2,
        "products": [{
          "productName": "Product_MyLifeSaving",
          "documentId": "my_life_saving",
          "goals": [
            "icon-savings"
          ],
          "gender": "",
          "riders": [{
              "riderName": "Rider_ADD"
            },
            {
              "riderName": "Rider_WOP"
            },
            {
              "riderName": "Rider_MC"
            }
          ]
        }]
      },
      {
        "priority": 3,
        "products": [{
          "productName": "Product_NPESaving",
          "documentId": "npe_saving",
          "goals": [
            "icon-savings"
          ],
          "gender": "",
          "riders": [{
              "riderName": "Rider_WOP"
            },
            {
              "riderName": "Rider_MC"
            }
          ]
        }]
      }
    ]
  }
]
