{
  "result": {
    "product": {
      "code": "EDF23"
    },
    "projections": [{
      "projectionOptions": ["BasePlanWithRiders"],
      "policyOptions": [],
      "columns": [{
        "Name": "columnYear",
        "Values": [{
          "year": 1,
          "age": 0,
          "value": 1
        }, {
          "year": 2,
          "age": 1,
          "value": 2
        }, {
          "year": 3,
          "age": 2,
          "value": 3
        }, {
          "year": 4,
          "age": 3,
          "value": 4
        }, {
          "year": 5,
          "age": 4,
          "value": 5
        }, {
          "year": 6,
          "age": 5,
          "value": 6
        }, {
          "year": 7,
          "age": 6,
          "value": 7
        }, {
          "year": 8,
          "age": 7,
          "value": 8
        }, {
          "year": 9,
          "age": 8,
          "value": 9
        }, {
          "year": 10,
          "age": 9,
          "value": 10
        }, {
          "year": 11,
          "age": 10,
          "value": 11
        }, {
          "year": 12,
          "age": 11,
          "value": 12
        }, {
          "year": 13,
          "age": 12,
          "value": 13
        }, {
          "year": 14,
          "age": 13,
          "value": 14
        }, {
          "year": 15,
          "age": 14,
          "value": 15
        }, {
          "year": 16,
          "age": 15,
          "value": 16
        }, {
          "year": 17,
          "age": 16,
          "value": 17
        }, {
          "year": 18,
          "age": 17,
          "value": 18
        }, {
          "year": 19,
          "age": 18,
          "value": 19
        }, {
          "year": 20,
          "age": 19,
          "value": 20
        }, {
          "year": 21,
          "age": 20,
          "value": 21
        }, {
          "year": 22,
          "age": 21,
          "value": 22
        }, {
          "year": 23,
          "age": 22,
          "value": 23
        }]
      }, {
        "Name": "columnAge",
        "Values": [{
          "year": 1,
          "age": 0,
          "value": 0
        }, {
          "year": 2,
          "age": 1,
          "value": 1
        }, {
          "year": 3,
          "age": 2,
          "value": 2
        }, {
          "year": 4,
          "age": 3,
          "value": 3
        }, {
          "year": 5,
          "age": 4,
          "value": 4
        }, {
          "year": 6,
          "age": 5,
          "value": 5
        }, {
          "year": 7,
          "age": 6,
          "value": 6
        }, {
          "year": 8,
          "age": 7,
          "value": 7
        }, {
          "year": 9,
          "age": 8,
          "value": 8
        }, {
          "year": 10,
          "age": 9,
          "value": 9
        }, {
          "year": 11,
          "age": 10,
          "value": 10
        }, {
          "year": 12,
          "age": 11,
          "value": 11
        }, {
          "year": 13,
          "age": 12,
          "value": 12
        }, {
          "year": 14,
          "age": 13,
          "value": 13
        }, {
          "year": 15,
          "age": 14,
          "value": 14
        }, {
          "year": 16,
          "age": 15,
          "value": 15
        }, {
          "year": 17,
          "age": 16,
          "value": 16
        }, {
          "year": 18,
          "age": 17,
          "value": 17
        }, {
          "year": 19,
          "age": 18,
          "value": 18
        }, {
          "year": 20,
          "age": 19,
          "value": 19
        }, {
          "year": 21,
          "age": 20,
          "value": 20
        }, {
          "year": 22,
          "age": 21,
          "value": 21
        }, {
          "year": 23,
          "age": 22,
          "value": 22
        }]
      }, {
        "Name": "colBasePlanPremiums",
        "Values": [{
          "year": 1,
          "age": 0,
          "value": 70840
        }, {
          "year": 2,
          "age": 1,
          "value": 70840
        }, {
          "year": 3,
          "age": 2,
          "value": 70840
        }, {
          "year": 4,
          "age": 3,
          "value": 70840
        }, {
          "year": 5,
          "age": 4,
          "value": 70840
        }, {
          "year": 6,
          "age": 5,
          "value": 70840
        }, {
          "year": 7,
          "age": 6,
          "value": 70840
        }, {
          "year": 8,
          "age": 7,
          "value": 70840
        }, {
          "year": 9,
          "age": 8,
          "value": 70840
        }, {
          "year": 10,
          "age": 9,
          "value": 70840
        }, {
          "year": 11,
          "age": 10,
          "value": 70840
        }, {
          "year": 12,
          "age": 11,
          "value": 70840
        }, {
          "year": 13,
          "age": 12,
          "value": 70840
        }, {
          "year": 14,
          "age": 13,
          "value": 70840
        }, {
          "year": 15,
          "age": 14,
          "value": 70840
        }, {
          "year": 16,
          "age": 15,
          "value": 70840
        }, {
          "year": 17,
          "age": 16,
          "value": 70840
        }, {
          "year": 18,
          "age": 17,
          "value": 70840
        }, {
          "year": 19,
          "age": 18,
          "value": 70840
        }, {
          "year": 20,
          "age": 19,
          "value": 0
        }, {
          "year": 21,
          "age": 20,
          "value": 0
        }, {
          "year": 22,
          "age": 21,
          "value": 0
        }, {
          "year": 23,
          "age": 22,
          "value": 0
        }]
      }, {
        "Name": "colTradModalBasicPremiums",
        "Values": [{
          "year": 1,
          "age": 0,
          "value": 70840
        }, {
          "year": 2,
          "age": 1,
          "value": 70840
        }, {
          "year": 3,
          "age": 2,
          "value": 70840
        }, {
          "year": 4,
          "age": 3,
          "value": 70840
        }, {
          "year": 5,
          "age": 4,
          "value": 70840
        }, {
          "year": 6,
          "age": 5,
          "value": 70840
        }, {
          "year": 7,
          "age": 6,
          "value": 70840
        }, {
          "year": 8,
          "age": 7,
          "value": 70840
        }, {
          "year": 9,
          "age": 8,
          "value": 70840
        }, {
          "year": 10,
          "age": 9,
          "value": 70840
        }, {
          "year": 11,
          "age": 10,
          "value": 70840
        }, {
          "year": 12,
          "age": 11,
          "value": 70840
        }, {
          "year": 13,
          "age": 12,
          "value": 70840
        }, {
          "year": 14,
          "age": 13,
          "value": 70840
        }, {
          "year": 15,
          "age": 14,
          "value": 70840
        }, {
          "year": 16,
          "age": 15,
          "value": 70840
        }, {
          "year": 17,
          "age": 16,
          "value": 70840
        }, {
          "year": 18,
          "age": 17,
          "value": 70840
        }, {
          "year": 19,
          "age": 18,
          "value": 70840
        }, {
          "year": 20,
          "age": 19,
          "value": 0
        }, {
          "year": 21,
          "age": 20,
          "value": 0
        }, {
          "year": 22,
          "age": 21,
          "value": 0
        }, {
          "year": 23,
          "age": 22,
          "value": 0
        }]
      }, {
        "Name": "colRiderPremiums",
        "Values": [{
          "year": 1,
          "age": 0,
          "value": 2620
        }, {
          "year": 2,
          "age": 1,
          "value": 2620
        }, {
          "year": 3,
          "age": 2,
          "value": 2620
        }, {
          "year": 4,
          "age": 3,
          "value": 2620
        }, {
          "year": 5,
          "age": 4,
          "value": 2640
        }, {
          "year": 6,
          "age": 5,
          "value": 2640
        }, {
          "year": 7,
          "age": 6,
          "value": 2640
        }, {
          "year": 8,
          "age": 7,
          "value": 2640
        }, {
          "year": 9,
          "age": 8,
          "value": 2640
        }, {
          "year": 10,
          "age": 9,
          "value": 2660
        }, {
          "year": 11,
          "age": 10,
          "value": 2660
        }, {
          "year": 12,
          "age": 11,
          "value": 2660
        }, {
          "year": 13,
          "age": 12,
          "value": 2660
        }, {
          "year": 14,
          "age": 13,
          "value": 2660
        }, {
          "year": 15,
          "age": 14,
          "value": 2740
        }, {
          "year": 16,
          "age": 15,
          "value": 2740
        }, {
          "year": 17,
          "age": 16,
          "value": 2740
        }, {
          "year": 18,
          "age": 17,
          "value": 2740
        }, {
          "year": 19,
          "age": 18,
          "value": 2740
        }, {
          "year": 20,
          "age": 19,
          "value": 0
        }, {
          "year": 21,
          "age": 20,
          "value": 0
        }, {
          "year": 22,
          "age": 21,
          "value": 0
        }, {
          "year": 23,
          "age": 22,
          "value": 0
        }]
      }, {
        "Name": "colTradBaseDeathBenefit",
        "Values": [{
          "year": 1,
          "age": 0,
          "value": 300000
        }, {
          "year": 2,
          "age": 1,
          "value": 300000
        }, {
          "year": 3,
          "age": 2,
          "value": 600000
        }, {
          "year": 4,
          "age": 3,
          "value": 900000
        }, {
          "year": 5,
          "age": 4,
          "value": 1200000
        }, {
          "year": 6,
          "age": 5,
          "value": 1500000
        }, {
          "year": 7,
          "age": 6,
          "value": 1500000
        }, {
          "year": 8,
          "age": 7,
          "value": 1500000
        }, {
          "year": 9,
          "age": 8,
          "value": 1500000
        }, {
          "year": 10,
          "age": 9,
          "value": 1500000
        }, {
          "year": 11,
          "age": 10,
          "value": 1500000
        }, {
          "year": 12,
          "age": 11,
          "value": 1500000
        }, {
          "year": 13,
          "age": 12,
          "value": 1500000
        }, {
          "year": 14,
          "age": 13,
          "value": 1500000
        }, {
          "year": 15,
          "age": 14,
          "value": 1500000
        }, {
          "year": 16,
          "age": 15,
          "value": 1500000
        }, {
          "year": 17,
          "age": 16,
          "value": 1500000
        }, {
          "year": 18,
          "age": 17,
          "value": 1500000
        }, {
          "year": 19,
          "age": 18,
          "value": 1500000
        }, {
          "year": 20,
          "age": 19,
          "value": 1500000
        }, {
          "year": 21,
          "age": 20,
          "value": 1500000
        }, {
          "year": 22,
          "age": 21,
          "value": 1500000
        }, {
          "year": 23,
          "age": 22,
          "value": 1500000
        }]
      }, {
        "Name": "colTradEducationBenefit",
        "Values": [{
          "year": 1,
          "age": 0,
          "value": 0
        }, {
          "year": 2,
          "age": 1,
          "value": 0
        }, {
          "year": 3,
          "age": 2,
          "value": 0
        }, {
          "year": 4,
          "age": 3,
          "value": 0
        }, {
          "year": 5,
          "age": 4,
          "value": 0
        }, {
          "year": 6,
          "age": 5,
          "value": 0
        }, {
          "year": 7,
          "age": 6,
          "value": 0
        }, {
          "year": 8,
          "age": 7,
          "value": 0
        }, {
          "year": 9,
          "age": 8,
          "value": 0
        }, {
          "year": 10,
          "age": 9,
          "value": 0
        }, {
          "year": 11,
          "age": 10,
          "value": 0
        }, {
          "year": 12,
          "age": 11,
          "value": 0
        }, {
          "year": 13,
          "age": 12,
          "value": 0
        }, {
          "year": 14,
          "age": 13,
          "value": 0
        }, {
          "year": 15,
          "age": 14,
          "value": 0
        }, {
          "year": 16,
          "age": 15,
          "value": 0
        }, {
          "year": 17,
          "age": 16,
          "value": 0
        }, {
          "year": 18,
          "age": 17,
          "value": 0
        }, {
          "year": 19,
          "age": 18,
          "value": 300000
        }, {
          "year": 20,
          "age": 19,
          "value": 300000
        }, {
          "year": 21,
          "age": 20,
          "value": 300000
        }, {
          "year": 22,
          "age": 21,
          "value": 300000
        }, {
          "year": 23,
          "age": 22,
          "value": 300000
        }]
      }, {
        "Name": "colTradTopNotchReward",
        "Values": [{
          "year": 1,
          "age": 0,
          "value": 0
        }, {
          "year": 2,
          "age": 1,
          "value": 0
        }, {
          "year": 3,
          "age": 2,
          "value": 0
        }, {
          "year": 4,
          "age": 3,
          "value": 0
        }, {
          "year": 5,
          "age": 4,
          "value": 0
        }, {
          "year": 6,
          "age": 5,
          "value": 0
        }, {
          "year": 7,
          "age": 6,
          "value": 0
        }, {
          "year": 8,
          "age": 7,
          "value": 0
        }, {
          "year": 9,
          "age": 8,
          "value": 0
        }, {
          "year": 10,
          "age": 9,
          "value": 0
        }, {
          "year": 11,
          "age": 10,
          "value": 0
        }, {
          "year": 12,
          "age": 11,
          "value": 0
        }, {
          "year": 13,
          "age": 12,
          "value": 0
        }, {
          "year": 14,
          "age": 13,
          "value": 0
        }, {
          "year": 15,
          "age": 14,
          "value": 0
        }, {
          "year": 16,
          "age": 15,
          "value": 0
        }, {
          "year": 17,
          "age": 16,
          "value": 0
        }, {
          "year": 18,
          "age": 17,
          "value": 0
        }, {
          "year": 19,
          "age": 18,
          "value": 0
        }, {
          "year": 20,
          "age": 19,
          "value": 0
        }, {
          "year": 21,
          "age": 20,
          "value": 0
        }, {
          "year": 22,
          "age": 21,
          "value": 0
        }, {
          "year": 23,
          "age": 22,
          "value": 100000
        }]
      }, {
        "Name": "colTradCashValue",
        "Values": [{
          "year": 1,
          "age": 0,
          "value": 0
        }, {
          "year": 2,
          "age": 1,
          "value": 5600
        }, {
          "year": 3,
          "age": 2,
          "value": 17000
        }, {
          "year": 4,
          "age": 3,
          "value": 34500
        }, {
          "year": 5,
          "age": 4,
          "value": 58500
        }, {
          "year": 6,
          "age": 5,
          "value": 89400
        }, {
          "year": 7,
          "age": 6,
          "value": 127800
        }, {
          "year": 8,
          "age": 7,
          "value": 174100
        }, {
          "year": 9,
          "age": 8,
          "value": 228800
        }, {
          "year": 10,
          "age": 9,
          "value": 292500
        }, {
          "year": 11,
          "age": 10,
          "value": 365900
        }, {
          "year": 12,
          "age": 11,
          "value": 449600
        }, {
          "year": 13,
          "age": 12,
          "value": 544300
        }, {
          "year": 14,
          "age": 13,
          "value": 650900
        }, {
          "year": 15,
          "age": 14,
          "value": 770200
        }, {
          "year": 16,
          "age": 15,
          "value": 903300
        }, {
          "year": 17,
          "age": 16,
          "value": 1051300
        }, {
          "year": 18,
          "age": 17,
          "value": 1214400
        }, {
          "year": 19,
          "age": 18,
          "value": 1071200
        }, {
          "year": 20,
          "age": 19,
          "value": 819400
        }, {
          "year": 21,
          "age": 20,
          "value": 557300
        }, {
          "year": 22,
          "age": 21,
          "value": 284400
        }, {
          "year": 23,
          "age": 22,
          "value": 0
        }]
      }, {
        "Name": "colTradAccuDeathBenefit",
        "Values": [{
          "year": 1,
          "age": 0,
          "value": 301550
        }, {
          "year": 2,
          "age": 1,
          "value": 303305
        }, {
          "year": 3,
          "age": 2,
          "value": 605618
        }, {
          "year": 4,
          "age": 3,
          "value": 908577
        }, {
          "year": 5,
          "age": 4,
          "value": 1212276
        }, {
          "year": 6,
          "age": 5,
          "value": 1516835
        }, {
          "year": 7,
          "age": 6,
          "value": 1522371
        }, {
          "year": 8,
          "age": 7,
          "value": 1529001
        }, {
          "year": 9,
          "age": 8,
          "value": 1536869
        }, {
          "year": 10,
          "age": 9,
          "value": 1546108
        }, {
          "year": 11,
          "age": 10,
          "value": 1556850
        }, {
          "year": 12,
          "age": 11,
          "value": 1569277
        }, {
          "year": 13,
          "age": 12,
          "value": 1583573
        }, {
          "year": 14,
          "age": 13,
          "value": 1599924
        }, {
          "year": 15,
          "age": 14,
          "value": 1618449
        }, {
          "year": 16,
          "age": 15,
          "value": 1639454
        }, {
          "year": 17,
          "age": 16,
          "value": 1663187
        }, {
          "year": 18,
          "age": 17,
          "value": 1689922
        }, {
          "year": 19,
          "age": 18,
          "value": 2732462
        }, {
          "year": 20,
          "age": 19,
          "value": 3129883
        }, {
          "year": 21,
          "age": 20,
          "value": 3550960
        }, {
          "year": 22,
          "age": 21,
          "value": 3996970
        }, {
          "year": 23,
          "age": 22,
          "value": 4569466
        }]
      }, {
        "Name": "colTradAccEducationBenefit",
        "Values": [{
          "year": 1,
          "age": 0,
          "value": 0
        }, {
          "year": 2,
          "age": 1,
          "value": 0
        }, {
          "year": 3,
          "age": 2,
          "value": 0
        }, {
          "year": 4,
          "age": 3,
          "value": 0
        }, {
          "year": 5,
          "age": 4,
          "value": 0
        }, {
          "year": 6,
          "age": 5,
          "value": 0
        }, {
          "year": 7,
          "age": 6,
          "value": 0
        }, {
          "year": 8,
          "age": 7,
          "value": 0
        }, {
          "year": 9,
          "age": 8,
          "value": 0
        }, {
          "year": 10,
          "age": 9,
          "value": 0
        }, {
          "year": 11,
          "age": 10,
          "value": 0
        }, {
          "year": 12,
          "age": 11,
          "value": 0
        }, {
          "year": 13,
          "age": 12,
          "value": 0
        }, {
          "year": 14,
          "age": 13,
          "value": 0
        }, {
          "year": 15,
          "age": 14,
          "value": 0
        }, {
          "year": 16,
          "age": 15,
          "value": 0
        }, {
          "year": 17,
          "age": 16,
          "value": 0
        }, {
          "year": 18,
          "age": 17,
          "value": 0
        }, {
          "year": 19,
          "age": 18,
          "value": 300000
        }, {
          "year": 20,
          "age": 19,
          "value": 620250
        }, {
          "year": 21,
          "age": 20,
          "value": 962117
        }, {
          "year": 22,
          "age": 21,
          "value": 1327060
        }, {
          "year": 23,
          "age": 22,
          "value": 1716637
        }]
      }, {
        "Name": "colTradAccumulateTopNotchReward",
        "Values": [{
          "year": 1,
          "age": 0,
          "value": 0
        }, {
          "year": 2,
          "age": 1,
          "value": 0
        }, {
          "year": 3,
          "age": 2,
          "value": 0
        }, {
          "year": 4,
          "age": 3,
          "value": 0
        }, {
          "year": 5,
          "age": 4,
          "value": 0
        }, {
          "year": 6,
          "age": 5,
          "value": 0
        }, {
          "year": 7,
          "age": 6,
          "value": 0
        }, {
          "year": 8,
          "age": 7,
          "value": 0
        }, {
          "year": 9,
          "age": 8,
          "value": 0
        }, {
          "year": 10,
          "age": 9,
          "value": 0
        }, {
          "year": 11,
          "age": 10,
          "value": 0
        }, {
          "year": 12,
          "age": 11,
          "value": 0
        }, {
          "year": 13,
          "age": 12,
          "value": 0
        }, {
          "year": 14,
          "age": 13,
          "value": 0
        }, {
          "year": 15,
          "age": 14,
          "value": 0
        }, {
          "year": 16,
          "age": 15,
          "value": 0
        }, {
          "year": 17,
          "age": 16,
          "value": 0
        }, {
          "year": 18,
          "age": 17,
          "value": 0
        }, {
          "year": 19,
          "age": 18,
          "value": 0
        }, {
          "year": 20,
          "age": 19,
          "value": 0
        }, {
          "year": 21,
          "age": 20,
          "value": 0
        }, {
          "year": 22,
          "age": 21,
          "value": 0
        }, {
          "year": 23,
          "age": 22,
          "value": 100000
        }]
      }, {
        "Name": "colTradAccumulateDividends",
        "Values": [{
          "year": 1,
          "age": 0,
          "value": 1550
        }, {
          "year": 2,
          "age": 1,
          "value": 3305
        }, {
          "year": 3,
          "age": 2,
          "value": 5618
        }, {
          "year": 4,
          "age": 3,
          "value": 8577
        }, {
          "year": 5,
          "age": 4,
          "value": 12276
        }, {
          "year": 6,
          "age": 5,
          "value": 16835
        }, {
          "year": 7,
          "age": 6,
          "value": 22371
        }, {
          "year": 8,
          "age": 7,
          "value": 29001
        }, {
          "year": 9,
          "age": 8,
          "value": 36869
        }, {
          "year": 10,
          "age": 9,
          "value": 46108
        }, {
          "year": 11,
          "age": 10,
          "value": 56850
        }, {
          "year": 12,
          "age": 11,
          "value": 69277
        }, {
          "year": 13,
          "age": 12,
          "value": 83573
        }, {
          "year": 14,
          "age": 13,
          "value": 99924
        }, {
          "year": 15,
          "age": 14,
          "value": 118449
        }, {
          "year": 16,
          "age": 15,
          "value": 139454
        }, {
          "year": 17,
          "age": 16,
          "value": 163187
        }, {
          "year": 18,
          "age": 17,
          "value": 189922
        }, {
          "year": 19,
          "age": 18,
          "value": 219962
        }, {
          "year": 20,
          "age": 19,
          "value": 249039
        }, {
          "year": 21,
          "age": 20,
          "value": 276909
        }, {
          "year": 22,
          "age": 21,
          "value": 303170
        }, {
          "year": 23,
          "age": 22,
          "value": 327584
        }]
      }, {
        "Name": "colTradAccSpecialDividends_EDX",
        "Values": [{
          "year": 1,
          "age": 0,
          "value": 0
        }, {
          "year": 2,
          "age": 1,
          "value": 0
        }, {
          "year": 3,
          "age": 2,
          "value": 0
        }, {
          "year": 4,
          "age": 3,
          "value": 0
        }, {
          "year": 5,
          "age": 4,
          "value": 0
        }, {
          "year": 6,
          "age": 5,
          "value": 0
        }, {
          "year": 7,
          "age": 6,
          "value": 0
        }, {
          "year": 8,
          "age": 7,
          "value": 0
        }, {
          "year": 9,
          "age": 8,
          "value": 0
        }, {
          "year": 10,
          "age": 9,
          "value": 0
        }, {
          "year": 11,
          "age": 10,
          "value": 0
        }, {
          "year": 12,
          "age": 11,
          "value": 0
        }, {
          "year": 13,
          "age": 12,
          "value": 0
        }, {
          "year": 14,
          "age": 13,
          "value": 0
        }, {
          "year": 15,
          "age": 14,
          "value": 0
        }, {
          "year": 16,
          "age": 15,
          "value": 0
        }, {
          "year": 17,
          "age": 16,
          "value": 0
        }, {
          "year": 18,
          "age": 17,
          "value": 0
        }, {
          "year": 19,
          "age": 18,
          "value": 712500
        }, {
          "year": 20,
          "age": 19,
          "value": 760594
        }, {
          "year": 21,
          "age": 20,
          "value": 811934
        }, {
          "year": 22,
          "age": 21,
          "value": 866740
        }, {
          "year": 23,
          "age": 22,
          "value": 925245
        }]
      }, {
        "Name": "colTradTotalCSV",
        "Values": [{
          "year": 1,
          "age": 0,
          "value": 1550
        }, {
          "year": 2,
          "age": 1,
          "value": 8905
        }, {
          "year": 3,
          "age": 2,
          "value": 22618
        }, {
          "year": 4,
          "age": 3,
          "value": 43077
        }, {
          "year": 5,
          "age": 4,
          "value": 70776
        }, {
          "year": 6,
          "age": 5,
          "value": 106235
        }, {
          "year": 7,
          "age": 6,
          "value": 150171
        }, {
          "year": 8,
          "age": 7,
          "value": 203101
        }, {
          "year": 9,
          "age": 8,
          "value": 265669
        }, {
          "year": 10,
          "age": 9,
          "value": 338608
        }, {
          "year": 11,
          "age": 10,
          "value": 422750
        }, {
          "year": 12,
          "age": 11,
          "value": 518877
        }, {
          "year": 13,
          "age": 12,
          "value": 627873
        }, {
          "year": 14,
          "age": 13,
          "value": 750824
        }, {
          "year": 15,
          "age": 14,
          "value": 888649
        }, {
          "year": 16,
          "age": 15,
          "value": 1042754
        }, {
          "year": 17,
          "age": 16,
          "value": 1214487
        }, {
          "year": 18,
          "age": 17,
          "value": 1404322
        }, {
          "year": 19,
          "age": 18,
          "value": 2303662
        }, {
          "year": 20,
          "age": 19,
          "value": 2449283
        }, {
          "year": 21,
          "age": 20,
          "value": 2608260
        }, {
          "year": 22,
          "age": 21,
          "value": 2781370
        }, {
          "year": 23,
          "age": 22,
          "value": 3069466
        }]
      }, {
        "Name": "colTradAccumulatePremiums_EDX",
        "Values": [{
          "year": 1,
          "age": 0,
          "value": 73460
        }, {
          "year": 2,
          "age": 1,
          "value": 146920
        }, {
          "year": 3,
          "age": 2,
          "value": 220380
        }, {
          "year": 4,
          "age": 3,
          "value": 293840
        }, {
          "year": 5,
          "age": 4,
          "value": 367320
        }, {
          "year": 6,
          "age": 5,
          "value": 440800
        }, {
          "year": 7,
          "age": 6,
          "value": 514280
        }, {
          "year": 8,
          "age": 7,
          "value": 587760
        }, {
          "year": 9,
          "age": 8,
          "value": 661240
        }, {
          "year": 10,
          "age": 9,
          "value": 734740
        }, {
          "year": 11,
          "age": 10,
          "value": 808240
        }, {
          "year": 12,
          "age": 11,
          "value": 881740
        }, {
          "year": 13,
          "age": 12,
          "value": 955240
        }, {
          "year": 14,
          "age": 13,
          "value": 1028740
        }, {
          "year": 15,
          "age": 14,
          "value": 1102320
        }, {
          "year": 16,
          "age": 15,
          "value": 1175900
        }, {
          "year": 17,
          "age": 16,
          "value": 1249480
        }, {
          "year": 18,
          "age": 17,
          "value": 1323060
        }, {
          "year": 19,
          "age": 18,
          "value": 1396640
        }, {
          "year": 20,
          "age": 19,
          "value": 1396640
        }, {
          "year": 21,
          "age": 20,
          "value": 1396640
        }, {
          "year": 22,
          "age": 21,
          "value": 1396640
        }, {
          "year": 23,
          "age": 22,
          "value": 1396640
        }]
      }, {
        "Name": "colTradTotalAccumulateDividendsLOW_EDX",
        "Values": [{
          "year": 1,
          "age": 0,
          "value": 1240
        }, {
          "year": 2,
          "age": 1,
          "value": 2638
        }, {
          "year": 3,
          "age": 2,
          "value": 4475
        }, {
          "year": 4,
          "age": 3,
          "value": 6819
        }, {
          "year": 5,
          "age": 4,
          "value": 9741
        }, {
          "year": 6,
          "age": 5,
          "value": 13334
        }, {
          "year": 7,
          "age": 6,
          "value": 17687
        }, {
          "year": 8,
          "age": 7,
          "value": 22888
        }, {
          "year": 9,
          "age": 8,
          "value": 29047
        }, {
          "year": 10,
          "age": 9,
          "value": 36262
        }, {
          "year": 11,
          "age": 10,
          "value": 44632
        }, {
          "year": 12,
          "age": 11,
          "value": 54294
        }, {
          "year": 13,
          "age": 12,
          "value": 65383
        }, {
          "year": 14,
          "age": 13,
          "value": 78037
        }, {
          "year": 15,
          "age": 14,
          "value": 92338
        }, {
          "year": 16,
          "age": 15,
          "value": 108517
        }, {
          "year": 17,
          "age": 16,
          "value": 126755
        }, {
          "year": 18,
          "age": 17,
          "value": 147253
        }, {
          "year": 19,
          "age": 18,
          "value": 740232
        }, {
          "year": 20,
          "age": 19,
          "value": 797881
        }, {
          "year": 21,
          "age": 20,
          "value": 856597
        }, {
          "year": 22,
          "age": 21,
          "value": 916190
        }, {
          "year": 23,
          "age": 22,
          "value": 976612
        }]
      }, {
        "Name": "colTradTotalCSV_LOW",
        "Values": [{
          "year": 1,
          "age": 0,
          "value": 1240
        }, {
          "year": 2,
          "age": 1,
          "value": 8238
        }, {
          "year": 3,
          "age": 2,
          "value": 21475
        }, {
          "year": 4,
          "age": 3,
          "value": 41319
        }, {
          "year": 5,
          "age": 4,
          "value": 68241
        }, {
          "year": 6,
          "age": 5,
          "value": 102734
        }, {
          "year": 7,
          "age": 6,
          "value": 145487
        }, {
          "year": 8,
          "age": 7,
          "value": 196988
        }, {
          "year": 9,
          "age": 8,
          "value": 257847
        }, {
          "year": 10,
          "age": 9,
          "value": 328762
        }, {
          "year": 11,
          "age": 10,
          "value": 410532
        }, {
          "year": 12,
          "age": 11,
          "value": 503894
        }, {
          "year": 13,
          "age": 12,
          "value": 609683
        }, {
          "year": 14,
          "age": 13,
          "value": 728937
        }, {
          "year": 15,
          "age": 14,
          "value": 862538
        }, {
          "year": 16,
          "age": 15,
          "value": 1011817
        }, {
          "year": 17,
          "age": 16,
          "value": 1178055
        }, {
          "year": 18,
          "age": 17,
          "value": 1361653
        }, {
          "year": 19,
          "age": 18,
          "value": 2111432
        }, {
          "year": 20,
          "age": 19,
          "value": 2236031
        }, {
          "year": 21,
          "age": 20,
          "value": 2371319
        }, {
          "year": 22,
          "age": 21,
          "value": 2517851
        }, {
          "year": 23,
          "age": 22,
          "value": 2776202
        }]
      }, {
        "Name": "colTradAccuDeathBenefitLOW",
        "Values": [{
          "year": 1,
          "age": 0,
          "value": 201240
        }, {
          "year": 2,
          "age": 1,
          "value": 202638
        }, {
          "year": 3,
          "age": 2,
          "value": 404475
        }, {
          "year": 4,
          "age": 3,
          "value": 606819
        }, {
          "year": 5,
          "age": 4,
          "value": 809741
        }, {
          "year": 6,
          "age": 5,
          "value": 1013334
        }, {
          "year": 7,
          "age": 6,
          "value": 1017687
        }, {
          "year": 8,
          "age": 7,
          "value": 1022888
        }, {
          "year": 9,
          "age": 8,
          "value": 1029047
        }, {
          "year": 10,
          "age": 9,
          "value": 1036262
        }, {
          "year": 11,
          "age": 10,
          "value": 1044632
        }, {
          "year": 12,
          "age": 11,
          "value": 1054294
        }, {
          "year": 13,
          "age": 12,
          "value": 1065383
        }, {
          "year": 14,
          "age": 13,
          "value": 1078037
        }, {
          "year": 15,
          "age": 14,
          "value": 1092338
        }, {
          "year": 16,
          "age": 15,
          "value": 1108517
        }, {
          "year": 17,
          "age": 16,
          "value": 1126755
        }, {
          "year": 18,
          "age": 17,
          "value": 1147253
        }, {
          "year": 19,
          "age": 18,
          "value": 2040232
        }, {
          "year": 20,
          "age": 19,
          "value": 2416631
        }, {
          "year": 21,
          "age": 20,
          "value": 2814019
        }, {
          "year": 22,
          "age": 21,
          "value": 3233451
        }, {
          "year": 23,
          "age": 22,
          "value": 3776202
        }]
      }, {
        "Name": "colTradTotalAccumulateDividends_EDX",
        "Values": [{
          "year": 1,
          "age": 0,
          "value": 1550
        }, {
          "year": 2,
          "age": 1,
          "value": 3305
        }, {
          "year": 3,
          "age": 2,
          "value": 5618
        }, {
          "year": 4,
          "age": 3,
          "value": 8577
        }, {
          "year": 5,
          "age": 4,
          "value": 12276
        }, {
          "year": 6,
          "age": 5,
          "value": 16835
        }, {
          "year": 7,
          "age": 6,
          "value": 22371
        }, {
          "year": 8,
          "age": 7,
          "value": 29001
        }, {
          "year": 9,
          "age": 8,
          "value": 36869
        }, {
          "year": 10,
          "age": 9,
          "value": 46108
        }, {
          "year": 11,
          "age": 10,
          "value": 56850
        }, {
          "year": 12,
          "age": 11,
          "value": 69277
        }, {
          "year": 13,
          "age": 12,
          "value": 83573
        }, {
          "year": 14,
          "age": 13,
          "value": 99924
        }, {
          "year": 15,
          "age": 14,
          "value": 118449
        }, {
          "year": 16,
          "age": 15,
          "value": 139454
        }, {
          "year": 17,
          "age": 16,
          "value": 163187
        }, {
          "year": 18,
          "age": 17,
          "value": 189922
        }, {
          "year": 19,
          "age": 18,
          "value": 932462
        }, {
          "year": 20,
          "age": 19,
          "value": 1009633
        }, {
          "year": 21,
          "age": 20,
          "value": 1088843
        }, {
          "year": 22,
          "age": 21,
          "value": 1169910
        }, {
          "year": 23,
          "age": 22,
          "value": 1252829
        }]
      }, {
        "Name": "colTradTotalAccumulateDividendsHIGH_EDX",
        "Values": [{
          "year": 1,
          "age": 0,
          "value": 1860
        }, {
          "year": 2,
          "age": 1,
          "value": 3975
        }, {
          "year": 3,
          "age": 2,
          "value": 6771
        }, {
          "year": 4,
          "age": 3,
          "value": 10358
        }, {
          "year": 5,
          "age": 4,
          "value": 14853
        }, {
          "year": 6,
          "age": 5,
          "value": 20406
        }, {
          "year": 7,
          "age": 6,
          "value": 27165
        }, {
          "year": 8,
          "age": 7,
          "value": 35278
        }, {
          "year": 9,
          "age": 8,
          "value": 44928
        }, {
          "year": 10,
          "age": 9,
          "value": 56285
        }, {
          "year": 11,
          "age": 10,
          "value": 69522
        }, {
          "year": 12,
          "age": 11,
          "value": 84870
        }, {
          "year": 13,
          "age": 12,
          "value": 102567
        }, {
          "year": 14,
          "age": 13,
          "value": 122855
        }, {
          "year": 15,
          "age": 14,
          "value": 145898
        }, {
          "year": 16,
          "age": 15,
          "value": 172088
        }, {
          "year": 17,
          "age": 16,
          "value": 201748
        }, {
          "year": 18,
          "age": 17,
          "value": 235239
        }, {
          "year": 19,
          "age": 18,
          "value": 1127958
        }, {
          "year": 20,
          "age": 19,
          "value": 1226811
        }, {
          "year": 21,
          "age": 20,
          "value": 1329027
        }, {
          "year": 22,
          "age": 21,
          "value": 1434466
        }, {
          "year": 23,
          "age": 22,
          "value": 1543205
        }]
      }, {
        "Name": "colTradTotalCSV_HIGH",
        "Values": [{
          "year": 1,
          "age": 0,
          "value": 1860
        }, {
          "year": 2,
          "age": 1,
          "value": 9575
        }, {
          "year": 3,
          "age": 2,
          "value": 23771
        }, {
          "year": 4,
          "age": 3,
          "value": 44858
        }, {
          "year": 5,
          "age": 4,
          "value": 73353
        }, {
          "year": 6,
          "age": 5,
          "value": 109806
        }, {
          "year": 7,
          "age": 6,
          "value": 154965
        }, {
          "year": 8,
          "age": 7,
          "value": 209378
        }, {
          "year": 9,
          "age": 8,
          "value": 273728
        }, {
          "year": 10,
          "age": 9,
          "value": 348785
        }, {
          "year": 11,
          "age": 10,
          "value": 435422
        }, {
          "year": 12,
          "age": 11,
          "value": 534470
        }, {
          "year": 13,
          "age": 12,
          "value": 646867
        }, {
          "year": 14,
          "age": 13,
          "value": 773755
        }, {
          "year": 15,
          "age": 14,
          "value": 916098
        }, {
          "year": 16,
          "age": 15,
          "value": 1075388
        }, {
          "year": 17,
          "age": 16,
          "value": 1253048
        }, {
          "year": 18,
          "age": 17,
          "value": 1449639
        }, {
          "year": 19,
          "age": 18,
          "value": 2499158
        }, {
          "year": 20,
          "age": 19,
          "value": 2667961
        }, {
          "year": 21,
          "age": 20,
          "value": 2853154
        }, {
          "year": 22,
          "age": 21,
          "value": 3055788
        }, {
          "year": 23,
          "age": 22,
          "value": 3377054
        }]
      }, {
        "Name": "colTradAccuDeathBenefitHIGH",
        "Values": [{
          "year": 1,
          "age": 0,
          "value": 201860
        }, {
          "year": 2,
          "age": 1,
          "value": 203975
        }, {
          "year": 3,
          "age": 2,
          "value": 406771
        }, {
          "year": 4,
          "age": 3,
          "value": 610358
        }, {
          "year": 5,
          "age": 4,
          "value": 814853
        }, {
          "year": 6,
          "age": 5,
          "value": 1020406
        }, {
          "year": 7,
          "age": 6,
          "value": 1027165
        }, {
          "year": 8,
          "age": 7,
          "value": 1035278
        }, {
          "year": 9,
          "age": 8,
          "value": 1044928
        }, {
          "year": 10,
          "age": 9,
          "value": 1056285
        }, {
          "year": 11,
          "age": 10,
          "value": 1069522
        }, {
          "year": 12,
          "age": 11,
          "value": 1084870
        }, {
          "year": 13,
          "age": 12,
          "value": 1102567
        }, {
          "year": 14,
          "age": 13,
          "value": 1122855
        }, {
          "year": 15,
          "age": 14,
          "value": 1145898
        }, {
          "year": 16,
          "age": 15,
          "value": 1172088
        }, {
          "year": 17,
          "age": 16,
          "value": 1201748
        }, {
          "year": 18,
          "age": 17,
          "value": 1235239
        }, {
          "year": 19,
          "age": 18,
          "value": 2427958
        }, {
          "year": 20,
          "age": 19,
          "value": 2848561
        }, {
          "year": 21,
          "age": 20,
          "value": 3295854
        }, {
          "year": 22,
          "age": 21,
          "value": 3771388
        }, {
          "year": 23,
          "age": 22,
          "value": 4377054
        }]
      }, {
        "Name": "colRiderCoveragePremium[1/ADD12]",
        "Values": [{
          "year": 1,
          "age": 0,
          "value": 2400
        }, {
          "year": 2,
          "age": 1,
          "value": 2400
        }, {
          "year": 3,
          "age": 2,
          "value": 2400
        }, {
          "year": 4,
          "age": 3,
          "value": 2400
        }, {
          "year": 5,
          "age": 4,
          "value": 2400
        }, {
          "year": 6,
          "age": 5,
          "value": 2400
        }, {
          "year": 7,
          "age": 6,
          "value": 2400
        }, {
          "year": 8,
          "age": 7,
          "value": 2400
        }, {
          "year": 9,
          "age": 8,
          "value": 2400
        }, {
          "year": 10,
          "age": 9,
          "value": 2400
        }, {
          "year": 11,
          "age": 10,
          "value": 2400
        }, {
          "year": 12,
          "age": 11,
          "value": 2400
        }, {
          "year": 13,
          "age": 12,
          "value": 2400
        }, {
          "year": 14,
          "age": 13,
          "value": 2400
        }, {
          "year": 15,
          "age": 14,
          "value": 2400
        }, {
          "year": 16,
          "age": 15,
          "value": 2400
        }, {
          "year": 17,
          "age": 16,
          "value": 2400
        }, {
          "year": 18,
          "age": 17,
          "value": 2400
        }, {
          "year": 19,
          "age": 18,
          "value": 2400
        }, {
          "year": 20,
          "age": 19,
          "value": 0
        }, {
          "year": 21,
          "age": 20,
          "value": 0
        }, {
          "year": 22,
          "age": 21,
          "value": 0
        }, {
          "year": 23,
          "age": 22,
          "value": 0
        }]
      }, {
        "Name": "colRiderCoveragePremium[2/MC014]",
        "Values": [{
          "year": 1,
          "age": 0,
          "value": 220
        }, {
          "year": 2,
          "age": 1,
          "value": 220
        }, {
          "year": 3,
          "age": 2,
          "value": 220
        }, {
          "year": 4,
          "age": 3,
          "value": 220
        }, {
          "year": 5,
          "age": 4,
          "value": 240
        }, {
          "year": 6,
          "age": 5,
          "value": 240
        }, {
          "year": 7,
          "age": 6,
          "value": 240
        }, {
          "year": 8,
          "age": 7,
          "value": 240
        }, {
          "year": 9,
          "age": 8,
          "value": 240
        }, {
          "year": 10,
          "age": 9,
          "value": 260
        }, {
          "year": 11,
          "age": 10,
          "value": 260
        }, {
          "year": 12,
          "age": 11,
          "value": 260
        }, {
          "year": 13,
          "age": 12,
          "value": 260
        }, {
          "year": 14,
          "age": 13,
          "value": 260
        }, {
          "year": 15,
          "age": 14,
          "value": 340
        }, {
          "year": 16,
          "age": 15,
          "value": 340
        }, {
          "year": 17,
          "age": 16,
          "value": 340
        }, {
          "year": 18,
          "age": 17,
          "value": 340
        }, {
          "year": 19,
          "age": 18,
          "value": 340
        }, {
          "year": 20,
          "age": 19,
          "value": 0
        }, {
          "year": 21,
          "age": 20,
          "value": 0
        }, {
          "year": 22,
          "age": 21,
          "value": 0
        }, {
          "year": 23,
          "age": 22,
          "value": 0
        }]
      }],
      "validationResult": []
    }]
  }
}
