{
  "EDF23": {
    "ProductCatalog": {
      "providerId": {
        "text": "EDx_Events"
      },
      "ProductCatalogDetail": {
        "CatalogRecord": [{
          "Channel": {
            "text": "Agency"
          },
          "BasicProductId": {
            "text": "--"
          },
          "Location": {
            "text": "Vietnam"
          },
          "EffectiveDate": {
            "text": "20160101"
          },
          "SchemaId": {
            "text": "01"
          },
          "ProductPK": {
            "ProductId": {
              "text": "--"
            }
          }
        }]
      },
      "ProductType": {
        "ProductTypeCode": [{
          "text": "BasePlan"
        }, {
          "text": "Education"
        }]
      },
      "FundMapInformation": {
        "FundCode": []
      },
      "ProductPK": {
        "ProductId": {
          "text": "EDF23"
        }
      },
      "Alias": {
        "text": "EDF"
      },
      "ProductName": {
        "Name": [{
          "text": "Kế hoạch 23 năm",
          "code": {
            "text": "VN"
          }
        }, {
          "text": "23 years plan",
          "code": {
            "text": "EN"
          }
        }]
      },
      "CreateDate": {
        "text": "20160101"
      }
    }
  },
  "EDF24": {
    "ProductCatalog": {
      "providerId": {
        "text": "EDx_Events"
      },
      "ProductCatalogDetail": {
        "CatalogRecord": [{
          "Channel": {
            "text": "Agency"
          },
          "BasicProductId": {
            "text": "--"
          },
          "Location": {
            "text": "Vietnam"
          },
          "EffectiveDate": {
            "text": "20160101"
          },
          "SchemaId": {
            "text": "01"
          },
          "ProductPK": {
            "ProductId": {
              "text": "--"
            }
          }
        }]
      },
      "ProductType": {
        "ProductTypeCode": [{
          "text": "BasePlan"
        }, {
          "text": "Education"
        }]
      },
      "FundMapInformation": {
        "FundCode": []
      },
      "ProductPK": {
        "ProductId": {
          "text": "EDF24"
        }
      },
      "Alias": {
        "text": "EDF"
      },
      "ProductName": {
        "Name": [{
          "text": "Kế hoạch 24 năm",
          "code": {
            "text": "VN"
          }
        }, {
          "text": "24 years plan",
          "code": {
            "text": "EN"
          }
        }]
      },
      "CreateDate": {
        "text": "20160101"
      }
    }
  },
  "EDF25": {
    "ProductCatalog": {
      "providerId": {
        "text": "EDx_Events"
      },
      "ProductCatalogDetail": {
        "CatalogRecord": [{
          "Channel": {
            "text": "Agency"
          },
          "BasicProductId": {
            "text": "--"
          },
          "Location": {
            "text": "Vietnam"
          },
          "EffectiveDate": {
            "text": "20160101"
          },
          "SchemaId": {
            "text": "01"
          },
          "ProductPK": {
            "ProductId": {
              "text": "--"
            }
          }
        }]
      },
      "ProductType": {
        "ProductTypeCode": [{
          "text": "BasePlan"
        }, {
          "text": "Education"
        }]
      },
      "FundMapInformation": {
        "FundCode": []
      },
      "ProductPK": {
        "ProductId": {
          "text": "EDF25"
        }
      },
      "Alias": {
        "text": "EDF"
      },
      "ProductName": {
        "Name": [{
          "text": "Kế hoạch 25 năm",
          "code": {
            "text": "VN"
          }
        }, {
          "text": "25 years plan",
          "code": {
            "text": "EN"
          }
        }]
      },
      "CreateDate": {
        "text": "20160101"
      }
    }
  },
  "EDF26": {
    "ProductCatalog": {
      "providerId": {
        "text": "EDx_Events"
      },
      "ProductCatalogDetail": {
        "CatalogRecord": [{
          "Channel": {
            "text": "Agency"
          },
          "BasicProductId": {
            "text": "--"
          },
          "Location": {
            "text": "Vietnam"
          },
          "EffectiveDate": {
            "text": "20160101"
          },
          "SchemaId": {
            "text": "01"
          },
          "ProductPK": {
            "ProductId": {
              "text": "--"
            }
          }
        }]
      },
      "ProductType": {
        "ProductTypeCode": [{
          "text": "BasePlan"
        }, {
          "text": "Education"
        }]
      },
      "FundMapInformation": {
        "FundCode": []
      },
      "ProductPK": {
        "ProductId": {
          "text": "EDF26"
        }
      },
      "Alias": {
        "text": "EDF"
      },
      "ProductName": {
        "Name": [{
          "text": "Kế hoạch 26 năm",
          "code": {
            "text": "VN"
          }
        }, {
          "text": "26 years plan",
          "code": {
            "text": "EN"
          }
        }]
      },
      "CreateDate": {
        "text": "20160101"
      }
    }
  },
  "EDF27": {
    "ProductCatalog": {
      "providerId": {
        "text": "EDx_Events"
      },
      "ProductCatalogDetail": {
        "CatalogRecord": [{
          "Channel": {
            "text": "Agency"
          },
          "BasicProductId": {
            "text": "--"
          },
          "Location": {
            "text": "Vietnam"
          },
          "EffectiveDate": {
            "text": "20160101"
          },
          "SchemaId": {
            "text": "01"
          },
          "ProductPK": {
            "ProductId": {
              "text": "--"
            }
          }
        }]
      },
      "ProductType": {
        "ProductTypeCode": [{
          "text": "BasePlan"
        }, {
          "text": "Education"
        }]
      },
      "FundMapInformation": {
        "FundCode": []
      },
      "ProductPK": {
        "ProductId": {
          "text": "EDF27"
        }
      },
      "Alias": {
        "text": "EDF"
      },
      "ProductName": {
        "Name": [{
          "text": "Kế hoạch 27 năm",
          "code": {
            "text": "VN"
          }
        }, {
          "text": "27 years plan",
          "code": {
            "text": "EN"
          }
        }]
      },
      "CreateDate": {
        "text": "20160101"
      }
    }
  },
  "EDB10": {
    "ProductCatalog": {
      "providerId": {
        "text": "EDx_Events"
      },
      "ProductCatalogDetail": {
        "CatalogRecord": [{
          "Channel": {
            "text": "Agency"
          },
          "BasicProductId": {
            "text": "--"
          },
          "Location": {
            "text": "Vietnam"
          },
          "EffectiveDate": {
            "text": "20160101"
          },
          "SchemaId": {
            "text": "01"
          },
          "ProductPK": {
            "ProductId": {
              "text": "--"
            }
          }
        }]
      },
      "ProductType": {
        "ProductTypeCode": [{
          "text": "BasePlan"
        }, {
          "text": "Education"
        }]
      },
      "FundMapInformation": {
        "FundCode": []
      },
      "ProductPK": {
        "ProductId": {
          "text": "EDB10"
        }
      },
      "Alias": {
        "text": "EDB"
      },
      "ProductName": {
        "Name": [{
          "text": "Kế hoạch 10 năm",
          "code": {
            "text": "VN"
          }
        }, {
          "text": "10 years plan",
          "code": {
            "text": "EN"
          }
        }]
      },
      "CreateDate": {
        "text": "20160101"
      }
    }
  },
  "EDB11": {
    "ProductCatalog": {
      "providerId": {
        "text": "EDx_Events"
      },
      "ProductCatalogDetail": {
        "CatalogRecord": [{
          "Channel": {
            "text": "Agency"
          },
          "BasicProductId": {
            "text": "--"
          },
          "Location": {
            "text": "Vietnam"
          },
          "EffectiveDate": {
            "text": "20160101"
          },
          "SchemaId": {
            "text": "01"
          },
          "ProductPK": {
            "ProductId": {
              "text": "--"
            }
          }
        }]
      },
      "ProductType": {
        "ProductTypeCode": [{
          "text": "BasePlan"
        }, {
          "text": "Education"
        }]
      },
      "FundMapInformation": {
        "FundCode": []
      },
      "ProductPK": {
        "ProductId": {
          "text": "EDB11"
        }
      },
      "Alias": {
        "text": "EDB"
      },
      "ProductName": {
        "Name": [{
          "text": "Kế hoạch 11 năm",
          "code": {
            "text": "VN"
          }
        }, {
          "text": "11 years plan",
          "code": {
            "text": "EN"
          }
        }]
      },
      "CreateDate": {
        "text": "20160101"
      }
    }
  },
  "EDB12": {
    "ProductCatalog": {
      "providerId": {
        "text": "EDx_Events"
      },
      "ProductCatalogDetail": {
        "CatalogRecord": [{
          "Channel": {
            "text": "Agency"
          },
          "BasicProductId": {
            "text": "--"
          },
          "Location": {
            "text": "Vietnam"
          },
          "EffectiveDate": {
            "text": "20160101"
          },
          "SchemaId": {
            "text": "01"
          },
          "ProductPK": {
            "ProductId": {
              "text": "--"
            }
          }
        }]
      },
      "ProductType": {
        "ProductTypeCode": [{
          "text": "BasePlan"
        }, {
          "text": "Education"
        }]
      },
      "FundMapInformation": {
        "FundCode": []
      },
      "ProductPK": {
        "ProductId": {
          "text": "EDB12"
        }
      },
      "Alias": {
        "text": "EDB"
      },
      "ProductName": {
        "Name": [{
          "text": "Kế hoạch 12 năm",
          "code": {
            "text": "VN"
          }
        }, {
          "text": "12 years plan",
          "code": {
            "text": "EN"
          }
        }]
      },
      "CreateDate": {
        "text": "20160101"
      }
    }
  },
  "EDB13": {
    "ProductCatalog": {
      "providerId": {
        "text": "EDx_Events"
      },
      "ProductCatalogDetail": {
        "CatalogRecord": [{
          "Channel": {
            "text": "Agency"
          },
          "BasicProductId": {
            "text": "--"
          },
          "Location": {
            "text": "Vietnam"
          },
          "EffectiveDate": {
            "text": "20160101"
          },
          "SchemaId": {
            "text": "01"
          },
          "ProductPK": {
            "ProductId": {
              "text": "--"
            }
          }
        }]
      },
      "ProductType": {
        "ProductTypeCode": [{
          "text": "BasePlan"
        }, {
          "text": "Education"
        }]
      },
      "FundMapInformation": {
        "FundCode": []
      },
      "ProductPK": {
        "ProductId": {
          "text": "EDB13"
        }
      },
      "Alias": {
        "text": "EDB"
      },
      "ProductName": {
        "Name": [{
          "text": "Kế hoạch 13 năm",
          "code": {
            "text": "VN"
          }
        }, {
          "text": "13 years plan",
          "code": {
            "text": "EN"
          }
        }]
      },
      "CreateDate": {
        "text": "20160101"
      }
    }
  },
  "EDB14": {
    "ProductCatalog": {
      "providerId": {
        "text": "EDx_Events"
      },
      "ProductCatalogDetail": {
        "CatalogRecord": [{
          "Channel": {
            "text": "Agency"
          },
          "BasicProductId": {
            "text": "--"
          },
          "Location": {
            "text": "Vietnam"
          },
          "EffectiveDate": {
            "text": "20150101"
          },
          "SchemaId": {
            "text": "01"
          },
          "ProductPK": {
            "ProductId": {
              "text": "--"
            }
          }
        }]
      },
      "ProductType": {
        "ProductTypeCode": [{
          "text": "BasePlan"
        }, {
          "text": "Education"
        }]
      },
      "FundMapInformation": {
        "FundCode": []
      },
      "ProductPK": {
        "ProductId": {
          "text": "EDB14"
        }
      },
      "Alias": {
        "text": "EDB"
      },
      "ProductName": {
        "Name": [{
          "text": "Kế hoạch 14 năm",
          "code": {
            "text": "VN"
          }
        }, {
          "text": "14 years plan",
          "code": {
            "text": "EN"
          }
        }]
      },
      "CreateDate": {
        "text": "20160101"
      }
    }
  },
  "EDB15": {
    "ProductCatalog": {
      "providerId": {
        "text": "EDx_Events"
      },
      "ProductCatalogDetail": {
        "CatalogRecord": [{
          "Channel": {
            "text": "Agency"
          },
          "BasicProductId": {
            "text": "--"
          },
          "Location": {
            "text": "Vietnam"
          },
          "EffectiveDate": {
            "text": "20160101"
          },
          "SchemaId": {
            "text": "01"
          },
          "ProductPK": {
            "ProductId": {
              "text": "--"
            }
          }
        }]
      },
      "ProductType": {
        "ProductTypeCode": [{
          "text": "BasePlan"
        }, {
          "text": "Education"
        }]
      },
      "FundMapInformation": {
        "FundCode": []
      },
      "ProductPK": {
        "ProductId": {
          "text": "EDB15"
        }
      },
      "Alias": {
        "text": "EDB"
      },
      "ProductName": {
        "Name": [{
          "text": "Kế hoạch 15 năm",
          "code": {
            "text": "VN"
          }
        }, {
          "text": "15 years plan",
          "code": {
            "text": "EN"
          }
        }]
      },
      "CreateDate": {
        "text": "20160101"
      }
    }
  },
  "EDB16": {
    "ProductCatalog": {
      "providerId": {
        "text": "EDx_Events"
      },
      "ProductCatalogDetail": {
        "CatalogRecord": [{
          "Channel": {
            "text": "Agency"
          },
          "BasicProductId": {
            "text": "--"
          },
          "Location": {
            "text": "Vietnam"
          },
          "EffectiveDate": {
            "text": "20160101"
          },
          "SchemaId": {
            "text": "01"
          },
          "ProductPK": {
            "ProductId": {
              "text": "--"
            }
          }
        }]
      },
      "ProductType": {
        "ProductTypeCode": [{
          "text": "BasePlan"
        }, {
          "text": "Education"
        }]
      },
      "FundMapInformation": {
        "FundCode": []
      },
      "ProductPK": {
        "ProductId": {
          "text": "EDB16"
        }
      },
      "Alias": {
        "text": "EDB"
      },
      "ProductName": {
        "Name": [{
          "text": "Kế hoạch 16 năm",
          "code": {
            "text": "VN"
          }
        }, {
          "text": "16 years plan",
          "code": {
            "text": "EN"
          }
        }]
      },
      "CreateDate": {
        "text": "20160101"
      }
    }
  },
  "EDB17": {
    "ProductCatalog": {
      "providerId": {
        "text": "EDx_Events"
      },
      "ProductCatalogDetail": {
        "CatalogRecord": [{
          "Channel": {
            "text": "Agency"
          },
          "BasicProductId": {
            "text": "--"
          },
          "Location": {
            "text": "Vietnam"
          },
          "EffectiveDate": {
            "text": "20160101"
          },
          "SchemaId": {
            "text": "01"
          },
          "ProductPK": {
            "ProductId": {
              "text": "--"
            }
          }
        }]
      },
      "ProductType": {
        "ProductTypeCode": [{
          "text": "BasePlan"
        }, {
          "text": "Education"
        }]
      },
      "FundMapInformation": {
        "FundCode": []
      },
      "ProductPK": {
        "ProductId": {
          "text": "EDB17"
        }
      },
      "Alias": {
        "text": "EDB"
      },
      "ProductName": {
        "Name": [{
          "text": "Kế hoạch 17 năm",
          "code": {
            "text": "VN"
          }
        }, {
          "text": "17 years plan",
          "code": {
            "text": "EN"
          }
        }]
      },
      "CreateDate": {
        "text": "20160101"
      }
    }
  },
  "EDB18": {
    "ProductCatalog": {
      "providerId": {
        "text": "EDx_Events"
      },
      "ProductCatalogDetail": {
        "CatalogRecord": [{
          "Channel": {
            "text": "Agency"
          },
          "BasicProductId": {
            "text": "--"
          },
          "Location": {
            "text": "Vietnam"
          },
          "EffectiveDate": {
            "text": "20160101"
          },
          "SchemaId": {
            "text": "01"
          },
          "ProductPK": {
            "ProductId": {
              "text": "--"
            }
          }
        }]
      },
      "ProductType": {
        "ProductTypeCode": [{
          "text": "BasePlan"
        }, {
          "text": "Education"
        }]
      },
      "FundMapInformation": {
        "FundCode": []
      },
      "ProductPK": {
        "ProductId": {
          "text": "EDB18"
        }
      },
      "Alias": {
        "text": "EDB"
      },
      "ProductName": {
        "Name": [{
          "text": "Kế hoạch 18 năm",
          "code": {
            "text": "VN"
          }
        }, {
          "text": "18 years plan",
          "code": {
            "text": "EN"
          }
        }]
      },
      "CreateDate": {
        "text": "20160101"
      }
    }
  },
  "EDB19": {
    "ProductCatalog": {
      "providerId": {
        "text": "EDx_Events"
      },
      "ProductCatalogDetail": {
        "CatalogRecord": [{
          "Channel": {
            "text": "Agency"
          },
          "BasicProductId": {
            "text": "--"
          },
          "Location": {
            "text": "Vietnam"
          },
          "EffectiveDate": {
            "text": "20160101"
          },
          "SchemaId": {
            "text": "01"
          },
          "ProductPK": {
            "ProductId": {
              "text": "--"
            }
          }
        }]
      },
      "ProductType": {
        "ProductTypeCode": [{
          "text": "BasePlan"
        }, {
          "text": "Education"
        }]
      },
      "FundMapInformation": {
        "FundCode": []
      },
      "ProductPK": {
        "ProductId": {
          "text": "EDB19"
        }
      },
      "Alias": {
        "text": "EDB"
      },
      "ProductName": {
        "Name": [{
          "text": "Kế hoạch 19 năm",
          "code": {
            "text": "VN"
          }
        }, {
          "text": "19 years plan",
          "code": {
            "text": "EN"
          }
        }]
      },
      "CreateDate": {
        "text": "20160101"
      }
    }
  },
  "EDB20": {
    "ProductCatalog": {
      "providerId": {
        "text": "EDx_Events"
      },
      "ProductCatalogDetail": {
        "CatalogRecord": [{
          "Channel": {
            "text": "Agency"
          },
          "BasicProductId": {
            "text": "--"
          },
          "Location": {
            "text": "Vietnam"
          },
          "EffectiveDate": {
            "text": "20160101"
          },
          "SchemaId": {
            "text": "01"
          },
          "ProductPK": {
            "ProductId": {
              "text": "--"
            }
          }
        }]
      },
      "ProductType": {
        "ProductTypeCode": [{
          "text": "BasePlan"
        }, {
          "text": "Education"
        }]
      },
      "FundMapInformation": {
        "FundCode": []
      },
      "ProductPK": {
        "ProductId": {
          "text": "EDB20"
        }
      },
      "Alias": {
        "text": "EDB"
      },
      "ProductName": {
        "Name": [{
          "text": "Kế hoạch 20 năm",
          "code": {
            "text": "VN"
          }
        }, {
          "text": "20 years plan",
          "code": {
            "text": "EN"
          }
        }]
      },
      "CreateDate": {
        "text": "20160101"
      }
    }
  },
  "EDB21": {
    "ProductCatalog": {
      "providerId": {
        "text": "EDx_Events"
      },
      "ProductCatalogDetail": {
        "CatalogRecord": [{
          "Channel": {
            "text": "Agency"
          },
          "BasicProductId": {
            "text": "--"
          },
          "Location": {
            "text": "Vietnam"
          },
          "EffectiveDate": {
            "text": "20160101"
          },
          "SchemaId": {
            "text": "01"
          },
          "ProductPK": {
            "ProductId": {
              "text": "--"
            }
          }
        }]
      },
      "ProductType": {
        "ProductTypeCode": [{
          "text": "BasePlan"
        }, {
          "text": "Education"
        }]
      },
      "FundMapInformation": {
        "FundCode": []
      },
      "ProductPK": {
        "ProductId": {
          "text": "EDB21"
        }
      },
      "Alias": {
        "text": "EDB"
      },
      "ProductName": {
        "Name": [{
          "text": "Kế hoạch 21 năm",
          "code": {
            "text": "VN"
          }
        }, {
          "text": "21 years plan",
          "code": {
            "text": "EN"
          }
        }]
      },
      "CreateDate": {
        "text": "20160101"
      }
    }
  },
  "EDB22": {
    "ProductCatalog": {
      "providerId": {
        "text": "EDx_Events"
      },
      "ProductCatalogDetail": {
        "CatalogRecord": [{
          "Channel": {
            "text": "Agency"
          },
          "BasicProductId": {
            "text": "--"
          },
          "Location": {
            "text": "Vietnam"
          },
          "EffectiveDate": {
            "text": "20160101"
          },
          "SchemaId": {
            "text": "01"
          },
          "ProductPK": {
            "ProductId": {
              "text": "--"
            }
          }
        }]
      },
      "ProductType": {
        "ProductTypeCode": [{
          "text": "BasePlan"
        }, {
          "text": "Education"
        }]
      },
      "FundMapInformation": {
        "FundCode": []
      },
      "ProductPK": {
        "ProductId": {
          "text": "EDB22"
        }
      },
      "Alias": {
        "text": "EDB"
      },
      "ProductName": {
        "Name": [{
          "text": "Kế hoạch 22 năm",
          "code": {
            "text": "VN"
          }
        }, {
          "text": "22 years plan",
          "code": {
            "text": "EN"
          }
        }]
      },
      "CreateDate": {
        "text": "20160101"
      }
    }
  },
  "EDB23": {
    "ProductCatalog": {
      "providerId": {
        "text": "EDx_Events"
      },
      "ProductCatalogDetail": {
        "CatalogRecord": [{
          "Channel": {
            "text": "Agency"
          },
          "BasicProductId": {
            "text": "--"
          },
          "Location": {
            "text": "Vietnam"
          },
          "EffectiveDate": {
            "text": "20160101"
          },
          "SchemaId": {
            "text": "01"
          },
          "ProductPK": {
            "ProductId": {
              "text": "--"
            }
          }
        }]
      },
      "ProductType": {
        "ProductTypeCode": [{
          "text": "BasePlan"
        }, {
          "text": "Education"
        }]
      },
      "FundMapInformation": {
        "FundCode": []
      },
      "ProductPK": {
        "ProductId": {
          "text": "EDB23"
        }
      },
      "Alias": {
        "text": "EDB"
      },
      "ProductName": {
        "Name": [{
          "text": "Kế hoạch 23 năm",
          "code": {
            "text": "VN"
          }
        }, {
          "text": "23 years plan",
          "code": {
            "text": "EN"
          }
        }]
      },
      "CreateDate": {
        "text": "20160101"
      }
    }
  },
  "EDB24": {
    "ProductCatalog": {
      "providerId": {
        "text": "EDx_Events"
      },
      "ProductCatalogDetail": {
        "CatalogRecord": [{
          "Channel": {
            "text": "Agency"
          },
          "BasicProductId": {
            "text": "--"
          },
          "Location": {
            "text": "Vietnam"
          },
          "EffectiveDate": {
            "text": "20160101"
          },
          "SchemaId": {
            "text": "01"
          },
          "ProductPK": {
            "ProductId": {
              "text": "--"
            }
          }
        }]
      },
      "ProductType": {
        "ProductTypeCode": [{
          "text": "BasePlan"
        }, {
          "text": "Education"
        }]
      },
      "FundMapInformation": {
        "FundCode": []
      },
      "ProductPK": {
        "ProductId": {
          "text": "EDB24"
        }
      },
      "Alias": {
        "text": "EDB"
      },
      "ProductName": {
        "Name": [{
          "text": "Kế hoạch 24 năm",
          "code": {
            "text": "VN"
          }
        }, {
          "text": "24 years plan",
          "code": {
            "text": "EN"
          }
        }]
      },
      "CreateDate": {
        "text": "20160101"
      }
    }
  },
  "EDB25": {
    "ProductCatalog": {
      "providerId": {
        "text": "EDx_Events"
      },
      "ProductCatalogDetail": {
        "CatalogRecord": [{
          "Channel": {
            "text": "Agency"
          },
          "BasicProductId": {
            "text": "--"
          },
          "Location": {
            "text": "Vietnam"
          },
          "EffectiveDate": {
            "text": "20160101"
          },
          "SchemaId": {
            "text": "01"
          },
          "ProductPK": {
            "ProductId": {
              "text": "--"
            }
          }
        }]
      },
      "ProductType": {
        "ProductTypeCode": [{
          "text": "BasePlan"
        }, {
          "text": "Education"
        }]
      },
      "FundMapInformation": {
        "FundCode": []
      },
      "ProductPK": {
        "ProductId": {
          "text": "EDB25"
        }
      },
      "Alias": {
        "text": "EDB"
      },
      "ProductName": {
        "Name": [{
          "text": "Kế hoạch 25 năm",
          "code": {
            "text": "VN"
          }
        }, {
          "text": "25 years plan",
          "code": {
            "text": "EN"
          }
        }]
      },
      "CreateDate": {
        "text": "20160101"
      }
    }
  },
  "EDB26": {
    "ProductCatalog": {
      "providerId": {
        "text": "EDx_Events"
      },
      "ProductCatalogDetail": {
        "CatalogRecord": [{
          "Channel": {
            "text": "Agency"
          },
          "BasicProductId": {
            "text": "--"
          },
          "Location": {
            "text": "Vietnam"
          },
          "EffectiveDate": {
            "text": "20160101"
          },
          "SchemaId": {
            "text": "01"
          },
          "ProductPK": {
            "ProductId": {
              "text": "--"
            }
          }
        }]
      },
      "ProductType": {
        "ProductTypeCode": [{
          "text": "BasePlan"
        }, {
          "text": "Education"
        }]
      },
      "FundMapInformation": {
        "FundCode": []
      },
      "ProductPK": {
        "ProductId": {
          "text": "EDB26"
        }
      },
      "Alias": {
        "text": "EDB"
      },
      "ProductName": {
        "Name": [{
          "text": "Kế hoạch 26 năm",
          "code": {
            "text": "VN"
          }
        }, {
          "text": "26 years plan",
          "code": {
            "text": "EN"
          }
        }]
      },
      "CreateDate": {
        "text": "20160101"
      }
    }
  },
  "EDB27": {
    "ProductCatalog": {
      "providerId": {
        "text": "EDx_Events"
      },
      "ProductCatalogDetail": {
        "CatalogRecord": [{
          "Channel": {
            "text": "Agency"
          },
          "BasicProductId": {
            "text": "--"
          },
          "Location": {
            "text": "Vietnam"
          },
          "EffectiveDate": {
            "text": "20160101"
          },
          "SchemaId": {
            "text": "01"
          },
          "ProductPK": {
            "ProductId": {
              "text": "--"
            }
          }
        }]
      },
      "ProductType": {
        "ProductTypeCode": [{
          "text": "BasePlan"
        }, {
          "text": "Education"
        }]
      },
      "FundMapInformation": {
        "FundCode": []
      },
      "ProductPK": {
        "ProductId": {
          "text": "EDB27"
        }
      },
      "Alias": {
        "text": "EDB"
      },
      "ProductName": {
        "Name": [{
          "text": "Kế hoạch 27 năm",
          "code": {
            "text": "VN"
          }
        }, {
          "text": "27 years plan",
          "code": {
            "text": "EN"
          }
        }]
      },
      "CreateDate": {
        "text": "20160101"
      }
    }
  }
}
