{
  "UH105": {
    "ProductCatalog": {
      "ProductType": {
        "ProductTypeCode": [
          {
            "text": "BasePlan"
          },
          {
            "text": "UVLife"
          },
          {
            "text": "HasDeathBenefit"
          },
          {
            "text": "RegularSaving"
          }
        ]
      },
      "ProductName": {
        "Name": [
          {
            "text": "UH105",
            "code": {
              "text": "EN"
            }
          },
          {
            "text": "UH105",
            "code": {
              "text": "VN"
            }
          }
        ]
      },
      "ProductCatalogDetail": {
        "CatalogRecord": [
          {
            "SchemaId": {
              "text": "3"
            },
            "ProjectIndicator": {
              "text": "--"
            },
            "ProductPK": {
              "ProductId": {
                "text": "--"
              }
            },
            "Location": {
              "text": "Philippines"
            },
            "EffectiveDate": {
              "text": "20160829"
            },
            "Channel": {
              "text": "Agency"
            },
            "BasicProductId": {
              "text": "--"
            }
          },
          {
            "SchemaId": {
              "text": "3"
            },
            "ProjectIndicator": {
              "text": "--"
            },
            "ProductPK": {
              "ProductId": {
                "text": "--"
              }
            },
            "Location": {
              "text": "Philippines"
            },
            "EffectiveDate": {
              "text": "20160829"
            },
            "Channel": {
              "text": "Admin"
            },
            "BasicProductId": {
              "text": "--"
            }
          },
          {
            "SchemaId": {
              "text": "1"
            },
            "ProjectIndicator": {
              "text": "--"
            },
            "ProductPK": {
              "ProductId": {
                "text": "--"
              }
            },
            "Location": {
              "text": "Philippines"
            },
            "EffectiveDate": {
              "text": "20160829"
            },
            "Channel": {
              "text": "BancaAdmin"
            },
            "BasicProductId": {
              "text": "--"
            }
          },
          {
            "SchemaId": {
              "text": "2"
            },
            "ProjectIndicator": {
              "text": "--"
            },
            "ProductPK": {
              "ProductId": {
                "text": "--"
              }
            },
            "Location": {
              "text": "Philippines"
            },
            "EffectiveDate": {
              "text": "20160829"
            },
            "Channel": {
              "text": "Actuarial"
            },
            "BasicProductId": {
              "text": "--"
            }
          }
        ]
      },
      "FundMapInformation": {
        "FundCode": [
          {
            "text": "SECURE"
          },
          {
            "text": "DIVERSIFIED"
          },
          {
            "text": "GROWTH"
          },
          {
            "text": "DYN_ALLOC"
          },
          {
            "text": "WO2026"
          },
          {
            "text": "WO2031"
          },
          {
            "text": "WO2036"
          },
          {
            "text": "POWERHOUSE"
          },
          {
            "text": "EMPEROR"
          }
        ]
      },
      "providerId": {
        "text": "UHXXX_UIXXXEvents"
      },
      "ProductPK": {
        "ProductId": {
          "text": "UH105"
        }
      },
      "CreateDate": {
        "text": "20160829"
      }
    }
  },
  "UI299": {
    "ProductCatalog": {
      "ProductType": {
        "ProductTypeCode": [
          {
            "text": "BasePlan"
          },
          {
            "text": "UVLife"
          },
          {
            "text": "HasDeathBenefit"
          },
          {
            "text": "RegularSaving"
          }
        ]
      },
      "ProductName": {
        "Name": [
          {
            "text": "UI299",
            "code": {
              "text": "EN"
            }
          },
          {
            "text": "UI299",
            "code": {
              "text": "VN"
            }
          }
        ]
      },
      "ProductCatalogDetail": {
        "CatalogRecord": [
          {
            "SchemaId": {
              "text": "3"
            },
            "ProjectIndicator": {
              "text": "--"
            },
            "ProductPK": {
              "ProductId": {
                "text": "--"
              }
            },
            "Location": {
              "text": "Philippines"
            },
            "EffectiveDate": {
              "text": "20160829"
            },
            "Channel": {
              "text": "Agency"
            },
            "BasicProductId": {
              "text": "--"
            }
          },
          {
            "SchemaId": {
              "text": "3"
            },
            "ProjectIndicator": {
              "text": "--"
            },
            "ProductPK": {
              "ProductId": {
                "text": "--"
              }
            },
            "Location": {
              "text": "Philippines"
            },
            "EffectiveDate": {
              "text": "20160829"
            },
            "Channel": {
              "text": "Admin"
            },
            "BasicProductId": {
              "text": "--"
            }
          },
          {
            "SchemaId": {
              "text": "1"
            },
            "ProjectIndicator": {
              "text": "--"
            },
            "ProductPK": {
              "ProductId": {
                "text": "--"
              }
            },
            "Location": {
              "text": "Philippines"
            },
            "EffectiveDate": {
              "text": "20160829"
            },
            "Channel": {
              "text": "BancaAdmin"
            },
            "BasicProductId": {
              "text": "--"
            }
          },
          {
            "SchemaId": {
              "text": "2"
            },
            "ProjectIndicator": {
              "text": "--"
            },
            "ProductPK": {
              "ProductId": {
                "text": "--"
              }
            },
            "Location": {
              "text": "Philippines"
            },
            "EffectiveDate": {
              "text": "20160829"
            },
            "Channel": {
              "text": "Actuarial"
            },
            "BasicProductId": {
              "text": "--"
            }
          }
        ]
      },
      "FundMapInformation": {
        "FundCode": [
          {
            "text": "SECURE"
          },
          {
            "text": "APAC_SECURE"
          },
          {
            "text": "ASEAN_GROWTH"
          }
        ]
      },
      "providerId": {
        "text": "UHXXX_UIXXXEvents"
      },
      "ProductPK": {
        "ProductId": {
          "text": "UI299"
        }
      },
      "CreateDate": {
        "text": "20160829"
      }
    }
  }
}