{
  "ENx12": {
    "ProductCatalog": {
      "providerId": {
        "text": "TradParCore_Events"
      },
      "ProductCatalogDetail": {
        "CatalogRecord": [
          {
            "Channel": {
              "text": "Agency"
            },
            "BasicProductId": {
              "text": "--"
            },
            "Location": {
              "text": "Vietnam"
            },
            "EffectiveDate": {
              "text": "20161116"
            },
            "SchemaId": {
              "text": "01"
            },
            "ProductPK": {
              "ProductId": {
                "text": "--"
              }
            }
          }
        ]
      },
      "ProductType": {
        "ProductTypeCode": [
          {
            "text": "BasePlan"
          },
          {
            "text": "HasDeathBenefit"
          },
          {
            "text": "MajorDiseaseBenefit"
          },
          {
            "text": "Participate"
          }
        ]
      },
      "FundMapInformation": {
        "FundCode": []
      },
      "ProductPK": {
        "ProductId": {
          "text": "EIM12"
        }
      },
      "Alias": {
        "text": "EIM12"
      },
      "ProductName": {
        "Name": [
          {
            "text": "Kế hoạch đóng phí 12 năm",
            "code": {
              "text": "VN"
            }
          },
          {
            "text": "12 years premium paying plan",
            "code": {
              "text": "EN"
            }
          }
        ]
      },
      "CreateDate": {
        "text": "20161116"
      }
    }
  },
  "EIx15": {
    "ProductCatalog": {
      "providerId": {
        "text": "TradParCore_Events"
      },
      "ProductCatalogDetail": {
        "CatalogRecord": [
          {
            "Channel": {
              "text": "Agency"
            },
            "BasicProductId": {
              "text": "--"
            },
            "Location": {
              "text": "Vietnam"
            },
            "EffectiveDate": {
              "text": "20161116"
            },
            "SchemaId": {
              "text": "01"
            },
            "ProductPK": {
              "ProductId": {
                "text": "--"
              }
            }
          },
          {
            "Channel": {
              "text": "Agency"
            },
            "BasicProductId": {
              "text": "--"
            },
            "Location": {
              "text": "Vietnam"
            },
            "EffectiveDate": {
              "text": "20161116"
            },
            "SchemaId": {
              "text": "01"
            },
            "ProductPK": {
              "ProductId": {
                "text": "--"
              }
            }
          }
        ]
      },
      "ProductType": {
        "ProductTypeCode": [
          {
            "text": "BasePlan"
          },
          {
            "text": "HasDeathBenefit"
          },
          {
            "text": "MajorDiseaseBenefit"
          },
          {
            "text": "Participate"
          }
        ]
      },
      "FundMapInformation": {
        "FundCode": []
      },
      "ProductPK": {
        "ProductId": {
          "text": "EIM15"
        }
      },
      "Alias": {
        "text": "EIM15"
      },
      "ProductName": {
        "Name": [
          {
            "text": "Kế hoạch đóng phí 15 năm",
            "code": {
              "text": "VN"
            }
          },
          {
            "text": "15 years premium paying plan",
            "code": {
              "text": "EN"
            }
          }
        ]
      },
      "CreateDate": {
        "text": "20161116"
      }
    }
  },
  "EIx20": {
    "ProductCatalog": {
      "providerId": {
        "text": "TradParCore_Events"
      },
      "ProductCatalogDetail": {
        "CatalogRecord": [
          {
            "Channel": {
              "text": "Agency"
            },
            "BasicProductId": {
              "text": "--"
            },
            "Location": {
              "text": "Vietnam"
            },
            "EffectiveDate": {
              "text": "20161116"
            },
            "SchemaId": {
              "text": "01"
            },
            "ProductPK": {
              "ProductId": {
                "text": "--"
              }
            }
          }
        ]
      },
      "ProductType": {
        "ProductTypeCode": [
          {
            "text": "BasePlan"
          },
          {
            "text": "HasDeathBenefit"
          },
          {
            "text": "MajorDiseaseBenefit"
          },
          {
            "text": "Participate"
          }
        ]
      },
      "FundMapInformation": {
        "FundCode": []
      },
      "ProductPK": {
        "ProductId": {
          "text": "EIM20"
        }
      },
      "Alias": {
        "text": "EIM20"
      },
      "ProductName": {
        "Name": [
          {
            "text": "Kế hoạch đóng phí 20 năm",
            "code": {
              "text": "VN"
            }
          },
          {
            "text": "20 years premium paying plan",
            "code": {
              "text": "EN"
            }
          }
        ]
      },
      "CreateDate": {
        "text": "20161116"
      }
    }
  }
}