[{"proposalId":"45067c55-40cd-6525-d429-2edd0660825c","fileGroup":"proposal","isDeleted":false,"isSyncToAWS":false,"proposalData":"{\"_guid\":\"0490809d-ec58-4939-91da-f0fb2224d5e0\",\"proposalName\":\"New CI Endowment_EIC12\",\"proposalId\":\"45067c55-40cd-6525-d429-2edd0660825c\",\"isDefaultRidersAdded\":true,\"proposalNumber\":\"12CX925989\",\"fnaReportGeneratedDate\":\"2019-06-05T11:49:39.617Z\",\"status\":\"draft\",\"plan\":\"EIC12\",\"basePlanSchemaId\":\"01\",\"product\":{\"source\":\"SFDC\",\"category\":[\"Life\",\"Health\",\"Retire\"],\"expiryDate\":\"20991212\",\"resources\":{\"vn\":{\"indicator\":\"UpToDate\",\"marketingName\":\"Manulife - Cuộc Sống Tươi Đẹp Ưu Việt\",\"title\":\"Manulife - Cuộc Sống Tươi Đẹp Ưu Việt\",\"thumbnailLocalUri\":\"/var/mobile/Containers/Data/Application/3A14088D-3A1C-4097-9FE2-E10C7737A185/Documents/cache/contentCatalog/vn/new_ci_endowment_thumbnail.png\",\"isExistsInBundle\":true,\"size\":0,\"description\":\"Bình An Vui Sống\",\"fileSize\":1109982,\"features\":[\"Phí ngắn hạn, bảo vệ trọn đời\",\"Đồng hành qua 3 giai đoạn bệnh\",\"Quyền lợi tiền mặt đặc biệt\",\"Quyền lợi đáo hạn hấp dẫn\"],\"localUri\":\"/var/mobile/Containers/Data/Application/3A14088D-3A1C-4097-9FE2-E10C7737A185/Documents/cache/contentCatalog/vn/new_ci_endowment.pdf\"},\"en\":{\"indicator\":\"UpToDate\",\"marketingName\":\"Manulife - Beautiful Life Advanced\",\"title\":\"New CI Endowment\",\"thumbnailLocalUri\":\"/var/mobile/Containers/Data/Application/3A14088D-3A1C-4097-9FE2-E10C7737A185/Documents/cache/contentCatalog/en/new_ci_endowment_thumbnail.png\",\"isExistsInBundle\":true,\"size\":0,\"description\":\"Peace Live Happily\",\"fileSize\":1109982,\"features\":[\"Short term, lifetime protection\",\"Companion through 3 stages of disease\",\"Special cash benefits\",\"Interest attractive maturity\"],\"localUri\":\"/var/mobile/Containers/Data/Application/3A14088D-3A1C-4097-9FE2-E10C7737A185/Documents/cache/contentCatalog/en/new_ci_endowment.pdf\"}},\"contentType\":\"application/pdf\",\"goals\":[\"icon-life-protection\",\"icon-health-protection\",\"icon-prepare-for-retirement\"],\"documentId\":\"new_ci_endowment\",\"effectiveDate\":\"20180101\",\"contentGroup\":\"product\",\"isAllowSellProduct\":true,\"visibility\":\"visible\"},\"effectiveDate\":\"2019-06-05T11:48:45.139Z\",\"reference\":\"PROP-000000008\",\"policyExcludeSOS\":\"N\",\"createdDate\":\"2019-06-05T11:48:45.139Z\",\"riders\":[],\"fundActivities\":[],\"proposalPremiums\":{\"basePlan\":{\"premiums\":[{\"paymentMode\":\"Annual\",\"premium\":45290},{\"paymentMode\":\"Semi-Annual\",\"premium\":24000},{\"paymentMode\":\"Quarterly\",\"premium\":12680},{\"paymentMode\":\"Monthly\",\"premium\":4530}],\"discounts\":[{\"paymentMode\":\"Annual\",\"discount\":2891},{\"paymentMode\":\"Semi-Annual\",\"discount\":1532},{\"paymentMode\":\"Quarterly\",\"discount\":809},{\"paymentMode\":\"Monthly\",\"discount\":289}],\"extraPremiums\":[{\"paymentMode\":\"Annual\",\"extraPremium\":0},{\"paymentMode\":\"Semi-Annual\",\"extraPremium\":0},{\"paymentMode\":\"Quarterly\",\"extraPremium\":0},{\"paymentMode\":\"Monthly\",\"extraPremium\":0}],\"totalPremiums\":[{\"paymentMode\":\"Annual\",\"totalPremium\":45290},{\"paymentMode\":\"Semi-Annual\",\"totalPremium\":24000},{\"paymentMode\":\"Quarterly\",\"totalPremium\":12680},{\"paymentMode\":\"Monthly\",\"totalPremium\":4530}]},\"basePlanCode\":\"EIC12\",\"riders\":[],\"topUps\":[{\"paymentMode\":\"Annual\",\"topUp\":0},{\"paymentMode\":\"Semi-Annual\",\"topUp\":0},{\"paymentMode\":\"Quarterly\",\"topUp\":0},{\"paymentMode\":\"Monthly\",\"topUp\":0}],\"regularPayments\":[{\"paymentMode\":\"Annual\",\"regularPayment\":45290},{\"paymentMode\":\"Semi-Annual\",\"regularPayment\":24000},{\"paymentMode\":\"Quarterly\",\"regularPayment\":12680},{\"paymentMode\":\"Monthly\",\"regularPayment\":4530}],\"totalPayments\":[{\"paymentMode\":\"Annual\",\"totalPayment\":45290},{\"paymentMode\":\"Semi-Annual\",\"totalPayment\":24000},{\"paymentMode\":\"Quarterly\",\"totalPayment\":12680},{\"paymentMode\":\"Monthly\",\"totalPayment\":4530}]},\"planNames\":{\"en\":\"12 years premium paying plan\",\"vn\":\"Kế hoạch đóng phí 12 năm\"},\"version\":\"0.1\",\"basePlan\":{\"baseProtection\":1000000,\"basePremium\":45290,\"deathBenefit\":null,\"totalPayment\":45290,\"paymentFrequently\":\"A\",\"termProtection\":0,\"termPremium\":0,\"shortfall\":null,\"basePremiumBeforeDiscount\":48181,\"multipler\":null,\"premiumDuration\":12,\"emLoading\":1,\"perMille\":0,\"perMilleDuration\":0,\"termEMLoading\":1,\"termPerMille\":0,\"termPerMilleDuration\":0,\"topUpPremium\":0,\"minFaMultiplier\":0,\"maxFaMultiplier\":0,\"fundRecords\":[],\"fundActivities\":[{\"regularPayment\":0,\"attainAge\":16}]},\"funds\":[],\"customer\":{\"_guid\":\"367f6743-7c0a-4468-9d9a-db658d1eeddd\",\"insured\":{\"_guid\":\"743b98a0-9758-4964-9210-bdab762b7405\",\"id\":\"83afa3b4-c70e-eafb-42b4-7618e4497428\",\"lastName\":\"Huynh\",\"middleName\":\"\",\"firstName\":\"Child\",\"dob\":\"2014-11-10T17:00:00.000Z\",\"gender\":\"Male\",\"occupation\":{\"transId\":\"OCC0003\",\"id\":\"3\",\"description\":\"Administration - Advocate & Solicitor\"},\"smokingStatus\":\"NEVER_SMOKE\",\"age\":4,\"fullName\":\"Child Huynh\",\"ownerIsInsured\":false},\"owner\":{\"_guid\":\"da5edb2c-4545-4a33-b00c-8a71a3805345\",\"id\":\"d3162f16-66bc-1b8c-0cc6-3c0cb54cdeab\",\"lastName\":\"Huynh\",\"middleName\":\"\",\"firstName\":\"Test\",\"dob\":\"1990-11-10T17:00:00.000Z\",\"age\":28,\"gender\":\"Male\",\"relationToInsured\":\"Parent\",\"ownerIsInsured\":false,\"occupation\":{\"transId\":\"OCC0007\",\"id\":\"7\"},\"smokingStatus\":\"NEVER_SMOKE\",\"fullName\":\"Test Huynh\"},\"customerId\":\"d3162f16-66bc-1b8c-0cc6-3c0cb54cdeab\",\"dependents\":[]},\"validStatus\":true,\"customerId\":\"d3162f16-66bc-1b8c-0cc6-3c0cb54cdeab\",\"agentId\":\"1\"}","isDraft":true,"lastModifiedDate":"2019-06-05T11:49:38.692Z"},{"proposalId":"0de826ed-9900-2fb6-4c31-70260b7aade5","fileGroup":"proposal","isDeleted":false,"isSyncToAWS":false,"proposalData":"{\"_guid\":\"9000c4e6-ee92-4192-b72a-0528abef3529\",\"proposalName\":\"Horizons_UH105\",\"proposalId\":\"0de826ed-9900-2fb6-4c31-70260b7aade5\",\"isDeleted\":false,\"isDefaultRidersAdded\":true,\"proposalNumber\":\"12CX669480\",\"fnaReportGeneratedDate\":\"2019-06-05T11:55:09.327Z\",\"status\":\"converted\",\"finalProposalAttachmentId\":\"db4fd4b8-e554-4277-b899-ae5af423e6d4\",\"plan\":\"UH105\",\"basePlanSchemaId\":\"3\",\"product\":{\"source\":\"SFDC\",\"category\":[\"Life\",\"Health\",\"Save\",\"Educate\"],\"expiryDate\":\"20991231\",\"resources\":{\"vn\":{\"indicator\":\"UpToDate\",\"marketingName\":\"Horizon\",\"title\":\"Horizons\",\"thumbnailLocalUri\":\"/var/mobile/Containers/Data/Application/3A14088D-3A1C-4097-9FE2-E10C7737A185/Documents/cache/contentCatalog/vn/universal_life_thumbnail.png\",\"isExistsInBundle\":true,\"size\":816308,\"description\":\"Xây nền tài chính, vững bền tương lai\",\"fileSize\":679342,\"features\":[\"Bảo vệ toàn diện\",\"Linh hoạt đóng phí với mức phí thấp\",\"Chủ động gia tăng Số tiền bảo hiểm\",\"Lãi suất đầu tư hấp dẫn\"],\"localUri\":\"/var/mobile/Containers/Data/Application/3A14088D-3A1C-4097-9FE2-E10C7737A185/Documents/cache/contentCatalog/vn/universal_life.pdf\"},\"en\":{\"indicator\":\"UpToDate\",\"marketingName\":\"Horizon\",\"title\":\"Horizons\",\"thumbnailLocalUri\":\"/var/mobile/Containers/Data/Application/3A14088D-3A1C-4097-9FE2-E10C7737A185/Documents/cache/contentCatalog/en/universal_life_thumbnail.png\",\"isExistsInBundle\":true,\"size\":816308,\"description\":\"Build a financial, sustainable future\",\"fileSize\":679342,\"features\":[\"Comprehensive protection\",\"Flexible toll charges at a low cost\",\"Actively increase the Sum Insured\",\"Attractive interest rates\"],\"localUri\":\"src/assets/pdfs/BrochureQuaTangConYeu20170914.pdf\"}},\"contentType\":\"application/pdf\",\"goals\":[\"icon-life-protection\",\"icon-health-protection\",\"icon-savings\",\"icon-save-for-children-education\"],\"documentId\":\"horizon\",\"effectiveDate\":\"20170901\",\"contentGroup\":\"product\"},\"effectiveDate\":\"2019-06-05T11:49:54.460Z\",\"reference\":\"PROP-000000008\",\"policyExcludeSOS\":\"N\",\"createdDate\":\"2019-06-05T11:49:54.460Z\",\"riders\":[],\"fundActivities\":[],\"proposalPremiums\":{\"basePlan\":{\"premiums\":[{\"paymentMode\":\"Annual\",\"premium\":57670},{\"paymentMode\":\"Semi-Annual\",\"premium\":28835},{\"paymentMode\":\"Quarterly\",\"premium\":14417.5},{\"paymentMode\":\"Monthly\",\"premium\":4805.8333333333}],\"extraPremiums\":[{\"paymentMode\":\"Annual\",\"extraPremium\":0},{\"paymentMode\":\"Semi-Annual\",\"extraPremium\":0},{\"paymentMode\":\"Quarterly\",\"extraPremium\":0},{\"paymentMode\":\"Monthly\",\"extraPremium\":0}],\"extraPremiumDetails\":[],\"totalPremiums\":[{\"paymentMode\":\"Annual\",\"totalPremium\":57670},{\"paymentMode\":\"Semi-Annual\",\"totalPremium\":28835},{\"paymentMode\":\"Quarterly\",\"totalPremium\":14417.5},{\"paymentMode\":\"Monthly\",\"totalPremium\":4805.8333333333}]},\"basePlanCode\":\"UH105\",\"riders\":[],\"topUps\":[{\"paymentMode\":\"Annual\",\"topUp\":0},{\"paymentMode\":\"Semi-Annual\",\"topUp\":0},{\"paymentMode\":\"Quarterly\",\"topUp\":0},{\"paymentMode\":\"Monthly\",\"topUp\":0}],\"regularPayments\":[{\"paymentMode\":\"Annual\",\"regularPayment\":57670},{\"paymentMode\":\"Semi-Annual\",\"regularPayment\":28835},{\"paymentMode\":\"Quarterly\",\"regularPayment\":14418},{\"paymentMode\":\"Monthly\",\"regularPayment\":4806}],\"totalPayments\":[{\"paymentMode\":\"Annual\",\"totalPayment\":57670},{\"paymentMode\":\"Semi-Annual\",\"totalPayment\":28835},{\"paymentMode\":\"Quarterly\",\"totalPayment\":14418},{\"paymentMode\":\"Monthly\",\"totalPayment\":4806}]},\"planNames\":{\"en\":\"UH105\"},\"version\":\"0.1\",\"basePlan\":{\"annualPremium\":57670,\"baseProtection\":1000000,\"basePremium\":57670,\"deathBenefit\":\"Increase\",\"totalPayment\":57670,\"paymentFrequently\":\"A\",\"termProtection\":0,\"termPremium\":0,\"shortfall\":0,\"basePremiumBeforeDiscount\":0,\"min\":null,\"max\":null,\"multipler\":0,\"premiumDuration\":5,\"modalPremium\":null,\"policyLoan\":null,\"emLoading\":1,\"perMille\":0,\"perMilleDuration\":0,\"termEMLoading\":1,\"termPerMille\":0,\"termPerMilleDuration\":0,\"topUpPremium\":0,\"minFaMultiplier\":0,\"maxFaMultiplier\":0,\"annualAdditionalPayment\":0,\"riskRatingResult\":0,\"aggregateROILow\":4,\"aggregateROIHigh\":10,\"fundRecords\":[{\"code\":\"SECURE\",\"allocation\":100,\"returnRate\":4,\"returnRateMedium\":8,\"returnRateHigh\":10,\"displayReturnRate\":53.55,\"displayReturnRateMedium\":0,\"displayReturnRateHigh\":0}],\"fundActivities\":[{\"plannedPremium\":0,\"attainAge\":35}]},\"funds\":[{\"fundId\":\"SECURE\",\"fundVersion\":\"000001\",\"allocationPercentage\":100}],\"customer\":{\"_guid\":\"33dcf0b4-949a-40f2-87a5-36119ac51381\",\"insured\":{\"_guid\":\"957e8af7-ea60-4719-89a1-40f0750ea81f\",\"id\":\"d3162f16-66bc-1b8c-0cc6-3c0cb54cdeab\",\"lastName\":\"Huynh\",\"middleName\":\"\",\"firstName\":\"Test\",\"dob\":\"1990-11-10T17:00:00.000Z\",\"gender\":\"Male\",\"occupation\":{\"transId\":\"OCC0007\",\"id\":\"7\",\"description\":\"\"},\"smokingStatus\":\"SMOKE_UP_TO_30_CPD\",\"age\":29,\"fullName\":\"Test Huynh\",\"ownerIsInsured\":false},\"owner\":{\"_guid\":\"017994e7-8804-4fc1-91b7-01efb6b87999\",\"id\":\"d3162f16-66bc-1b8c-0cc6-3c0cb54cdeab\",\"lastName\":\"Huynh\",\"middleName\":\"\",\"firstName\":\"Test\",\"dob\":\"1990-11-10T17:00:00.000Z\",\"age\":29,\"gender\":\"Male\",\"relationToInsured\":\"Self\",\"ownerIsInsured\":true,\"occupation\":{\"transId\":\"OCC0007\",\"id\":\"7\"},\"smokingStatus\":\"SMOKE_UP_TO_30_CPD\",\"fullName\":\"Test Huynh\"},\"customerId\":\"d3162f16-66bc-1b8c-0cc6-3c0cb54cdeab\",\"dependents\":[]},\"validStatus\":true,\"customerId\":\"d3162f16-66bc-1b8c-0cc6-3c0cb54cdeab\",\"agentId\":\"1\",\"expiryDate\":\"2019-07-04T11:55:51.171Z\"}","isDraft":false,"lastModifiedDate":"2019-06-05T11:56:01.316Z"}]