[
  {
    "reportGeneratedDate": "20180924103556",
    "uri": "",
    "isDeleted": "",
    "isDraft": false,
    "SoupEntryId": 21,
    "lastModifiedDate": "20180924103556",
    "syncStatus": "",
    "customerId": "b8842bba-49ae-5de0-4bb5-fbd4a797dc71",
    "lastSyncDate": "",
    "rpqData": "Medium",
    "rpqId": "DD40F09C-FB3F-40A1-BBA8-4888E2EC4335"
  },
  {
    "reportGeneratedDate": "20180926061614",
    "uri": "",
    "isDeleted": "",
    "isDraft": false,
    "SoupEntryId": 22,
    "lastModifiedDate": "20180926061614",
    "syncStatus": "",
    "customerId": "b8842bba-49ae-5de0-4bb5-fbd4a797dc71",
    "lastSyncDate": "",
    "rpqData": "Medium to High",
    "rpqId": "2393997C-956D-4ED9-942C-5AD8CB80A4AA"
  },
  {
    "reportGeneratedDate": "20180926061643",
    "uri": "",
    "isDeleted": "",
    "isDraft": false,
    "SoupEntryId": 23,
    "lastModifiedDate": "20180926061643",
    "syncStatus": "",
    "customerId": "b8842bba-49ae-5de0-4bb5-fbd4a797dc71",
    "lastSyncDate": "",
    "rpqData": "Medium",
    "rpqId": "800B644E-875F-4901-A87B-2634E21820E9"
  }
]