{
  "ProductSchema": {
      "Dependency": {
          "DependencyRuleRecord": []
      },
      "BasicParticular": {
          "RPUParticiplateIndicator": {
              "text": "1"
          },
          "PremiumPeriodIndicator": {
              "text": "Y"
          },
          "PremiumByCurrency": {
              "text": "Y"
          },
          "IssueAge": {
              "Min": {
                  "text": "18"
              },
              "Max": {
                  "text": "55"
              }
          },
          "ModalFactorControl": {
              "text": "Y"
          },
          "IntRates": {
              "AODRate": {
                  "text": "6.75"
              },
              "AODRateLow": {
                  "text": "6.25"
              },
              "AODRateHigh": {
                  "text": "7.25"
              }
          },
          "RenewalContractIndicator": {
              "text": "N"
          },
          "BenefitPeriodType": {
              "text": "1"
          },
          "PCPercentageChargeBackYear1": {
              "text": "100"
          },
          "PremiumRangeInformation": {
              "PremiumRange": [
                  {
                      "MinAge": {
                          "text": "0"
                      },
                      "MaxPremium": {
                          "text": "999999999"
                      },
                      "MaxAge": {
                          "text": "99"
                      },
                      "MinPremium": {
                          "text": "4000"
                      },
                      "PaymentMode": {
                          "text": "Annual"
                      },
                      "Type": {
                          "text": "Basic"
                      },
                      "CurrencyPK": {
                          "CurrencyId": {
                              "text": "VND"
                          }
                      },
                      "BillingMode": {
                          "text": "DirectBilling"
                      }
                  },
                  {
                      "MinAge": {
                          "text": "0"
                      },
                      "MaxPremium": {
                          "text": "999999999"
                      },
                      "MaxAge": {
                          "text": "99"
                      },
                      "MinPremium": {
                          "text": "2000"
                      },
                      "PaymentMode": {
                          "text": "Semi-Annual"
                      },
                      "Type": {
                          "text": "Basic"
                      },
                      "CurrencyPK": {
                          "CurrencyId": {
                              "text": "VND"
                          }
                      },
                      "BillingMode": {
                          "text": "DirectBilling"
                      }
                  },
                  {
                      "MinAge": {
                          "text": "0"
                      },
                      "MaxPremium": {
                          "text": "999999999"
                      },
                      "MaxAge": {
                          "text": "99"
                      },
                      "MinPremium": {
                          "text": "1000"
                      },
                      "PaymentMode": {
                          "text": "Quarterly"
                      },
                      "Type": {
                          "text": "Basic"
                      },
                      "CurrencyPK": {
                          "CurrencyId": {
                              "text": "VND"
                          }
                      },
                      "BillingMode": {
                          "text": "DirectBilling"
                      }
                  },
                  {
                      "MinAge": {
                          "text": "0"
                      },
                      "MaxPremium": {
                          "text": "999999999"
                      },
                      "MaxAge": {
                          "text": "99"
                      },
                      "MinPremium": {
                          "text": "500"
                      },
                      "PaymentMode": {
                          "text": "Monthly"
                      },
                      "Type": {
                          "text": "Basic"
                      },
                      "CurrencyPK": {
                          "CurrencyId": {
                              "text": "VND"
                          }
                      },
                      "BillingMode": {
                          "text": "DirectBilling"
                      }
                  }
              ]
          },
          "ProductCreditFactor": [
              {
                  "mode": {
                      "text": "Monthly"
                  },
                  "text": "1.5"
              },
              {
                  "mode": {
                      "text": "Quarterly"
                  },
                  "text": "1.5"
              },
              {
                  "mode": {
                      "text": "Semi-Annual"
                  },
                  "text": "1.5"
              },
              {
                  "mode": {
                      "text": "Annual"
                  },
                  "text": "1.5"
              }
          ],
          "PremiumByChannel": {
              "text": "N"
          },
          "PPPRenewalFactor": {
              "text": "1"
          },
          "MaxIPOIssueAge": {
              "text": "0"
          },
          "ProductionCreditControl": {
              "text": "1"
          },
          "PremiumPayingPeriodType": {
              "text": "1"
          },
          "ModalFactor": [
              {
                  "mode": {
                      "text": "Monthly"
                  },
                  "text": "0.1"
              },
              {
                  "mode": {
                      "text": "Quarterly"
                  },
                  "text": "0.28"
              },
              {
                  "mode": {
                      "text": "Semi-Annual"
                  },
                  "text": "0.53"
              },
              {
                  "mode": {
                      "text": "Annual"
                  },
                  "text": "1"
              }
          ],
          "CommissionByChannel": {
              "text": "Y"
          },
          "RenewalPeriod": {
              "text": "0"
          },
          "PremiumBySmokingCode": {
              "text": "N"
          },
          "PUAPayoutMonth": {
              "text": "0"
          },
          "BandLikeBaseIndicator": {
              "text": "N"
          },
          "ReinstatementPremiumIndicator": {
              "text": "Y"
          },
          "SupportResidencyClass": {
              "ResidencyClass": []
          },
          "ModalFactorForAutopay": {
              "text": "0.1"
          },
          "CommissionByAge": {
              "text": "N"
          },
          "PremiumByNoOfInsured": {
              "text": "N"
          },
          "SupportDividendOption": {
              "DividendOption": [
                  {
                      "text": "CashDividend"
                  },
                  {
                      "text": "LeaveOnDeposit"
                  }
              ]
          },
          "PremiumByBand": {
              "text": "Y"
          },
          "IpoPercentage": {
              "text": "0"
          },
          "DiscountCashValueRate": {
              "text": "0.07"
          },
          "CommissionByCurrency": {
              "text": "N"
          },
          "AnnuityControl": {
              "text": "0"
          },
          "EffectiveAgeLowRule": {
              "text": "L"
          },
          "SupportDeathBenefit": {
              "DeathBenefit": []
          },
          "MLIPlanType": {
              "text": "N"
          },
          "SupportOccupationClass": {
              "OccupationClass": []
          },
          "SupportCurrency": {
              "CurrencyCode": [
                  {
                      "text": "VND"
                  }
              ]
          },
          "ExcludingSOSLocation": {
              "Location": []
          },
          "MultipleBasePlanIndicator": {
              "text": "N"
          },
          "PolicyLoan": {
              "Max": {
                  "text": "80"
              }
          },
          "SupportSmokingStatus": {
              "SmokingStatus": [
                  {
                      "text": "Standard"
                  },
                  {
                      "text": "Non-Smoker"
                  }
              ]
          },
          "ETIParticipateIndicator": {
              "text": "1"
          },
          "EndowmentControl": {
              "text": "2"
          },
          "RPUEndowmentControl": {
              "text": "1"
          },
          "PremiumByAge": {
              "text": "Y"
          },
          "PremiumPaidPeriod": {
              "MaxPremiumPaidAge": {
                  "text": "0"
              },
              "MinPremiumPaidPeriod": {
                  "text": "19"
              }
          },
          "EffectiveAgeHighRule": {
              "text": "L"
          },
          "PremiumByOccupation": {
              "text": "N"
          },
          "ArrearCalculationMethod": {
              "text": "1"
          },
          "NFOETIOk": {
              "text": "N"
          },
          "MarketPlanName": [
              {
                  "text": "Manulife - Chắp Cánh Tương Lai",
                  "code": {
                      "text": "VIE"
                  }
              }
          ],
          "DefaultNfoOption": {
              "text": "2"
          },
          "CommissionYearType": {
              "text": "S"
          },
          "SumAssuranceTopUpPercentage": {
              "text": "0"
          },
          "PremiumAgeBasis": {
              "text": "I"
          },
          "PremiumByPPP": {
              "text": "N"
          },
          "DefaultDividendOption": {
              "text": "2"
          },
          "CommissionByDuration": {
              "text": "N"
          },
          "BenefitPeriod": {
              "MaxBenefitAge": {
                  "text": "70"
              },
              "MinBenefitPeriod": {
                  "text": "23"
              }
          },
          "CalcMethods": {
              "DeathBenefit": {
                  "text": "CalcEventDeathBenefitTrad"
              }
          },
          "PremiumBySecondLfeSex": {
              "text": "N"
          },
          "PCPercentageChargeBackYear2": {
              "text": "100"
          },
          "ETIFactor": {
              "text": "1"
          },
          "TerminalBonusControl": {
              "text": "0"
          },
          "MLIFundCode": {
              "text": "1"
          },
          "Remarks": {
              "text": "EDX"
          },
          "PremiumBySex": {
              "text": "Y"
          },
          "CommissionByBand": {
              "text": "N"
          },
          "CashValuePayoutMonth": {
              "text": "0"
          },
          "SupportNoOfPersons": {
              "PersonsLimit": []
          },
          "PremiumByInterestRate": {
              "text": "N"
          },
          "BenefitPeriodIndicator": {
              "text": "A"
          },
          "PremiumByDuration": {
              "text": "N"
          },
          "SupportOtherOptions": {
              "CoverageClass": [],
              "MajorMedical": []
          },
          "WithdrawBonus": {
              "text": "N"
          },
          "RecurrentSinglePremium": [],
          "NFORPUOk": {
              "text": "Y"
          },
          "MaxIPOYear": {
              "text": "0"
          },
          "SupportOption": {
              "HasOccupationClass": {
                  "text": "N"
              },
              "HasRCC": {
                  "text": "N"
              },
              "TotalPermanentDisability": {
                  "text": "N"
              },
              "IIO": {
                  "text": "N"
              },
              "HasSelfWavier": {
                  "text": "N"
              },
              "WithdrawalBonus": {
                  "text": "N"
              },
              "HasBenefitPeriod": {
                  "text": "N"
              },
              "FreeOfCharge": {
                  "text": "N"
              },
              "ExtraRatingWithIPO": {
                  "text": "N"
              },
              "IPOwithBasicIPO": {
                  "text": "N"
              },
              "HasBenefitOption": {
                  "text": "N"
              },
              "JuvenileRule": {
                  "text": "N"
              },
              "PayorRequired": {
                  "text": "N"
              },
              "HasPremiumDiscount": {
                  "text": "N"
              },
              "DividendOption": {
                  "text": "Y"
              },
              "DeductRedempChargeFromWithdraw": {
                  "text": "N"
              },
              "BackDate": {
                  "text": "N"
              },
              "TopUpPremium": {
                  "text": "N"
              },
              "HasWaitingPeriod": {
                  "text": "N"
              },
              "POWithCoupon": {
                  "text": "N"
              },
              "MajorMedical": {
                  "text": "N"
              },
              "MultiplePerson": {
                  "text": "N"
              },
              "PremiumOffset": {
                  "text": "N"
              },
              "ExtraRating": {
                  "text": "N"
              },
              "ShareBasicPlanFaceAmount": {
                  "text": "N"
              },
              "RequirePolicyFee": {
                  "text": "N"
              },
              "TerminalIllness": {
                  "text": "N"
              },
              "Declined": {
                  "text": "N"
              },
              "PDF": {
                  "text": "N"
              },
              "IPO": {
                  "text": "N"
              }
          },
          "FundDealingMethod": {
              "text": "1"
          },
          "MLISubType": {
              "text": "N"
          },
          "PremiumApplyMethod": {
              "text": "1"
          },
          "PremiumByClass": {
              "text": "N"
          },
          "SupportSex": {
              "Sex": [
                  {
                      "text": "Female"
                  }
              ]
          },
          "DeathBenefitIndicator": {
              "text": "2"
          },
          "PremiumCalculationMethod": {
              "text": "1"
          },
          "BPPRenewalFactor": {
              "text": "1"
          }
      },
      "Commission": {
          "CommissionScale": []
      },
      "CurrencyBaseLimits": {
          "CurrencyLimitRecord": [
              {
                  "LimitNature": {
                      "text": "Min"
                  },
                  "IPOFAMultiplier": {
                      "text": "0"
                  },
                  "NAR": {
                      "text": "0"
                  },
                  "TotalSubscription": {
                      "text": "0"
                  },
                  "IPOTotalAmount": {
                      "text": "0"
                  },
                  "LoanAmount": {
                      "text": "0"
                  },
                  "MonthlyGuaranteeIncome": {
                      "text": "0"
                  },
                  "FundBalance": {
                      "text": "0"
                  },
                  "InitialIPOFA": {
                      "text": "0"
                  },
                  "DeathCoverage": {
                      "text": "0"
                  },
                  "CurrencyPK": {
                      "CurrencyId": {
                          "text": "VND"
                      }
                  },
                  "InitialDumpin": {
                      "text": "0"
                  },
                  "BpFaRatio": {
                      "text": "0"
                  },
                  "DeclincedFaceAmount": {
                      "text": "0"
                  }
              },
              {
                  "LimitNature": {
                      "text": "Max"
                  },
                  "IPOFAMultiplier": {
                      "text": "99999"
                  },
                  "NAR": {
                      "text": "9999999999"
                  },
                  "TotalSubscription": {
                      "text": "9999999999"
                  },
                  "IPOTotalAmount": {
                      "text": "9999999999"
                  },
                  "LoanAmount": {
                      "text": "9999999999"
                  },
                  "MonthlyGuaranteeIncome": {
                      "text": "9999999999"
                  },
                  "FundBalance": {
                      "text": "9999999999"
                  },
                  "InitialIPOFA": {
                      "text": "9999999999"
                  },
                  "DeathCoverage": {
                      "text": "9999999999"
                  },
                  "CurrencyPK": {
                      "CurrencyId": {
                          "text": "VND"
                      }
                  },
                  "InitialDumpin": {
                      "text": "9999999999"
                  },
                  "BpFaRatio": {
                      "text": "99999"
                  },
                  "DeclincedFaceAmount": {
                      "text": "9999999999"
                  }
              }
          ]
      },
      "AgeDependency": {
          "AgeRelationRecord": []
      },
      "PolicyValue": {
          "PolicyValueTable": [
              {
                  "Band": {
                      "text": "1"
                  },
                  "PolicyValueType": {
                      "text": "Dividend"
                  },
                  "EffectiveDate": {
                      "text": "20150101"
                  },
                  "CurrencyId": {
                      "text": "VND"
                  },
                  "PolicyValuePK": {
                      "PolicyValueId": {
                          "text": "EDB2301"
                      }
                  }
              },
              {
                  "Band": {
                      "text": "2"
                  },
                  "PolicyValueType": {
                      "text": "Dividend"
                  },
                  "EffectiveDate": {
                      "text": "20150101"
                  },
                  "CurrencyId": {
                      "text": "VND"
                  },
                  "PolicyValuePK": {
                      "PolicyValueId": {
                          "text": "EDB2301"
                      }
                  }
              },
              {
                  "Band": {
                      "text": "3"
                  },
                  "PolicyValueType": {
                      "text": "Dividend"
                  },
                  "EffectiveDate": {
                      "text": "20150101"
                  },
                  "CurrencyId": {
                      "text": "VND"
                  },
                  "PolicyValuePK": {
                      "PolicyValueId": {
                          "text": "EDB2301"
                      }
                  }
              },
              {
                  "Band": {
                      "text": "4"
                  },
                  "PolicyValueType": {
                      "text": "Dividend"
                  },
                  "EffectiveDate": {
                      "text": "20150101"
                  },
                  "CurrencyId": {
                      "text": "VND"
                  },
                  "PolicyValuePK": {
                      "PolicyValueId": {
                          "text": "EDB2301"
                      }
                  }
              },
              {
                  "Band": {
                      "text": "1"
                  },
                  "PolicyValueType": {
                      "text": "SpecialBonus"
                  },
                  "EffectiveDate": {
                      "text": "20150101"
                  },
                  "CurrencyId": {
                      "text": "VND"
                  },
                  "PolicyValuePK": {
                      "PolicyValueId": {
                          "text": "EDB2301"
                      }
                  }
              },
              {
                  "Band": {
                      "text": "2"
                  },
                  "PolicyValueType": {
                      "text": "SpecialBonus"
                  },
                  "EffectiveDate": {
                      "text": "20150101"
                  },
                  "CurrencyId": {
                      "text": "VND"
                  },
                  "PolicyValuePK": {
                      "PolicyValueId": {
                          "text": "EDB2301"
                      }
                  }
              },
              {
                  "Band": {
                      "text": "3"
                  },
                  "PolicyValueType": {
                      "text": "SpecialBonus"
                  },
                  "EffectiveDate": {
                      "text": "20150101"
                  },
                  "CurrencyId": {
                      "text": "VND"
                  },
                  "PolicyValuePK": {
                      "PolicyValueId": {
                          "text": "EDB2301"
                      }
                  }
              },
              {
                  "Band": {
                      "text": "4"
                  },
                  "PolicyValueType": {
                      "text": "SpecialBonus"
                  },
                  "EffectiveDate": {
                      "text": "20150101"
                  },
                  "CurrencyId": {
                      "text": "VND"
                  },
                  "PolicyValuePK": {
                      "PolicyValueId": {
                          "text": "EDB2301"
                      }
                  }
              },
              {
                  "Band": {
                      "text": "1"
                  },
                  "PolicyValueType": {
                      "text": "Protection"
                  },
                  "EffectiveDate": {
                      "text": "20160101"
                  },
                  "CurrencyId": {
                      "text": "VND"
                  },
                  "PolicyValuePK": {
                      "PolicyValueId": {
                          "text": "SHARE01"
                      }
                  }
              },
              {
                  "Band": {
                      "text": "2"
                  },
                  "PolicyValueType": {
                      "text": "Protection"
                  },
                  "EffectiveDate": {
                      "text": "20160101"
                  },
                  "CurrencyId": {
                      "text": "VND"
                  },
                  "PolicyValuePK": {
                      "PolicyValueId": {
                          "text": "SHARE01"
                      }
                  }
              },
              {
                  "Band": {
                      "text": "3"
                  },
                  "PolicyValueType": {
                      "text": "Protection"
                  },
                  "EffectiveDate": {
                      "text": "20160101"
                  },
                  "CurrencyId": {
                      "text": "VND"
                  },
                  "PolicyValuePK": {
                      "PolicyValueId": {
                          "text": "SHARE01"
                      }
                  }
              },
              {
                  "Band": {
                      "text": "4"
                  },
                  "PolicyValueType": {
                      "text": "Protection"
                  },
                  "EffectiveDate": {
                      "text": "20160101"
                  },
                  "CurrencyId": {
                      "text": "VND"
                  },
                  "PolicyValuePK": {
                      "PolicyValueId": {
                          "text": "SHARE01"
                      }
                  }
              },
              {
                  "Method": {
                      "text": "CVM01"
                  },
                  "Band": {
                      "text": "1"
                  },
                  "PolicyValueType": {
                      "text": "CashValue"
                  },
                  "EffectiveDate": {
                      "text": "20160101"
                  },
                  "CurrencyId": {
                      "text": "VND"
                  },
                  "PolicyValuePK": {
                      "PolicyValueId": {
                          "text": "EDF2301"
                      }
                  }
              },
              {
                  "Method": {
                      "text": "CVM01"
                  },
                  "Band": {
                      "text": "2"
                  },
                  "PolicyValueType": {
                      "text": "CashValue"
                  },
                  "EffectiveDate": {
                      "text": "20160101"
                  },
                  "CurrencyId": {
                      "text": "VND"
                  },
                  "PolicyValuePK": {
                      "PolicyValueId": {
                          "text": "EDF2301"
                      }
                  }
              },
              {
                  "Method": {
                      "text": "CVM01"
                  },
                  "Band": {
                      "text": "3"
                  },
                  "PolicyValueType": {
                      "text": "CashValue"
                  },
                  "EffectiveDate": {
                      "text": "20160101"
                  },
                  "CurrencyId": {
                      "text": "VND"
                  },
                  "PolicyValuePK": {
                      "PolicyValueId": {
                          "text": "EDF2301"
                      }
                  }
              },
              {
                  "Method": {
                      "text": "CVM01"
                  },
                  "Band": {
                      "text": "4"
                  },
                  "PolicyValueType": {
                      "text": "CashValue"
                  },
                  "EffectiveDate": {
                      "text": "20160101"
                  },
                  "CurrencyId": {
                      "text": "VND"
                  },
                  "PolicyValuePK": {
                      "PolicyValueId": {
                          "text": "EDF2301"
                      }
                  }
              }
          ]
      },
      "ProductionCredit": {
          "PCScale": []
      },
      "FaceAmountMultiplier": {
          "MultiplierRecord": []
      },
      "ChargeInfo": {
          "ChargeScale": [
              {
                  "CurrencyId": {
                      "text": "VND"
                  },
                  "ChargeType": {
                      "text": "ModalFactor"
                  },
                  "Band": {
                      "text": "0"
                  },
                  "ChargePK": {
                      "ChargeId": {
                          "text": "SHARE32"
                      }
                  },
                  "SchemaId": {
                      "text": "01"
                  },
                  "ProductPK": {
                      "text": "EDF23"
                  }
              }
          ]
      },
      "FundChangeInformation": {
          "FundChange": []
      },
      "PremiumInfo": {
          "PremiumTable": [
              {
                  "Method": {
                      "text": "BPM47"
                  },
                  "ErrorLevel": {
                      "text": "2"
                  },
                  "Band": {
                      "text": "1"
                  },
                  "PremiumPK": {
                      "PremiumId": {
                          "text": "EDB2301"
                      }
                  },
                  "RelationToInsured": {
                      "text": "01"
                  },
                  "PremiumType": {
                      "text": "BasicPremium"
                  },
                  "EffectiveDate": {
                      "text": "20150401"
                  },
                  "CurrencyId": {
                      "text": "VND"
                  },
                  "PremiumVersion": {
                      "text": "01"
                  }
              },
              {
                  "Method": {
                      "text": "BPM47"
                  },
                  "ErrorLevel": {
                      "text": "2"
                  },
                  "Band": {
                      "text": "2"
                  },
                  "PremiumPK": {
                      "PremiumId": {
                          "text": "EDB2301"
                      }
                  },
                  "RelationToInsured": {
                      "text": "01"
                  },
                  "PremiumType": {
                      "text": "BasicPremium"
                  },
                  "EffectiveDate": {
                      "text": "20150401"
                  },
                  "CurrencyId": {
                      "text": "VND"
                  }
              },
              {
                  "Method": {
                      "text": "BPM47"
                  },
                  "ErrorLevel": {
                      "text": "2"
                  },
                  "Band": {
                      "text": "3"
                  },
                  "PremiumPK": {
                      "PremiumId": {
                          "text": "EDB2301"
                      }
                  },
                  "RelationToInsured": {
                      "text": "01"
                  },
                  "PremiumType": {
                      "text": "BasicPremium"
                  },
                  "EffectiveDate": {
                      "text": "20150401"
                  },
                  "CurrencyId": {
                      "text": "VND"
                  }
              },
              {
                  "Method": {
                      "text": "BPM47"
                  },
                  "ErrorLevel": {
                      "text": "2"
                  },
                  "Band": {
                      "text": "4"
                  },
                  "PremiumPK": {
                      "PremiumId": {
                          "text": "EDB2301"
                      }
                  },
                  "RelationToInsured": {
                      "text": "01"
                  },
                  "PremiumType": {
                      "text": "BasicPremium"
                  },
                  "EffectiveDate": {
                      "text": "20150401"
                  },
                  "CurrencyId": {
                      "text": "VND"
                  }
              }
          ]
      },
      "BandInformation": {
          "BandRecord": [
              {
                  "MaxTopup": {
                      "text": "9999999999"
                  },
                  "MinTopup": {
                      "text": "0"
                  },
                  "MinSinglePremium": {
                      "text": "0"
                  },
                  "MinIssueAge": {
                      "text": "0"
                  },
                  "CurrencyPK": {
                      "CurrencyId": {
                          "text": "VND"
                      }
                  },
                  "MinFaceAmount": {
                      "text": "50000"
                  },
                  "MaxGuarRatio": {
                      "text": "999999"
                  },
                  "MaxIssueAge": {
                      "text": "99"
                  },
                  "MaxContractPremium": {
                      "text": "9999999999"
                  },
                  "MaxFaceAmount": {
                      "text": "99999"
                  },
                  "Band": {
                      "text": "1"
                  },
                  "MinContractPremium": {
                      "text": "0"
                  },
                  "MaxSinglePremium": {
                      "text": "9999999999"
                  }
              },
              {
                  "MaxTopup": {
                      "text": "9999999999"
                  },
                  "MinTopup": {
                      "text": "0"
                  },
                  "MinSinglePremium": {
                      "text": "0"
                  },
                  "MinIssueAge": {
                      "text": "0"
                  },
                  "CurrencyPK": {
                      "CurrencyId": {
                          "text": "VND"
                      }
                  },
                  "MinFaceAmount": {
                      "text": "100000"
                  },
                  "MaxGuarRatio": {
                      "text": "999999"
                  },
                  "MaxIssueAge": {
                      "text": "99"
                  },
                  "MaxContractPremium": {
                      "text": "9999999999"
                  },
                  "MaxFaceAmount": {
                      "text": "249999"
                  },
                  "Band": {
                      "text": "2"
                  },
                  "MinContractPremium": {
                      "text": "0"
                  },
                  "MaxSinglePremium": {
                      "text": "9999999999"
                  }
              },
              {
                  "MaxTopup": {
                      "text": "9999999999"
                  },
                  "MinTopup": {
                      "text": "0"
                  },
                  "MinSinglePremium": {
                      "text": "0"
                  },
                  "MinIssueAge": {
                      "text": "0"
                  },
                  "CurrencyPK": {
                      "CurrencyId": {
                          "text": "VND"
                      }
                  },
                  "MinFaceAmount": {
                      "text": "250000"
                  },
                  "MaxGuarRatio": {
                      "text": "999999"
                  },
                  "MaxIssueAge": {
                      "text": "99"
                  },
                  "MaxContractPremium": {
                      "text": "9999999999"
                  },
                  "MaxFaceAmount": {
                      "text": "499999"
                  },
                  "Band": {
                      "text": "3"
                  },
                  "MinContractPremium": {
                      "text": "0"
                  },
                  "MaxSinglePremium": {
                      "text": "9999999999"
                  }
              },
              {
                  "MaxTopup": {
                      "text": "9999999999"
                  },
                  "MinTopup": {
                      "text": "0"
                  },
                  "MinSinglePremium": {
                      "text": "0"
                  },
                  "MinIssueAge": {
                      "text": "0"
                  },
                  "CurrencyPK": {
                      "CurrencyId": {
                          "text": "VND"
                      }
                  },
                  "MinFaceAmount": {
                      "text": "500000"
                  },
                  "MaxGuarRatio": {
                      "text": "999999"
                  },
                  "MaxIssueAge": {
                      "text": "99"
                  },
                  "MaxContractPremium": {
                      "text": "9999999999"
                  },
                  "MaxFaceAmount": {
                      "text": "1000000000"
                  },
                  "Band": {
                      "text": "4"
                  },
                  "MinContractPremium": {
                      "text": "0"
                  },
                  "MaxSinglePremium": {
                      "text": "9999999999"
                  }
              }
          ]
      },
      "EducationOption": {
          "AgeExcellentReward": 22,
          "MaxFAExcellentReward": 100000,
          "MaxTentativeDOBWeeks": 39,
          "MinTentativeDOBWeeks": 18,
          "MinSecondInsuredAgeMale": 20,
          "MaxSecondInsuredAge": 55,
          "FAExcellentReward": 30,
          "MaxTotalInsuredAgePolicyTerm": 70,
          "MaxAgeReceiveExcellentReward": 17,
          "MinSecondInsuredAgeFemale": 18
      },
      "ProductSchemaPK": {
          "ProductPK": {
              "ProductId": {
                  "text": "EDF23"
              }
          },
          "SchemaId": {
              "text": "01"
          }
      },
      "CompropOption": {
          "ProjOpt": {
              "BasePlanOnly": false,
              "BasePlanWithRiders": true
          }
      }
  }
}