[
  {
    "reportGeneratedDate": "20180925093522",
    "lastModifiedDate": "20180925093522",
    "lastSyncDate": "",
    "proposalId": "dbe55169-7f46-3375-2773-c2a197e6e4fb",
    "metadata": "12345",
    "summaryProposalId": "83085B03-4097-4F98-B3E3-722BDCF096FC",
    "uri": "",
    "customerId": "b8842bba-49ae-5de0-4bb5-fbd4a797dc71",
    "isDeleted": "",
    "isDraft": 0,
    "SoupEntryId": 17,
    "summaryProposalData": "{\"plan\":\"ENM15\",\"product\":{\"productName\":\"Product_2017CIEndowment\",\"documentId\":\"2017_ci_endowment\",\"goals\":[\"icon-life-protection\",\"icon-health-protection\"],\"gender\":\"\",\"riders\":[{\"riderName\":\"Rider_ADD\"},{\"riderName\":\"Rider_MC\"},{\"riderName\":\"Rider_HC\"}],\"resources\":{\"vn\":{\"indicator\":\"UpToDate\",\"marketingName\":\"Manulife - Cuộc Sống Tươi Đẹp\",\"title\":\"Manulife - Cuộc Sống Tươi Đẹp\",\"thumbnailLocalUri\":\"\/Users\/nnguyen207\/Library\/Developer\/CoreSimulator\/Devices\/C0504E8F-8BEE-4651-A420-7D23B7EE9194\/data\/Containers\/Data\/Application\/606D0F32-6BED-4469-9B4F-7C486E6F7C2E\/Documents\/cache\/contentCatalog\/vn\/2017_ci_endowment_thumbnail.png\",\"isExistsInBundle\":true,\"size\":0,\"description\":\"Bình An Vui Sống\",\"fileSize\":891752,\"features\":[\"Phí ngắn hạn, bảo vệ trọn đời\",\"Đồng hành qua 3 giai đoạn bệnh\",\"Quyền lợi tiền mặt đặc biệt\",\"Quyền lợi đáo hạn hấp dẫn\"],\"localUri\":\"\/Users\/nnguyen207\/Library\/Developer\/CoreSimulator\/Devices\/C0504E8F-8BEE-4651-A420-7D23B7EE9194\/data\/Containers\/Data\/Application\/606D0F32-6BED-4469-9B4F-7C486E6F7C2E\/Documents\/cache\/contentCatalog\/vn\/2017_ci_endowment.pdf\"},\"en\":{\"indicator\":\"UpToDate\",\"marketingName\":\"Manulife – Beautiful Life\",\"title\":\"CI Endowment\",\"thumbnailLocalUri\":\"\/Users\/nnguyen207\/Library\/Developer\/CoreSimulator\/Devices\/C0504E8F-8BEE-4651-A420-7D23B7EE9194\/data\/Containers\/Data\/Application\/606D0F32-6BED-4469-9B4F-7C486E6F7C2E\/Documents\/cache\/contentCatalog\/en\/2017_ci_endowment_thumbnail.png\",\"isExistsInBundle\":true,\"size\":0,\"description\":\"Peace Live Happily\",\"fileSize\":891752,\"features\":[\"Short term, lifetime protection\",\"Companion through 3 stages of disease\",\"Special cash benefits\",\"Interest attractive maturity\"],\"localUri\":\"\/Users\/nnguyen207\/Library\/Developer\/CoreSimulator\/Devices\/C0504E8F-8BEE-4651-A420-7D23B7EE9194\/data\/Containers\/Data\/Application\/606D0F32-6BED-4469-9B4F-7C486E6F7C2E\/Documents\/cache\/contentCatalog\/en\/2017_ci_endowment.pdf\"}},\"isAllowSellProduct\":true,\"planCodes\":[\"ENM12\",\"ENM15\",\"ENM20\"],\"isAllowCreatePropose\":true},\"proposalId\":\"dbe55169-7f46-3375-2773-c2a197e6e4fb\",\"proposalName\":\"CI Endowment\"}",
    "syncStatus": ""
  },
  {
    "reportGeneratedDate": "20180925093655",
    "lastModifiedDate": "20180925093655",
    "lastSyncDate": "",
    "proposalId": "fd5c3e8c-1c74-2b91-2f38-df40a69c3835",
    "metadata": "12345",
    "summaryProposalId": "9895CFE9-6CDF-48C9-9221-999832C9C025",
    "uri": "",
    "customerId": "b8842bba-49ae-5de0-4bb5-fbd4a797dc71",
    "isDeleted": "",
    "isDraft": 0,
    "SoupEntryId": 18,
    "summaryProposalData": "{\"plan\":\"UL007\",\"product\":{\"productName\":\"Product_2015UniversalLife\",\"documentId\":\"universal_life\",\"goals\":[\"icon-life-protection\"],\"gender\":\"\",\"riders\":[{\"riderName\":\"Rider_ADD\"},{\"riderName\":\"Rider_WOP\"},{\"riderName\":\"Rider_MC\"}],\"resources\":{\"vn\":{\"indicator\":\"UpToDate\",\"marketingName\":\"Manulife - Gia Đình Tôi Yêu\",\"title\":\"Manulife - Gia Đình Tôi Yêu\",\"thumbnailLocalUri\":\"\/Users\/nnguyen207\/Library\/Developer\/CoreSimulator\/Devices\/C0504E8F-8BEE-4651-A420-7D23B7EE9194\/data\/Containers\/Data\/Application\/606D0F32-6BED-4469-9B4F-7C486E6F7C2E\/Documents\/cache\/contentCatalog\/vn\/universal_life_thumbnail.png\",\"isExistsInBundle\":true,\"size\":816308,\"description\":\"Xây nền tài chính, vững bền tương lai\",\"fileSize\":679342,\"features\":[\"Bảo vệ toàn diện\",\"Linh hoạt đóng phí với mức phí thấp\",\"Chủ động gia tăng Số tiền bảo hiểm\",\"Lãi suất đầu tư hấp dẫn\"],\"localUri\":\"\/Users\/nnguyen207\/Library\/Developer\/CoreSimulator\/Devices\/C0504E8F-8BEE-4651-A420-7D23B7EE9194\/data\/Containers\/Data\/Application\/606D0F32-6BED-4469-9B4F-7C486E6F7C2E\/Documents\/cache\/contentCatalog\/vn\/universal_life.pdf\"},\"en\":{\"indicator\":\"UpToDate\",\"marketingName\":\"Manulife - My Beloved family\",\"title\":\"Universal Life\",\"thumbnailLocalUri\":\"\/Users\/nnguyen207\/Library\/Developer\/CoreSimulator\/Devices\/C0504E8F-8BEE-4651-A420-7D23B7EE9194\/data\/Containers\/Data\/Application\/606D0F32-6BED-4469-9B4F-7C486E6F7C2E\/Documents\/cache\/contentCatalog\/en\/universal_life_thumbnail.png\",\"isExistsInBundle\":true,\"size\":816308,\"description\":\"Build a financial, sustainable future\",\"fileSize\":679342,\"features\":[\"Comprehensive protection\",\"Flexible toll charges at a low cost\",\"Actively increase the Sum Insured\",\"Attractive interest rates\"],\"localUri\":\"\/Users\/nnguyen207\/Library\/Developer\/CoreSimulator\/Devices\/C0504E8F-8BEE-4651-A420-7D23B7EE9194\/data\/Containers\/Data\/Application\/606D0F32-6BED-4469-9B4F-7C486E6F7C2E\/Documents\/cache\/contentCatalog\/en\/universal_life.pdf\"}},\"isAllowSellProduct\":true,\"planCodes\":[\"UL007\"],\"isAllowCreatePropose\":true},\"proposalId\":\"fd5c3e8c-1c74-2b91-2f38-df40a69c3835\",\"proposalName\":\"Universal Life\"}",
    "syncStatus": ""
  },
  {
    "reportGeneratedDate": "20180925094152",
    "lastModifiedDate": "20180925094152",
    "lastSyncDate": "",
    "proposalId": "b8f6edef-b0fe-e540-5d12-056d6e6542dc",
    "metadata": "12345",
    "summaryProposalId": "84479688-A559-436A-9510-C23E9263E01A",
    "uri": "",
    "customerId": "b8842bba-49ae-5de0-4bb5-fbd4a797dc71",
    "isDeleted": "",
    "isDraft": 0,
    "SoupEntryId": 19,
    "summaryProposalData": "{\"plan\":\"RUV02\",\"product\":{\"productName\":\"Product_2017UnitLinked\",\"documentId\":\"unit_linked\",\"goals\":[\"icon-savings\"],\"gender\":\"\",\"riders\":[{\"riderName\":\"Rider_ADD\"},{\"riderName\":\"Rider_WOP\"},{\"riderName\":\"Rider_MC\"}],\"resources\":{\"vn\":{\"indicator\":\"UpToDate\",\"marketingName\":\"Manulife - Điểm Tựa Đầu Tư\",\"title\":\"Manulife - Điểm Tựa Đầu Tư\",\"thumbnailLocalUri\":\"\/Users\/nnguyen207\/Library\/Developer\/CoreSimulator\/Devices\/C0504E8F-8BEE-4651-A420-7D23B7EE9194\/data\/Containers\/Data\/Application\/606D0F32-6BED-4469-9B4F-7C486E6F7C2E\/Documents\/cache\/contentCatalog\/vn\/unit_linked_thumbnail.png\",\"isExistsInBundle\":true,\"size\":231856,\"description\":\"Chủ động đầu tư, tương lai thịnh vượng\",\"fileSize\":5515424,\"features\":[\"Quyền lợi bảo vệ đa dạng và toàn diện\",\"Gia tăng cơ hội đầu tư với 6 quỹ đầu tư\",\"Chủ động và linh hoạt quản lý dòng tiền\",\"Phí bảo hiểm, chi phí đầu tư hấp dẫn\"],\"localUri\":\"\/Users\/nnguyen207\/Library\/Developer\/CoreSimulator\/Devices\/C0504E8F-8BEE-4651-A420-7D23B7EE9194\/data\/Containers\/Data\/Application\/606D0F32-6BED-4469-9B4F-7C486E6F7C2E\/Documents\/cache\/contentCatalog\/vn\/unit_linked.pdf\"},\"en\":{\"indicator\":\"UpToDate\",\"marketingName\":\"Manulife - My Affluent Income\",\"title\":\"Unit Linked\",\"thumbnailLocalUri\":\"\/Users\/nnguyen207\/Library\/Developer\/CoreSimulator\/Devices\/C0504E8F-8BEE-4651-A420-7D23B7EE9194\/data\/Containers\/Data\/Application\/606D0F32-6BED-4469-9B4F-7C486E6F7C2E\/Documents\/cache\/contentCatalog\/en\/unit_linked_thumbnail.png\",\"isExistsInBundle\":true,\"size\":231856,\"description\":\"Active investment, prosperous future\",\"fileSize\":5515424,\"features\":[\"The protection of diversity and comprehensive\",\"Increased investment opportunities with six investment funds\",\"Active and flexible cash flow management\",\"Premium, attractive investment\"],\"localUri\":\"\/Users\/nnguyen207\/Library\/Developer\/CoreSimulator\/Devices\/C0504E8F-8BEE-4651-A420-7D23B7EE9194\/data\/Containers\/Data\/Application\/606D0F32-6BED-4469-9B4F-7C486E6F7C2E\/Documents\/cache\/contentCatalog\/en\/unit_linked.pdf\"}},\"isAllowSellProduct\":true,\"planCodes\":[\"RUV03\",\"RUV02\"],\"isAllowCreatePropose\":true},\"proposalId\":\"b8f6edef-b0fe-e540-5d12-056d6e6542dc\",\"proposalName\":\"Unit Linked\"}",
    "syncStatus": ""
  }
]