{
  "watchPoints": [],
  "riders": {
    "coverageInfo": [
      {
        "otherOptions": {
          "benefitPeriod": "5"
        },
        "product": {
          "productKey": {
            "valueDate": "20190221080000",
            "location": "SG",
            "basicProduct": {
              "productPK": {
                "productId": "--"
              }
            },
            "associateProduct": {
              "productPK": {
                "productId": "TRC05"
              }
            },
            "primaryProduct": {
              "productPK": {
                "productId": "CCP05"
              }
            }
          }
        },
        "parties": {
          "party": {
            "type": "Child",
            "smokingStatus": "NS",
            "insuredSex": "F",
            "insuredId": "Insure331",
            "insuredAge": 5,
            "birthDate": "20140101080000"
          }
        },
        "faceAmount": 29000.00,
        "extraRating": {
          "tempPercentage": 1.00,
          "percentageExtra": 1.00
        },
        "currency": {
          "currencyPK": {
            "currencyId": "SGD"
          }
        }
      },
      {
        "otherOptions": {
          "benefitPeriod": "5"
        },
        "product": {
          "productKey": {
            "valueDate": "20190221080000",
            "location": "SG",
            "basicProduct": {
              "productPK": {
                "productId": "--"
              }
            },
            "associateProduct": {
              "productPK": {
                "productId": "TRC05"
              }
            },
            "primaryProduct": {
              "productPK": {
                "productId": "TDR05"
              }
            }
          }
        },
        "parties": {
          "party": {
            "type": "Child",
            "smokingStatus": "NS",
            "insuredSex": "F",
            "insuredId": "Insure331",
            "insuredAge": 5,
            "birthDate": "20140101080000"
          }
        },
        "occupation": "1",
        "faceAmount": 945000.00,
        "extraRating": {
          "tempPercentage": 1.00,
          "percentageExtra": 1.00
        },
        "currency": {
          "currencyPK": {
            "currencyId": "SGD"
          }
        }
      },
      {
        "otherOptions": {
          "benefitPeriod": "12"
        },
        "product": {
          "productKey": {
            "valueDate": "20190221080000",
            "location": "SG",
            "basicProduct": {
              "productPK": {
                "productId": "--"
              }
            },
            "associateProduct": {
              "productPK": {
                "productId": "TRC05"
              }
            },
            "primaryProduct": {
              "productPK": {
                "productId": "PBO01"
              }
            }
          }
        },
        "parties": {
          "party": {
            "type": "Owner",
            "smokingStatus": "ST",
            "insuredSex": "M",
            "insuredId": "Owner331",
            "insuredAge": 41,
            "birthDate": "19780101073000"
          }
        },
        "extraRating": {
          "tempPercentage": 1.00,
          "percentageExtra": 1.00
        },
        "currency": {
          "currencyPK": {
            "currencyId": "SGD"
          }
        }
      }
    ]
  },
  "dependents": [],
  "funds": {
    "fundRecord": []
  },
  "fundActivities": {
    "fundActivity": []
  },
  "policyYearDate": "20190220080000",
  "owner": {
    "smokingStatus": "ST",
    "salutation": "Mr",
    "ownerSex": "M",
    "ownerId": "Owner331",
    "ownerDOB": "19771231073000",
    "ownerAge": 41,
    "insuredIsOwner": false
  },
  "language": "en",
  "coverageInfo": {
    "preferredLives": true,
    "otherOptions": {
      "benefitPeriod": "5"
    },
    "familyDiscount": false,
    "product": {
      "productKey": {
        "valueDate": "20190220080000",
        "location": "SG",
        "basicProduct": {
          "productPK": {
            "productId": "--"
          }
        },
        "associateProduct": {
          "productPK": {
            "productId": "--"
          }
        },
        "primaryProduct": {
          "productPK": {
            "productId": "TRC05"
          }
        }
      }
    },
    "parties": {
      "secondInsured": {
        "type": "BASIC",
        "insuredIsOwner": false
      },
      "party": {
        "type": "Child",
        "salutation": "Ms",
        "smokingStatus": "NS",
        "insuredSex": "F",
        "insuredId": "Insure331",
        "insuredAge": 5,
        "birthDate": "20131231080000"
      }
    },
    "options": {
      "paymentMode": "A",
      "billingMethod": "DirectBilling"
    },
    "faceAmount": 6160000.00,
    "extraRating": {
      "tempPercentage": 1.00,
      "percentageExtra": 1.00
    },
    "currency": {
      "currencyPK": {
        "currencyId": "SGD"
      }
    }
  },
  "channel": "Agency"
}