[
  {
    "customerId": null,
    "firstName": "Dg",
    "middleName": "L",
    "lastName": "Demo",
    "age": 38,
    "email": "d@d.com",
    "phoneNumber": "901234567",
    "isDeleted": false,
    "customerJourneyStatus": null,
    "lastAccessedDate": null,
    "lastModifyDate": null,
    "agentId": "CSMS1236",
    "photo": null,
    "gender": "Female",
    "soupEntryId": null
  },
  {
    "customerId": "cdd9c4c3-5110-093c-6f64-975aa00cb995",
    "firstName": "Aaa",
    "middleName": "Aaa",
    "lastName": "Aaaa",
    "age": 0,
    "email": "dvu9@csc.com",
    "phoneNumber": "111111111",
    "isDeleted": true,
    "customerJourneyStatus": null,
    "lastAccessedDate": null,
    "lastModifyDate": null,
    "agentId": "CSMS1236",
    "photo": null,
    "gender": "Female",
    "soupEntryId": null
  },
  {
    "customerId": "c9302cb0-4aed-c06b-d2f8-2a42f851d428",
    "firstName": "Dg Smoke Test",
    "middleName": null,
    "lastName": null,
    "age": null,
    "email": null,
    "phoneNumber": null,
    "isDeleted": false,
    "customerJourneyStatus": null,
    "lastAccessedDate": null,
    "lastModifyDate": null,
    "agentId": "CSMS1236",
    "photo": null,
    "gender": null,
    "soupEntryId": null
  },
  {
    "customerId": "5e5dd253-4a09-662f-317e-91b67e917484",
    "firstName": "Sdf",
    "middleName": "Fsd",
    "lastName": "Fsdf",
    "age": 27,
    "email": null,
    "phoneNumber": "0987654321",
    "isDeleted": false,
    "customerJourneyStatus": null,
    "lastAccessedDate": null,
    "lastModifyDate": null,
    "agentId": "CSMS1236",
    "photo": null,
    "gender": "Male",
    "soupEntryId": null
  },
  {
    "customerId": "6a47cb72-f4f6-73d6-1414-26533747404f",
    "firstName": "First Name",
    "middleName": "Middle Name",
    "lastName": "Last Name",
    "age": 56,
    "email": "email@ge.com",
    "phoneNumber": "234124",
    "isDeleted": false,
    "customerJourneyStatus": null,
    "lastAccessedDate": null,
    "lastModifyDate": null,
    "agentId": "CSMS1236",
    "photo": null,
    "gender": "Female",
    "soupEntryId": null
  },
  {
    "customerId": "bae967a4-69b0-c874-ff5b-b7112ecca70d",
    "firstName": "Thuong",
    "middleName": null,
    "lastName": "Hoang",
    "age": 24,
    "email": null,
    "phoneNumber": "0987868427",
    "isDeleted": false,
    "customerJourneyStatus": null,
    "lastAccessedDate": null,
    "lastModifyDate": null,
    "agentId": "CSMS1236",
    "photo": null,
    "gender": "Female",
    "soupEntryId": null
  },
  {
    "customerId": "192ecb06-e4df-a968-8dfa-9fb96c8b248d",
    "firstName": "Test",
    "middleName": null,
    "lastName": "April",
    "age": null,
    "email": "test@mail.com",
    "phoneNumber": "7265142",
    "isDeleted": false,
    "customerJourneyStatus": null,
    "lastAccessedDate": null,
    "lastModifyDate": null,
    "agentId": "CSMS1236",
    "photo": null,
    "gender": "Male",
    "soupEntryId": null
  },
  {
    "customerId": "53af06a9-d4bd-7821-74a2-e0039be87bb3",
    "firstName": "Test",
    "middleName": null,
    "lastName": "April Five",
    "age": 28,
    "email": "testapril@mail.com",
    "phoneNumber": "123211231",
    "isDeleted": false,
    "customerJourneyStatus": null,
    "lastAccessedDate": null,
    "lastModifyDate": null,
    "agentId": "CSMS1236",
    "photo": null,
    "gender": "Male",
    "soupEntryId": null
  },
  {
    "customerId": "78b5a69d-1608-f5fd-17a8-53d3bd19face",
    "firstName": "April",
    "middleName": null,
    "lastName": "Ten",
    "age": 28,
    "email": "test@email.com",
    "phoneNumber": "1111111",
    "isDeleted": false,
    "customerJourneyStatus": null,
    "lastAccessedDate": null,
    "lastModifyDate": null,
    "agentId": "CSMS1236",
    "photo": null,
    "gender": "Male",
    "soupEntryId": null
  },
  {
    "customerId": "3e5f2751-214e-0510-c06e-afbea1724972",
    "firstName": "Nam",
    "middleName": null,
    "lastName": "Nguyen Nam Nguyen",
    "age": 24,
    "email": "a@a.com",
    "phoneNumber": "0987654321",
    "isDeleted": false,
    "customerJourneyStatus": null,
    "lastAccessedDate": null,
    "lastModifyDate": null,
    "agentId": "CSMS1236",
    "photo": null,
    "gender": "Male",
    "soupEntryId": null
  },
  {
    "customerId": "cb085836-7d0a-81c3-5b33-c821b24ceb9f",
    "firstName": "Dfs",
    "middleName": "Sdf",
    "lastName": "Fsd",
    "age": 23,
    "email": "dcfs@mgial.com",
    "phoneNumber": "0987654321",
    "isDeleted": false,
    "customerJourneyStatus": null,
    "lastAccessedDate": null,
    "lastModifyDate": null,
    "agentId": "CSMS1236",
    "photo": null,
    "gender": "Male",
    "soupEntryId": null
  },
  {
    "customerId": "2f8d6db8-b4e4-072a-b45d-0c060d8e62ea",
    "firstName": "Flow",
    "middleName": null,
    "lastName": "Test",
    "age": 36,
    "email": null,
    "phoneNumber": "0909999999",
    "isDeleted": true,
    "customerJourneyStatus": null,
    "lastAccessedDate": null,
    "lastModifyDate": null,
    "agentId": "CSMS1236",
    "photo": null,
    "gender": "Male",
    "soupEntryId": null
  },
  {
    "customerId": "f155b577-5614-780d-9d99-1f0c49692aa0",
    "firstName": "Test",
    "middleName": null,
    "lastName": "Dob",
    "age": 27,
    "email": null,
    "phoneNumber": null,
    "isDeleted": false,
    "customerJourneyStatus": null,
    "lastAccessedDate": null,
    "lastModifyDate": null,
    "agentId": "CSMS1236",
    "photo": null,
    "gender": "Male",
    "soupEntryId": null
  },
  {
    "customerId": "424f7cdd-29b3-4f24-d5da-cd4a5717907e",
    "firstName": "A",
    "middleName": "C",
    "lastName": "B",
    "age": null,
    "email": "test@gmail.com",
    "phoneNumber": "0987654321",
    "isDeleted": false,
    "customerJourneyStatus": null,
    "lastAccessedDate": null,
    "lastModifyDate": null,
    "agentId": "CSMS1236",
    "photo": null,
    "gender": "Male",
    "soupEntryId": null
  },
  {
    "customerId": "acd85582-5b04-6d04-7730-3f8b082aa71f",
    "firstName": "Dg",
    "middleName": "LTwoOne",
    "lastName": "Del",
    "age": 2E+1,
    "email": "d@gmail.com",
    "phoneNumber": "901234567",
    "isDeleted": true,
    "customerJourneyStatus": null,
    "lastAccessedDate": null,
    "lastModifyDate": null,
    "agentId": "CSMS1236",
    "photo": null,
    "gender": "Female",
    "soupEntryId": null
  },
  {
    "customerId": "7e098ca9-8dfe-2a34-ba60-d7b01a2ef3d9",
    "firstName": "Wewew",
    "middleName": null,
    "lastName": null,
    "age": null,
    "email": null,
    "phoneNumber": null,
    "isDeleted": true,
    "customerJourneyStatus": null,
    "lastAccessedDate": null,
    "lastModifyDate": null,
    "agentId": "CSMS1236",
    "photo": null,
    "gender": null,
    "soupEntryId": null
  },
  {
    "customerId": "69b70fee-0010-4a0f-5ee9-0d1a4afc8f1b",
    "firstName": "Only Firstname",
    "middleName": null,
    "lastName": null,
    "age": null,
    "email": null,
    "phoneNumber": null,
    "isDeleted": false,
    "customerJourneyStatus": null,
    "lastAccessedDate": null,
    "lastModifyDate": null,
    "agentId": "CSMS1236",
    "photo": null,
    "gender": null,
    "soupEntryId": null
  },
  {
    "customerId": "a1549cac-27de-ce0a-ac48-9a3efb18f065",
    "firstName": "Dev",
    "middleName": null,
    "lastName": "Sad",
    "age": 22,
    "email": null,
    "phoneNumber": "0987654321",
    "isDeleted": false,
    "customerJourneyStatus": null,
    "lastAccessedDate": null,
    "lastModifyDate": null,
    "agentId": "CSMS1236",
    "photo": null,
    "gender": "Female",
    "soupEntryId": null
  },
  {
    "customerId": "303f578b-e51e-1472-206f-db50ad35a24d",
    "firstName": "Nam",
    "middleName": "a",
    "lastName": "Nguyen",
    "age": null,
    "email": "n@n.n.bi",
    "phoneNumber": "098765432@@@",
    "isDeleted": false,
    "customerJourneyStatus": null,
    "lastAccessedDate": null,
    "lastModifyDate": null,
    "agentId": "CSMS1236",
    "photo": null,
    "gender": "Male",
    "soupEntryId": null
  },
  {
    "customerId": "1b6038ac-2684-8501-64db-a02f4d931112",
    "firstName": "Ewfe",
    "middleName": "Ewf",
    "lastName": "Few",
    "age": 0,
    "email": null,
    "phoneNumber": null,
    "isDeleted": true,
    "customerJourneyStatus": null,
    "lastAccessedDate": null,
    "lastModifyDate": null,
    "agentId": "CSMS1236",
    "photo": null,
    "gender": "Female",
    "soupEntryId": null
  },
  {
    "customerId": "a73da519-faad-a2b9-3710-a77c376759bf",
    "firstName": "Rwe",
    "middleName": "Ww",
    "lastName": "Rw",
    "age": null,
    "email": null,
    "phoneNumber": "098765432",
    "isDeleted": false,
    "customerJourneyStatus": null,
    "lastAccessedDate": null,
    "lastModifyDate": null,
    "agentId": "CSMS1236",
    "photo": null,
    "gender": "Male",
    "soupEntryId": null
  },
  {
    "customerId": "1679412d-4fba-7234-229b-3a5c859ab563",
    "firstName": "Nam",
    "middleName": null,
    "lastName": "Nam",
    "age": 25,
    "email": "aa@gs.com",
    "phoneNumber": "0987654321",
    "isDeleted": true,
    "customerJourneyStatus": null,
    "lastAccessedDate": null,
    "lastModifyDate": null,
    "agentId": "CSMS1236",
    "photo": null,
    "gender": "Male",
    "soupEntryId": null
  },
  {
    "customerId": "60822454-a6a7-4b5f-5596-59490ff70abc",
    "firstName": "Tony",
    "middleName": null,
    "lastName": "Stark",
    "age": 3E+1,
    "email": "tony@industry.com",
    "phoneNumber": "0908451237",
    "isDeleted": false,
    "customerJourneyStatus": null,
    "lastAccessedDate": null,
    "lastModifyDate": null,
    "agentId": "CSMS1236",
    "photo": null,
    "gender": "Male",
    "soupEntryId": null
  },
  {
    "customerId": "8d37a6c0-571c-a2f8-2f03-7812e2db5537",
    "firstName": "Dg",
    "middleName": "L",
    "lastName": "Dev",
    "age": 38,
    "email": "d@d.com",
    "phoneNumber": "1234567",
    "isDeleted": false,
    "customerJourneyStatus": null,
    "lastAccessedDate": null,
    "lastModifyDate": null,
    "agentId": "CSMS1236",
    "photo": null,
    "gender": "Female",
    "soupEntryId": null
  },
  {
    "customerId": "a9f50284-7426-a966-6535-bb4cf80a4fd7",
    "firstName": "Sdf",
    "middleName": null,
    "lastName": null,
    "age": 27,
    "email": null,
    "phoneNumber": null,
    "isDeleted": true,
    "customerJourneyStatus": null,
    "lastAccessedDate": null,
    "lastModifyDate": null,
    "agentId": "CSMS1236",
    "photo": null,
    "gender": null,
    "soupEntryId": null
  },
  {
    "customerId": "6980405c-1a1b-1760-5ca6-3c29b0d77cec",
    "firstName": "Aaaa",
    "middleName": "Bbbbbc",
    "lastName": "Bbbb",
    "age": 25,
    "email": "nguyen@mail.com",
    "phoneNumber": "0987654321",
    "isDeleted": true,
    "customerJourneyStatus": null,
    "lastAccessedDate": null,
    "lastModifyDate": null,
    "agentId": "CSMS1236",
    "photo": null,
    "gender": "Male",
    "soupEntryId": null
  },
  {
    "customerId": "79ff3b00-003a-42ce-2a6c-8160854cbf43",
    "firstName": "Aaa",
    "middleName": null,
    "lastName": null,
    "age": null,
    "email": null,
    "phoneNumber": null,
    "isDeleted": false,
    "customerJourneyStatus": null,
    "lastAccessedDate": null,
    "lastModifyDate": null,
    "agentId": "CSMS1236",
    "photo": null,
    "gender": null,
    "soupEntryId": null
  },
  {
    "customerId": "bf3ebb6a-e341-1f8c-a15b-5d9094e623e1",
    "firstName": "Liem",
    "middleName": "Test",
    "lastName": "Test",
    "age": 19,
    "email": "lhuynh24@csc.com",
    "phoneNumber": "23424234",
    "isDeleted": false,
    "customerJourneyStatus": null,
    "lastAccessedDate": null,
    "lastModifyDate": null,
    "agentId": "CSMS1236",
    "photo": null,
    "gender": "Male",
    "soupEntryId": null
  },
  {
    "customerId": "bbd0be9c-d677-f5ef-6726-94f88451989f",
    "firstName": "Dff",
    "middleName": null,
    "lastName": null,
    "age": null,
    "email": null,
    "phoneNumber": null,
    "isDeleted": true,
    "customerJourneyStatus": null,
    "lastAccessedDate": null,
    "lastModifyDate": null,
    "agentId": "CSMS1236",
    "photo": null,
    "gender": null,
    "soupEntryId": null
  },
  {
    "customerId": "d14bfafc-f0fa-dd89-c025-1d669ba5d644",
    "firstName": "Test",
    "middleName": null,
    "lastName": "April",
    "age": 5E+1,
    "email": "april@dxc.com",
    "phoneNumber": "1234567890",
    "isDeleted": false,
    "customerJourneyStatus": null,
    "lastAccessedDate": null,
    "lastModifyDate": null,
    "agentId": "CSMS1236",
    "photo": null,
    "gender": "Female",
    "soupEntryId": null
  },
  {
    "customerId": "61787086-f6ae-3bae-b6f0-e171fa7c0661",
    "firstName": "A",
    "middleName": null,
    "lastName": "a",
    "age": null,
    "email": null,
    "phoneNumber": null,
    "isDeleted": false,
    "customerJourneyStatus": null,
    "lastAccessedDate": null,
    "lastModifyDate": null,
    "agentId": "CSMS1236",
    "photo": null,
    "gender": null,
    "soupEntryId": null
  },
  {
    "customerId": "289d0895-2d4a-e3c5-c513-b27cf1701888",
    "firstName": "Nguyen",
    "middleName": "Dai Lam Thi",
    "lastName": "Nu",
    "age": 29,
    "email": null,
    "phoneNumber": "123456789",
    "isDeleted": true,
    "customerJourneyStatus": null,
    "lastAccessedDate": null,
    "lastModifyDate": null,
    "agentId": "CSMS1236",
    "photo": null,
    "gender": "Female",
    "soupEntryId": null
  },
  {
    "customerId": "e450ccc7-ec6d-b592-4b9d-88f71ea51a48",
    "firstName": "Test T",
    "middleName": null,
    "lastName": null,
    "age": null,
    "email": null,
    "phoneNumber": null,
    "isDeleted": false,
    "customerJourneyStatus": null,
    "lastAccessedDate": null,
    "lastModifyDate": null,
    "agentId": "CSMS1236",
    "photo": null,
    "gender": null,
    "soupEntryId": null
  },
  {
    "customerId": "006d4f82-d337-5802-2cfe-a2e668d1ee19",
    "firstName": "Aa",
    "middleName": null,
    "lastName": null,
    "age": null,
    "email": null,
    "phoneNumber": null,
    "isDeleted": true,
    "customerJourneyStatus": null,
    "lastAccessedDate": null,
    "lastModifyDate": null,
    "agentId": "CSMS1236",
    "photo": null,
    "gender": null,
    "soupEntryId": null
  },
  {
    "customerId": "0853e5a5-3b52-1588-f595-313af32ce4bc",
    "firstName": "D",
    "middleName": "D",
    "lastName": "D",
    "age": 0,
    "email": null,
    "phoneNumber": null,
    "isDeleted": true,
    "customerJourneyStatus": null,
    "lastAccessedDate": null,
    "lastModifyDate": null,
    "agentId": "CSMS1236",
    "photo": null,
    "gender": "Female",
    "soupEntryId": null
  },
  {
    "customerId": "14df514b-129f-8c4d-7777-dfe58a9a322a",
    "firstName": "First",
    "middleName": null,
    "lastName": "Last",
    "age": 27,
    "email": "abc@gmail.com",
    "phoneNumber": null,
    "isDeleted": false,
    "customerJourneyStatus": null,
    "lastAccessedDate": null,
    "lastModifyDate": null,
    "agentId": "CSMS1236",
    "photo": null,
    "gender": null,
    "soupEntryId": null
  },
  {
    "customerId": "d4a56e54-caae-9514-acc8-bbd9bf667566",
    "firstName": "Test",
    "middleName": null,
    "lastName": "AprilFive",
    "age": 27,
    "email": "test111@mail.com",
    "phoneNumber": "74936234",
    "isDeleted": false,
    "customerJourneyStatus": null,
    "lastAccessedDate": null,
    "lastModifyDate": null,
    "agentId": "CSMS1236",
    "photo": null,
    "gender": "Male",
    "soupEntryId": null
  },
  {
    "customerId": "5571f71f-e76d-2089-775b-546407cebfc2",
    "firstName": "Thanh",
    "middleName": "Phuoc",
    "lastName": "Nguyen",
    "age": 27,
    "email": "test@yaho.com",
    "phoneNumber": "87962537",
    "isDeleted": false,
    "customerJourneyStatus": null,
    "lastAccessedDate": null,
    "lastModifyDate": null,
    "agentId": "CSMS1236",
    "photo": null,
    "gender": "Male",
    "soupEntryId": null
  },
  {
    "customerId": "202f5cc3-3889-27fb-88a1-b85cbd587b8a",
    "firstName": "Test",
    "middleName": null,
    "lastName": null,
    "age": 19,
    "email": null,
    "phoneNumber": null,
    "isDeleted": false,
    "customerJourneyStatus": null,
    "lastAccessedDate": null,
    "lastModifyDate": null,
    "agentId": "CSMS1236",
    "photo": null,
    "gender": null,
    "soupEntryId": null
  },
  {
    "customerId": "34b883fd-7621-68b2-5d76-62d71dc1b9ba",
    "firstName": "Aaa",
    "middleName": "Ccccaaa",
    "lastName": "Ccc",
    "age": 24,
    "email": "cssdsa@bfgb.g",
    "phoneNumber": "4554353453",
    "isDeleted": true,
    "customerJourneyStatus": null,
    "lastAccessedDate": null,
    "lastModifyDate": null,
    "agentId": "CSMS1236",
    "photo": null,
    "gender": "Female",
    "soupEntryId": null
  },
  {
    "customerId": "bc4eafa7-d53f-38bd-e6a9-42e28ac0e37c",
    "firstName": "Nam",
    "middleName": null,
    "lastName": "2",
    "age": null,
    "email": null,
    "phoneNumber": null,
    "isDeleted": true,
    "customerJourneyStatus": null,
    "lastAccessedDate": null,
    "lastModifyDate": null,
    "agentId": "CSMS1236",
    "photo": null,
    "gender": null,
    "soupEntryId": null
  },
  {
    "customerId": "01b82f21-5f7e-76d7-ed84-db80bbeb4adc",
    "firstName": "Sss",
    "middleName": "Ooo",
    "lastName": "Uuu",
    "age": 26,
    "email": "kjhg@fmf.ty",
    "phoneNumber": "0987654321",
    "isDeleted": true,
    "customerJourneyStatus": null,
    "lastAccessedDate": null,
    "lastModifyDate": null,
    "agentId": "CSMS1236",
    "photo": null,
    "gender": "Female",
    "soupEntryId": null
  },
  {
    "customerId": "7b643d32-3332-7578-9683-59c61e32915c",
    "firstName": "F",
    "middleName": "L",
    "lastName": "Vu",
    "age": 0,
    "email": null,
    "phoneNumber": "11111111",
    "isDeleted": true,
    "customerJourneyStatus": null,
    "lastAccessedDate": null,
    "lastModifyDate": null,
    "agentId": "CSMS1236",
    "photo": null,
    "gender": "Male",
    "soupEntryId": null
  },
  {
    "customerId": "42da3bfd-f2d7-1712-6c5c-43569a9dda42",
    "firstName": "Mustafa",
    "middleName": null,
    "lastName": "Cara",
    "age": 29,
    "email": null,
    "phoneNumber": "1696911552",
    "isDeleted": false,
    "customerJourneyStatus": null,
    "lastAccessedDate": null,
    "lastModifyDate": null,
    "agentId": "CSMS1236",
    "photo": null,
    "gender": "Male",
    "soupEntryId": null
  },
  {
    "customerId": "eaf48fce-e850-c430-1356-aecadc61bc18",
    "firstName": "April",
    "middleName": null,
    "lastName": "SixTeen",
    "age": 26,
    "email": "test@april.com",
    "phoneNumber": "12313213",
    "isDeleted": false,
    "customerJourneyStatus": null,
    "lastAccessedDate": null,
    "lastModifyDate": null,
    "agentId": "CSMS1236",
    "photo": null,
    "gender": "Male",
    "soupEntryId": null
  },
  {
    "customerId": "d252ff9a-537e-3b1f-47ca-23673b8f0f5c",
    "firstName": "D",
    "middleName": "D",
    "lastName": "D",
    "age": 0,
    "email": null,
    "phoneNumber": null,
    "isDeleted": true,
    "customerJourneyStatus": null,
    "lastAccessedDate": null,
    "lastModifyDate": null,
    "agentId": "CSMS1236",
    "photo": null,
    "gender": null,
    "soupEntryId": null
  },
  {
    "customerId": "f230fb94-9513-3469-9ae8-41edcf1545cc",
    "firstName": "A",
    "middleName": null,
    "lastName": null,
    "age": null,
    "email": "nnn@mail.com",
    "phoneNumber": "0987654321",
    "isDeleted": true,
    "customerJourneyStatus": null,
    "lastAccessedDate": null,
    "lastModifyDate": null,
    "agentId": "CSMS1236",
    "photo": null,
    "gender": null,
    "soupEntryId": null
  },
  {
    "customerId": "b05a498d-f5bf-e5ce-5e25-8989375673ca",
    "firstName": "Vffdbd",
    "middleName": "Dfbdf",
    "lastName": "Bfdbd",
    "age": 24,
    "email": null,
    "phoneNumber": null,
    "isDeleted": true,
    "customerJourneyStatus": null,
    "lastAccessedDate": null,
    "lastModifyDate": null,
    "agentId": "CSMS1236",
    "photo": null,
    "gender": null,
    "soupEntryId": null
  },
  {
    "customerId": "048ea372-30ca-7d06-cfcd-9e1a802452be",
    "firstName": "Ssddd",
    "middleName": null,
    "lastName": null,
    "age": 23,
    "email": null,
    "phoneNumber": null,
    "isDeleted": false,
    "customerJourneyStatus": null,
    "lastAccessedDate": null,
    "lastModifyDate": null,
    "agentId": "CSMS1236",
    "photo": null,
    "gender": null,
    "soupEntryId": null
  },
  {
    "customerId": "8837ddf7-7358-e858-e575-a6e4b1f365e1",
    "firstName": "Werw",
    "middleName": "Rwer",
    "lastName": "Rwer",
    "age": null,
    "email": "0987@f.cm",
    "phoneNumber": "0987654321",
    "isDeleted": false,
    "customerJourneyStatus": null,
    "lastAccessedDate": null,
    "lastModifyDate": null,
    "agentId": "CSMS1236",
    "photo": null,
    "gender": "Male",
    "soupEntryId": null
  },
  {
    "customerId": "e11ea9f0-8aac-e18c-f1e3-87ceeb439a89",
    "firstName": "Nam",
    "middleName": null,
    "lastName": "Nam",
    "age": null,
    "email": null,
    "phoneNumber": null,
    "isDeleted": true,
    "customerJourneyStatus": null,
    "lastAccessedDate": null,
    "lastModifyDate": null,
    "agentId": "CSMS1236",
    "photo": null,
    "gender": null,
    "soupEntryId": null
  },
  {
    "customerId": "c7ef1b65-07b1-e83f-d148-acc27370ca7f",
    "firstName": "Gfdg",
    "middleName": "Fdg",
    "lastName": "Gdfg",
    "age": 23,
    "email": "gd@fm.com",
    "phoneNumber": "0987654321",
    "isDeleted": false,
    "customerJourneyStatus": null,
    "lastAccessedDate": null,
    "lastModifyDate": null,
    "agentId": "CSMS1236",
    "photo": null,
    "gender": "Male",
    "soupEntryId": null
  },
  {
    "customerId": "90fcc64f-022c-d702-40df-53e495461309",
    "firstName": "T",
    "middleName": "T",
    "lastName": "T",
    "age": 0,
    "email": null,
    "phoneNumber": null,
    "isDeleted": true,
    "customerJourneyStatus": null,
    "lastAccessedDate": null,
    "lastModifyDate": null,
    "agentId": "CSMS1236",
    "photo": null,
    "gender": null,
    "soupEntryId": null
  },
  {
    "customerId": "7331e1ad-88cf-d057-19dc-e94e0c674ecb",
    "firstName": "Aaaaaa",
    "middleName": "Uuuu",
    "lastName": "Bbbbb",
    "age": 25,
    "email": null,
    "phoneNumber": null,
    "isDeleted": true,
    "customerJourneyStatus": null,
    "lastAccessedDate": null,
    "lastModifyDate": null,
    "agentId": "CSMS1236",
    "photo": null,
    "gender": "Male",
    "soupEntryId": null
  },
  {
    "customerId": "4f8805a5-5c9a-f279-8656-81069e425ec8",
    "firstName": "Test",
    "middleName": null,
    "lastName": "Name",
    "age": 44,
    "email": null,
    "phoneNumber": null,
    "isDeleted": true,
    "customerJourneyStatus": null,
    "lastAccessedDate": null,
    "lastModifyDate": null,
    "agentId": "CSMS1236",
    "photo": null,
    "gender": "Male",
    "soupEntryId": null
  },
  {
    "customerId": "6214f610-a2d7-8ff1-0b15-ef2f04b7500b",
    "firstName": "Test",
    "middleName": null,
    "lastName": "01",
    "age": null,
    "email": "sdfg@sdgf.cm",
    "phoneNumber": null,
    "isDeleted": true,
    "customerJourneyStatus": null,
    "lastAccessedDate": null,
    "lastModifyDate": null,
    "agentId": "CSMS1236",
    "photo": null,
    "gender": "Female",
    "soupEntryId": null
  },
  {
    "customerId": "7fe30d23-ac83-dbfb-717a-f9d1a8c08c57",
    "firstName": "Don",
    "middleName": "P",
    "lastName": "Duon",
    "age": 28,
    "email": null,
    "phoneNumber": null,
    "isDeleted": false,
    "customerJourneyStatus": null,
    "lastAccessedDate": null,
    "lastModifyDate": null,
    "agentId": "CSMS1236",
    "photo": null,
    "gender": "Male",
    "soupEntryId": null
  },
  {
    "customerId": "97472314-207d-7c23-b67f-5a85a32be9ec",
    "firstName": "Nhat",
    "middleName": null,
    "lastName": "Handsome",
    "age": 22,
    "email": null,
    "phoneNumber": "098754321",
    "isDeleted": false,
    "customerJourneyStatus": null,
    "lastAccessedDate": null,
    "lastModifyDate": null,
    "agentId": "CSMS1236",
    "photo": null,
    "gender": "Female",
    "soupEntryId": null
  },
  {
    "customerId": "07f18fd9-1239-b0f3-da6d-064edf191667",
    "firstName": "Buoi",
    "middleName": "Thi Kim",
    "lastName": "Banh",
    "age": 19,
    "email": "kimbuoi@msn.com",
    "phoneNumber": null,
    "isDeleted": false,
    "customerJourneyStatus": null,
    "lastAccessedDate": null,
    "lastModifyDate": null,
    "agentId": "CSMS1236",
    "photo": null,
    "gender": "Female",
    "soupEntryId": null
  },
  {
    "customerId": "9944bf8e-c0a1-77a6-4570-8b673d50f385",
    "firstName": "Qewnam",
    "middleName": "Eqwe",
    "lastName": "Wqe",
    "age": 0,
    "email": "que@s.coe",
    "phoneNumber": "0987654321",
    "isDeleted": true,
    "customerJourneyStatus": null,
    "lastAccessedDate": null,
    "lastModifyDate": null,
    "agentId": "CSMS1236",
    "photo": null,
    "gender": "Male",
    "soupEntryId": null
  },
  {
    "customerId": "7e5e35a6-ed96-844d-e563-89f3eb1efaec",
    "firstName": "AAAAAAAAAAAAAAAAAAAAAAAAAAAAAAAAAAAAAAA",
    "middleName": "sdfsdfsdfsd",
    "lastName": "adasdasdaZZZZ",
    "age": 22,
    "email": null,
    "phoneNumber": null,
    "isDeleted": true,
    "customerJourneyStatus": null,
    "lastAccessedDate": null,
    "lastModifyDate": null,
    "agentId": "CSMS1236",
    "photo": null,
    "gender": "Male",
    "soupEntryId": null
  },
  {
    "customerId": "d4520783-56c1-89e9-72bd-473653533ec9",
    "firstName": "Sda",
    "middleName": null,
    "lastName": null,
    "age": 27,
    "email": null,
    "phoneNumber": null,
    "isDeleted": false,
    "customerJourneyStatus": null,
    "lastAccessedDate": null,
    "lastModifyDate": null,
    "agentId": "CSMS1236",
    "photo": null,
    "gender": null,
    "soupEntryId": null
  },
  {
    "customerId": "d093ac39-5f04-5eda-e967-3eafcec9ab96",
    "firstName": "Test",
    "middleName": "Nguyen",
    "lastName": "Nam",
    "age": 26,
    "email": "nam@gmail.com",
    "phoneNumber": "0987654321",
    "isDeleted": true,
    "customerJourneyStatus": null,
    "lastAccessedDate": null,
    "lastModifyDate": null,
    "agentId": "CSMS1236",
    "photo": null,
    "gender": "Male",
    "soupEntryId": null
  },
  {
    "customerId": "6b83adb0-25af-7bdf-a645-42753f73e04b",
    "firstName": "Dong",
    "middleName": null,
    "lastName": "Duong",
    "age": 26,
    "email": null,
    "phoneNumber": null,
    "isDeleted": false,
    "customerJourneyStatus": null,
    "lastAccessedDate": null,
    "lastModifyDate": null,
    "agentId": "CSMS1236",
    "photo": null,
    "gender": "Male",
    "soupEntryId": null
  },
  {
    "customerId": "2d32f8f0-5c48-f2c5-02e0-8006a169927f",
    "firstName": "Test",
    "middleName": null,
    "lastName": "Nguyen",
    "age": 24,
    "email": null,
    "phoneNumber": "0987654321",
    "isDeleted": false,
    "customerJourneyStatus": null,
    "lastAccessedDate": null,
    "lastModifyDate": null,
    "agentId": "CSMS1236",
    "photo": null,
    "gender": "Male",
    "soupEntryId": null
  },
  {
    "customerId": "a4b08ada-5c3d-14f8-4ed2-28092c84ef96",
    "firstName": "Qwe",
    "middleName": null,
    "lastName": "Sd",
    "age": 22,
    "email": null,
    "phoneNumber": null,
    "isDeleted": false,
    "customerJourneyStatus": null,
    "lastAccessedDate": null,
    "lastModifyDate": null,
    "agentId": "CSMS1236",
    "photo": null,
    "gender": "Male",
    "soupEntryId": null
  },
  {
    "customerId": "e4db317a-2727-2dee-ee8e-14664d73a456",
    "firstName": "Asdf",
    "middleName": "Asdf",
    "lastName": "Asdf",
    "age": null,
    "email": null,
    "phoneNumber": null,
    "isDeleted": true,
    "customerJourneyStatus": null,
    "lastAccessedDate": null,
    "lastModifyDate": null,
    "agentId": "CSMS1236",
    "photo": null,
    "gender": "Female",
    "soupEntryId": null
  },
  {
    "customerId": "d4a87517-5819-0283-ec34-229d08eb6058",
    "firstName": "N",
    "middleName": null,
    "lastName": null,
    "age": 22,
    "email": null,
    "phoneNumber": null,
    "isDeleted": true,
    "customerJourneyStatus": null,
    "lastAccessedDate": null,
    "lastModifyDate": null,
    "agentId": "CSMS1236",
    "photo": null,
    "gender": null,
    "soupEntryId": null
  },
  {
    "customerId": "b8fe1a2b-3260-5590-81ba-cc95868599bc",
    "firstName": "Abc",
    "middleName": null,
    "lastName": "Test",
    "age": 49,
    "email": null,
    "phoneNumber": null,
    "isDeleted": true,
    "customerJourneyStatus": null,
    "lastAccessedDate": null,
    "lastModifyDate": null,
    "agentId": "CSMS1236",
    "photo": null,
    "gender": "Female",
    "soupEntryId": null
  },
  {
    "customerId": "b916c5e5-2dc9-2b59-ff13-72fff9b9825e",
    "firstName": "Test",
    "middleName": "Middle",
    "lastName": "Pham",
    "age": 45,
    "email": "asdf@asdf.com",
    "phoneNumber": null,
    "isDeleted": true,
    "customerJourneyStatus": null,
    "lastAccessedDate": null,
    "lastModifyDate": null,
    "agentId": "CSMS1236",
    "photo": null,
    "gender": "Male",
    "soupEntryId": null
  },
  {
    "customerId": "d52e7027-3ad8-cf42-97b1-932ecb4d2d22",
    "firstName": "Liem",
    "middleName": "Trung",
    "lastName": "Huynh",
    "age": 19,
    "email": null,
    "phoneNumber": "6778995",
    "isDeleted": true,
    "customerJourneyStatus": null,
    "lastAccessedDate": null,
    "lastModifyDate": null,
    "agentId": "CSMS1236",
    "photo": null,
    "gender": "Male",
    "soupEntryId": null
  },
  {
    "customerId": "5e2fa06f-1119-91b5-3f5e-27e8143befa7",
    "firstName": "DgL",
    "middleName": "MMMM",
    "lastName": "Del",
    "age": 2,
    "email": "d@gmail.com",
    "phoneNumber": "123456789",
    "isDeleted": true,
    "customerJourneyStatus": null,
    "lastAccessedDate": null,
    "lastModifyDate": null,
    "agentId": "CSMS1236",
    "photo": null,
    "gender": "Female",
    "soupEntryId": null
  },
  {
    "customerId": "77abe849-6d34-9731-52cf-d09134bedb32",
    "firstName": "Marvel",
    "middleName": null,
    "lastName": null,
    "age": null,
    "email": null,
    "phoneNumber": null,
    "isDeleted": true,
    "customerJourneyStatus": null,
    "lastAccessedDate": null,
    "lastModifyDate": null,
    "agentId": "CSMS1236",
    "photo": null,
    "gender": "Female",
    "soupEntryId": null
  },
  {
    "customerId": "ff494c90-3f39-1116-1739-298ab222ee1b",
    "firstName": "Vũ",
    "middleName": null,
    "lastName": "Nguyên",
    "age": 38,
    "email": null,
    "phoneNumber": null,
    "isDeleted": false,
    "customerJourneyStatus": null,
    "lastAccessedDate": null,
    "lastModifyDate": null,
    "agentId": "CSMS1236",
    "photo": null,
    "gender": "Male",
    "soupEntryId": null
  },
  {
    "customerId": "9c72a9eb-0a61-0af7-693b-f62088dee835",
    "firstName": "Rwe",
    "middleName": null,
    "lastName": "A",
    "age": 21,
    "email": null,
    "phoneNumber": null,
    "isDeleted": true,
    "customerJourneyStatus": null,
    "lastAccessedDate": null,
    "lastModifyDate": null,
    "agentId": "CSMS1236",
    "photo": null,
    "gender": "Male",
    "soupEntryId": null
  },
  {
    "customerId": "62adcf6e-dd0c-195f-7f96-16a278f2dec2",
    "firstName": "Test",
    "middleName": null,
    "lastName": "Khong Nam",
    "age": 24,
    "email": null,
    "phoneNumber": null,
    "isDeleted": false,
    "customerJourneyStatus": null,
    "lastAccessedDate": null,
    "lastModifyDate": null,
    "agentId": "CSMS1236",
    "photo": null,
    "gender": "Male",
    "soupEntryId": null
  },
  {
    "customerId": "503cacf5-7f0c-cb35-d5f1-70809d6688df",
    "firstName": "Musafa",
    "middleName": null,
    "lastName": "Cara",
    "age": 29,
    "email": null,
    "phoneNumber": "123456789",
    "isDeleted": false,
    "customerJourneyStatus": null,
    "lastAccessedDate": null,
    "lastModifyDate": null,
    "agentId": "CSMS1236",
    "photo": null,
    "gender": "Male",
    "soupEntryId": null
  },
  {
    "customerId": "c86e256c-27d6-02e3-2c9d-fea1ca1d788b",
    "firstName": "Test",
    "middleName": null,
    "lastName": "Name",
    "age": 44,
    "email": null,
    "phoneNumber": null,
    "isDeleted": true,
    "customerJourneyStatus": null,
    "lastAccessedDate": null,
    "lastModifyDate": null,
    "agentId": "CSMS1236",
    "photo": null,
    "gender": "Male",
    "soupEntryId": null
  },
  {
    "customerId": "a2fcd91f-e7ec-3f4d-0226-2f2d025cfb60",
    "firstName": "Dg",
    "middleName": "Del",
    "lastName": "L",
    "age": 2E+1,
    "email": null,
    "phoneNumber": "901234567",
    "isDeleted": true,
    "customerJourneyStatus": null,
    "lastAccessedDate": null,
    "lastModifyDate": null,
    "agentId": "CSMS1236",
    "photo": null,
    "gender": "Female",
    "soupEntryId": null
  },
  {
    "customerId": "700083e6-7cf1-8e6f-a2b1-1154342aa19b",
    "firstName": "Test",
    "middleName": null,
    "lastName": "Tung",
    "age": 25,
    "email": null,
    "phoneNumber": "0903928393",
    "isDeleted": true,
    "customerJourneyStatus": null,
    "lastAccessedDate": null,
    "lastModifyDate": null,
    "agentId": "CSMS1236",
    "photo": null,
    "gender": "Male",
    "soupEntryId": null
  },
  {
    "customerId": "cf04cb07-e2b6-1dcd-aaa2-d3d2fa8e057a",
    "firstName": "Test",
    "middleName": null,
    "lastName": "Aaa",
    "age": 48,
    "email": null,
    "phoneNumber": "4534543534",
    "isDeleted": true,
    "customerJourneyStatus": null,
    "lastAccessedDate": null,
    "lastModifyDate": null,
    "agentId": "CSMS1236",
    "photo": null,
    "gender": "Male",
    "soupEntryId": null
  },
  {
    "customerId": "3df0fae9-463b-7c59-e21a-736c1492a273",
    "firstName": "Nama",
    "middleName": "update",
    "lastName": "Nguyen Nam",
    "age": null,
    "email": "a@a.com",
    "phoneNumber": "0987654321",
    "isDeleted": true,
    "customerJourneyStatus": null,
    "lastAccessedDate": null,
    "lastModifyDate": null,
    "agentId": "CSMS1236",
    "photo": null,
    "gender": "Male",
    "soupEntryId": null
  },
  {
    "customerId": "e03b08d6-9a0d-e306-02ee-10ea1617ef72",
    "firstName": "Dg",
    "middleName": "L",
    "lastName": "MarTwoZero",
    "age": 49,
    "email": "sfsdf@gmail.com",
    "phoneNumber": "901234567",
    "isDeleted": false,
    "customerJourneyStatus": null,
    "lastAccessedDate": null,
    "lastModifyDate": null,
    "agentId": "CSMS1236",
    "photo": null,
    "gender": "Female",
    "soupEntryId": null
  },
  {
    "customerId": "1a603fea-6ab9-04ef-e0be-9beffcb9e212",
    "firstName": "Hfg",
    "middleName": "gdfg",
    "lastName": "gdf",
    "age": 26,
    "email": "g@dm.com",
    "phoneNumber": "0987654321",
    "isDeleted": false,
    "customerJourneyStatus": null,
    "lastAccessedDate": null,
    "lastModifyDate": null,
    "agentId": "CSMS1236",
    "photo": null,
    "gender": "Male",
    "soupEntryId": null
  },
  {
    "customerId": "f47d7bee-7036-57a8-b7ce-4840557b3dfc",
    "firstName": "Qq",
    "middleName": null,
    "lastName": null,
    "age": null,
    "email": null,
    "phoneNumber": null,
    "isDeleted": true,
    "customerJourneyStatus": null,
    "lastAccessedDate": null,
    "lastModifyDate": null,
    "agentId": "CSMS1236",
    "photo": null,
    "gender": null,
    "soupEntryId": null
  },
  {
    "customerId": "0b98eb23-5c81-07b4-ba33-0a8bba252539",
    "firstName": "Nam",
    "middleName": "Hoai",
    "lastName": "Nguyen",
    "age": 23,
    "email": "nam@manulife.com",
    "phoneNumber": "98765432",
    "isDeleted": false,
    "customerJourneyStatus": null,
    "lastAccessedDate": null,
    "lastModifyDate": null,
    "agentId": "CSMS1236",
    "photo": null,
    "gender": "Male",
    "soupEntryId": null
  },
  {
    "customerId": "0b9703bf-f4b0-740c-6cc4-3e3079e6360d",
    "firstName": "Aaa",
    "middleName": null,
    "lastName": null,
    "age": null,
    "email": null,
    "phoneNumber": null,
    "isDeleted": true,
    "customerJourneyStatus": null,
    "lastAccessedDate": null,
    "lastModifyDate": null,
    "agentId": "CSMS1236",
    "photo": null,
    "gender": null,
    "soupEntryId": null
  },
  {
    "customerId": "2cf4a590-1e57-f7e3-195e-57bcf74ca7a2",
    "firstName": "Dg",
    "middleName": "L",
    "lastName": "Vu",
    "age": 37,
    "email": "dvu9@csc.com",
    "phoneNumber": "901234567",
    "isDeleted": true,
    "customerJourneyStatus": null,
    "lastAccessedDate": null,
    "lastModifyDate": null,
    "agentId": "CSMS1236",
    "photo": null,
    "gender": "Female",
    "soupEntryId": null
  },
  {
    "customerId": "5e5e94b8-f464-8074-8558-7b8b3d1e6fa1",
    "firstName": "April",
    "middleName": null,
    "lastName": "Eleven",
    "age": 27,
    "email": "apretil@eleven.com",
    "phoneNumber": "213213213",
    "isDeleted": false,
    "customerJourneyStatus": null,
    "lastAccessedDate": null,
    "lastModifyDate": null,
    "agentId": "CSMS1236",
    "photo": null,
    "gender": "Male",
    "soupEntryId": null
  },
  {
    "customerId": "30325670-09a0-716a-0b8f-155e95b3bf5d",
    "firstName": "Fds",
    "middleName": null,
    "lastName": null,
    "age": 26,
    "email": null,
    "phoneNumber": null,
    "isDeleted": false,
    "customerJourneyStatus": null,
    "lastAccessedDate": null,
    "lastModifyDate": null,
    "agentId": "CSMS1236",
    "photo": null,
    "gender": null,
    "soupEntryId": null
  },
  {
    "customerId": "a037297b-6179-c919-743d-94d46805027d",
    "firstName": "Gh",
    "middleName": null,
    "lastName": null,
    "age": 33,
    "email": null,
    "phoneNumber": null,
    "isDeleted": false,
    "customerJourneyStatus": null,
    "lastAccessedDate": null,
    "lastModifyDate": null,
    "agentId": "CSMS1236",
    "photo": null,
    "gender": null,
    "soupEntryId": null
  },
  {
    "customerId": "36d41383-378e-cdf0-bff4-1bbad81dcfb8",
    "firstName": "Dg",
    "middleName": "L",
    "lastName": "Mar",
    "age": 37,
    "email": "sfsdf@gmail.com",
    "phoneNumber": "901234567",
    "isDeleted": false,
    "customerJourneyStatus": null,
    "lastAccessedDate": null,
    "lastModifyDate": null,
    "agentId": "CSMS1236",
    "photo": null,
    "gender": "Female",
    "soupEntryId": null
  },
  {
    "customerId": "4018bbc7-7c63-5e83-2247-7d05f3c188f9",
    "firstName": "Aaaa",
    "middleName": "Cccc",
    "lastName": "Bbbb",
    "age": 25,
    "email": "d@gmail.com",
    "phoneNumber": "0987654321",
    "isDeleted": true,
    "customerJourneyStatus": null,
    "lastAccessedDate": null,
    "lastModifyDate": null,
    "agentId": "CSMS1236",
    "photo": null,
    "gender": "Male",
    "soupEntryId": null
  },
  {
    "customerId": "a3ff2a12-4fb3-2be5-20d8-b74b02040b7d",
    "firstName": "Fi",
    "middleName": "Mi",
    "lastName": "La",
    "age": 23,
    "email": "do@gmail.com",
    "phoneNumber": "123456789",
    "isDeleted": false,
    "customerJourneyStatus": null,
    "lastAccessedDate": null,
    "lastModifyDate": null,
    "agentId": "CSMS1236",
    "photo": null,
    "gender": "Male",
    "soupEntryId": null
  },
  {
    "customerId": "d96e161c-f5a8-f9fe-4973-fe235a58b73c",
    "firstName": "Khá",
    "middleName": "A",
    "lastName": "Bảnh",
    "age": 0,
    "email": null,
    "phoneNumber": null,
    "isDeleted": false,
    "customerJourneyStatus": null,
    "lastAccessedDate": null,
    "lastModifyDate": null,
    "agentId": "CSMS1236",
    "photo": null,
    "gender": "Male",
    "soupEntryId": null
  },
  {
    "customerId": "d024128d-89a7-109e-4077-2c468d7b6d72",
    "firstName": "Aaaa",
    "middleName": null,
    "lastName": "Bbb",
    "age": null,
    "email": null,
    "phoneNumber": null,
    "isDeleted": true,
    "customerJourneyStatus": null,
    "lastAccessedDate": null,
    "lastModifyDate": null,
    "agentId": "CSMS1236",
    "photo": null,
    "gender": "Male",
    "soupEntryId": null
  },
  {
    "customerId": "493bb948-5dd1-5456-bba9-0322cf6ca132",
    "firstName": "Vfdg",
    "middleName": "Fdgd",
    "lastName": "Gdg",
    "age": 2E+1,
    "email": null,
    "phoneNumber": null,
    "isDeleted": false,
    "customerJourneyStatus": null,
    "lastAccessedDate": null,
    "lastModifyDate": null,
    "agentId": "CSMS1236",
    "photo": null,
    "gender": "Male",
    "soupEntryId": null
  },
  {
    "customerId": "de3a230a-ecb3-1fc4-20ad-02433de6a4df",
    "firstName": "My Beloved Famia",
    "middleName": null,
    "lastName": null,
    "age": 27,
    "email": "nguyen@mail.com",
    "phoneNumber": "0987654321",
    "isDeleted": false,
    "customerJourneyStatus": null,
    "lastAccessedDate": null,
    "lastModifyDate": null,
    "agentId": "CSMS1236",
    "photo": null,
    "gender": "Male",
    "soupEntryId": null
  },
  {
    "customerId": "ce535476-6a07-ffc4-f8a2-7b57dc46240e",
    "firstName": "Nguyen",
    "middleName": null,
    "lastName": "Khong Bon",
    "age": 25,
    "email": null,
    "phoneNumber": null,
    "isDeleted": false,
    "customerJourneyStatus": null,
    "lastAccessedDate": null,
    "lastModifyDate": null,
    "agentId": "CSMS1236",
    "photo": null,
    "gender": "Male",
    "soupEntryId": null
  },
  {
    "customerId": "c98383e7-bda4-a343-9d49-d0d4e39c74c1",
    "firstName": "Chi",
    "middleName": "a",
    "lastName": "Lam",
    "age": 25,
    "email": "a@a.com",
    "phoneNumber": "0987654321",
    "isDeleted": true,
    "customerJourneyStatus": null,
    "lastAccessedDate": null,
    "lastModifyDate": null,
    "agentId": "CSMS1236",
    "photo": null,
    "gender": "Male",
    "soupEntryId": null
  },
  {
    "customerId": "1ef96da9-39fa-28ef-16a0-93843c72b719",
    "firstName": "Nam",
    "middleName": "Update",
    "lastName": "Nguyen Nam",
    "age": null,
    "email": "a@a.com",
    "phoneNumber": "0987654321",
    "isDeleted": true,
    "customerJourneyStatus": null,
    "lastAccessedDate": null,
    "lastModifyDate": null,
    "agentId": "CSMS1236",
    "photo": null,
    "gender": "Male",
    "soupEntryId": null
  },
  {
    "customerId": "55311c36-3e43-903f-97cc-8bfc6e30a20e",
    "firstName": "Tung",
    "middleName": null,
    "lastName": "Tee",
    "age": 24,
    "email": "nnn@mail.com",
    "phoneNumber": "0966969666",
    "isDeleted": true,
    "customerJourneyStatus": null,
    "lastAccessedDate": null,
    "lastModifyDate": null,
    "agentId": "CSMS1236",
    "photo": null,
    "gender": "Female",
    "soupEntryId": null
  },
  {
    "customerId": "8ad44b30-26ab-4759-a90b-018c1f402508",
    "firstName": "Mustafa",
    "middleName": null,
    "lastName": "Cara",
    "age": 29,
    "email": null,
    "phoneNumber": "6911552",
    "isDeleted": false,
    "customerJourneyStatus": null,
    "lastAccessedDate": null,
    "lastModifyDate": null,
    "agentId": "CSMS1236",
    "photo": null,
    "gender": "Male",
    "soupEntryId": null
  },
  {
    "customerId": "ee71514b-aec2-47a4-da9f-fd972e67bf42",
    "firstName": "Zach",
    "middleName": null,
    "lastName": "Napan",
    "age": 48,
    "email": "nata@gmail.com",
    "phoneNumber": "090234567",
    "isDeleted": false,
    "customerJourneyStatus": null,
    "lastAccessedDate": null,
    "lastModifyDate": null,
    "agentId": "CSMS1236",
    "photo": null,
    "gender": "Male",
    "soupEntryId": null
  },
  {
    "customerId": "c580b45d-8d3b-20c4-bbb0-52b251b6d3e3",
    "firstName": "Aaaa",
    "middleName": "Bbb",
    "lastName": "Testttt",
    "age": null,
    "email": "nguyen@mail.com",
    "phoneNumber": "0987654321",
    "isDeleted": true,
    "customerJourneyStatus": null,
    "lastAccessedDate": null,
    "lastModifyDate": null,
    "agentId": "CSMS1236",
    "photo": null,
    "gender": null,
    "soupEntryId": null
  },
  {
    "customerId": "30947ff0-9d49-f450-c90f-e2b4637c4e41",
    "firstName": "Aaa",
    "middleName": "Uuu",
    "lastName": "Bbb",
    "age": 27,
    "email": "n@gmail.com",
    "phoneNumber": null,
    "isDeleted": false,
    "customerJourneyStatus": null,
    "lastAccessedDate": null,
    "lastModifyDate": null,
    "agentId": "CSMS1236",
    "photo": null,
    "gender": "Male",
    "soupEntryId": null
  },
  {
    "customerId": "fae47b41-af66-940f-8e70-ceb42f7d7de7",
    "firstName": "Aa",
    "middleName": "test",
    "lastName": null,
    "age": null,
    "email": null,
    "phoneNumber": null,
    "isDeleted": false,
    "customerJourneyStatus": null,
    "lastAccessedDate": null,
    "lastModifyDate": null,
    "agentId": "CSMS1236",
    "photo": null,
    "gender": null,
    "soupEntryId": null
  },
  {
    "customerId": "c21fca5c-6689-8086-1cfd-3b79a7c23f1b",
    "firstName": "Test",
    "middleName": null,
    "lastName": "V",
    "age": 25,
    "email": null,
    "phoneNumber": null,
    "isDeleted": false,
    "customerJourneyStatus": null,
    "lastAccessedDate": null,
    "lastModifyDate": null,
    "agentId": "CSMS1236",
    "photo": null,
    "gender": "Male",
    "soupEntryId": null
  },
  {
    "customerId": "c6922152-dfe1-5297-f23d-b7895fda9e7f",
    "firstName": "Fds",
    "middleName": null,
    "lastName": null,
    "age": 25,
    "email": null,
    "phoneNumber": null,
    "isDeleted": false,
    "customerJourneyStatus": null,
    "lastAccessedDate": null,
    "lastModifyDate": null,
    "agentId": "CSMS1236",
    "photo": null,
    "gender": "Male",
    "soupEntryId": null
  },
  {
    "customerId": "f07ff0a5-c13b-91d9-c180-159b1947a8d5",
    "firstName": "Das",
    "middleName": "Das",
    "lastName": "Das",
    "age": 23,
    "email": null,
    "phoneNumber": "0987654321",
    "isDeleted": false,
    "customerJourneyStatus": null,
    "lastAccessedDate": null,
    "lastModifyDate": null,
    "agentId": "CSMS1236",
    "photo": null,
    "gender": "Male",
    "soupEntryId": null
  },
  {
    "customerId": "6520e98f-e1d1-a494-6034-9d65effa53a2pp",
    "firstName": "Huynh",
    "middleName": null,
    "lastName": "Phuc Cap",
    "age": null,
    "email": null,
    "phoneNumber": "09122121",
    "isDeleted": true,
    "customerJourneyStatus": null,
    "lastAccessedDate": null,
    "lastModifyDate": null,
    "agentId": "CSMS1236",
    "photo": null,
    "gender": "Male",
    "soupEntryId": null
  },
  {
    "customerId": "e0c1c02a-7ba1-a025-079a-dbfcd38aefec",
    "firstName": "Dg",
    "middleName": "Ddd",
    "lastName": "Sss",
    "age": 19,
    "email": "d@s.com",
    "phoneNumber": "1234567",
    "isDeleted": false,
    "customerJourneyStatus": null,
    "lastAccessedDate": null,
    "lastModifyDate": null,
    "agentId": "CSMS1236",
    "photo": null,
    "gender": "Female",
    "soupEntryId": null
  },
  {
    "customerId": "7b7fcaaf-ed61-e9ae-d789-e86ee5d605ea",
    "firstName": "Vu Dev",
    "middleName": "L",
    "lastName": "Dg",
    "age": 38,
    "email": "dvu9@csc.com",
    "phoneNumber": "901234567",
    "isDeleted": false,
    "customerJourneyStatus": null,
    "lastAccessedDate": null,
    "lastModifyDate": null,
    "agentId": "CSMS1236",
    "photo": null,
    "gender": "Female",
    "soupEntryId": null
  },
  {
    "customerId": "3a98a290-209f-f26f-9536-5c3c98e48768",
    "firstName": "A",
    "middleName": null,
    "lastName": null,
    "age": 18,
    "email": null,
    "phoneNumber": null,
    "isDeleted": false,
    "customerJourneyStatus": null,
    "lastAccessedDate": null,
    "lastModifyDate": null,
    "agentId": "CSMS1236",
    "photo": null,
    "gender": null,
    "soupEntryId": null
  },
  {
    "customerId": "7b8dddab-35e4-9bdc-0879-a36f29db2267",
    "firstName": "Fsda",
    "middleName": "Ssv",
    "lastName": "Fff",
    "age": 26,
    "email": "n@gmail.clom",
    "phoneNumber": "09854543",
    "isDeleted": false,
    "customerJourneyStatus": null,
    "lastAccessedDate": null,
    "lastModifyDate": null,
    "agentId": "CSMS1236",
    "photo": null,
    "gender": "Male",
    "soupEntryId": null
  },
  {
    "customerId": "4008bc31-5889-969f-c832-41fa6d155c0d",
    "firstName": "Eweww",
    "middleName": null,
    "lastName": null,
    "age": 19,
    "email": null,
    "phoneNumber": null,
    "isDeleted": false,
    "customerJourneyStatus": "",
    "lastAccessedDate": "20190418074325",
    "lastModifyDate": null,
    "agentId": "CSMS1236",
    "photo": null,
    "gender": null,
    "soupEntryId": null
  },
  {
    "customerId": "2cb568db-c679-399b-0fe1-b17652bd78dd",
    "firstName": "Nguyen",
    "middleName": null,
    "lastName": "Test",
    "age": 22,
    "email": null,
    "phoneNumber": "0987654321",
    "isDeleted": false,
    "customerJourneyStatus": null,
    "lastAccessedDate": null,
    "lastModifyDate": null,
    "agentId": "CSMS1236",
    "photo": null,
    "gender": "Female",
    "soupEntryId": null
  },
  {
    "customerId": "5346f137-b940-388b-500d-40904554538a",
    "firstName": "Aaaa",
    "middleName": "Bbbbbc",
    "lastName": "Bbbb",
    "age": 25,
    "email": "nguyen@mail.com",
    "phoneNumber": "0987654321",
    "isDeleted": true,
    "customerJourneyStatus": null,
    "lastAccessedDate": null,
    "lastModifyDate": null,
    "agentId": "CSMS1236",
    "photo": null,
    "gender": "Male",
    "soupEntryId": null
  },
  {
    "customerId": "98da954c-24ed-8fe4-2757-eae641ea395b",
    "firstName": "Dung",
    "middleName": "LP",
    "lastName": "Vu",
    "age": 27,
    "email": "dvu@csc.com",
    "phoneNumber": null,
    "isDeleted": true,
    "customerJourneyStatus": null,
    "lastAccessedDate": null,
    "lastModifyDate": null,
    "agentId": "CSMS1236",
    "photo": null,
    "gender": "Female",
    "soupEntryId": null
  },
  {
    "customerId": "bbc73369-ccfc-3a19-18be-37678a18d2be",
    "firstName": "Fi",
    "middleName": null,
    "lastName": null,
    "age": 26,
    "email": null,
    "phoneNumber": null,
    "isDeleted": true,
    "customerJourneyStatus": null,
    "lastAccessedDate": null,
    "lastModifyDate": null,
    "agentId": "CSMS1236",
    "photo": null,
    "gender": null,
    "soupEntryId": null
  },
  {
    "customerId": "9b2531c0-bb9f-3d3b-75c4-3827fdb03c81",
    "firstName": "Test",
    "middleName": null,
    "lastName": null,
    "age": null,
    "email": null,
    "phoneNumber": null,
    "isDeleted": false,
    "customerJourneyStatus": null,
    "lastAccessedDate": null,
    "lastModifyDate": null,
    "agentId": "CSMS1236",
    "photo": null,
    "gender": null,
    "soupEntryId": null
  },
  {
    "customerId": "ec96ff13-04b7-35ff-5396-f96d8c056f2f",
    "firstName": "Test",
    "middleName": null,
    "lastName": "Dob",
    "age": 27,
    "email": null,
    "phoneNumber": null,
    "isDeleted": false,
    "customerJourneyStatus": null,
    "lastAccessedDate": null,
    "lastModifyDate": null,
    "agentId": "CSMS1236",
    "photo": null,
    "gender": "Male",
    "soupEntryId": null
  },
  {
    "customerId": "95f91cf3-e005-1d30-029f-ae8c766817f4",
    "firstName": "Hung",
    "middleName": null,
    "lastName": "Nguyen",
    "age": 26,
    "email": null,
    "phoneNumber": "23123123",
    "isDeleted": false,
    "customerJourneyStatus": null,
    "lastAccessedDate": null,
    "lastModifyDate": null,
    "agentId": "CSMS1236",
    "photo": null,
    "gender": "Male",
    "soupEntryId": null
  },
  {
    "customerId": "cbdbb59b-ef1a-8059-9c5b-67f7286181d1",
    "firstName": "Nam",
    "middleName": "Dependent",
    "lastName": "Test",
    "age": null,
    "email": "nnn@mail.com",
    "phoneNumber": "0987654321",
    "isDeleted": true,
    "customerJourneyStatus": null,
    "lastAccessedDate": null,
    "lastModifyDate": null,
    "agentId": "CSMS1236",
    "photo": null,
    "gender": "Female",
    "soupEntryId": null
  },
  {
    "customerId": "2ae39cc5-9769-9b37-fe4d-bed9204bc281",
    "firstName": "Do",
    "middleName": "P",
    "lastName": "Du",
    "age": 26,
    "email": null,
    "phoneNumber": null,
    "isDeleted": false,
    "customerJourneyStatus": null,
    "lastAccessedDate": null,
    "lastModifyDate": null,
    "agentId": "CSMS1236",
    "photo": null,
    "gender": "Male",
    "soupEntryId": null
  },
  {
    "customerId": "e5bdee5b-e0c4-dcf3-a824-b1facfbaba4b",
    "firstName": "Liem",
    "middleName": "Iiii",
    "lastName": "Iii",
    "age": 27,
    "email": null,
    "phoneNumber": null,
    "isDeleted": true,
    "customerJourneyStatus": null,
    "lastAccessedDate": null,
    "lastModifyDate": null,
    "agentId": "CSMS1236",
    "photo": null,
    "gender": "Male",
    "soupEntryId": null
  },
  {
    "customerId": "09247e2e-a9e9-2d23-4744-278a8dcfc0a1",
    "firstName": "Test",
    "middleName": "Structure",
    "lastName": "New",
    "age": 19,
    "email": null,
    "phoneNumber": null,
    "isDeleted": false,
    "customerJourneyStatus": null,
    "lastAccessedDate": null,
    "lastModifyDate": null,
    "agentId": "CSMS1236",
    "photo": null,
    "gender": "Female",
    "soupEntryId": null
  },
  {
    "customerId": "bd736095-1d4f-8c9b-17bb-ae332f5b5729",
    "firstName": "Eet",
    "middleName": "Dg",
    "lastName": "ChildOne",
    "age": 27,
    "email": "xx@ffma.com",
    "phoneNumber": "0987654321",
    "isDeleted": false,
    "customerJourneyStatus": null,
    "lastAccessedDate": null,
    "lastModifyDate": null,
    "agentId": "CSMS1236",
    "photo": null,
    "gender": "Male",
    "soupEntryId": null
  },
  {
    "customerId": "e2481f72-7671-8f42-f17d-11150476c525",
    "firstName": "Qqq",
    "middleName": "Aaa",
    "lastName": "Ooo",
    "age": 26,
    "email": "nguyen@mail.com",
    "phoneNumber": "0987654321",
    "isDeleted": true,
    "customerJourneyStatus": null,
    "lastAccessedDate": null,
    "lastModifyDate": null,
    "agentId": "CSMS1236",
    "photo": null,
    "gender": "Male",
    "soupEntryId": null
  },
  {
    "customerId": "f2eadb63-e517-70d9-4472-401bcba23ee8",
    "firstName": "Bruce",
    "middleName": null,
    "lastName": "Do",
    "age": 32,
    "email": "test@dxc.com",
    "phoneNumber": "909909989",
    "isDeleted": false,
    "customerJourneyStatus": null,
    "lastAccessedDate": null,
    "lastModifyDate": null,
    "agentId": "CSMS1236",
    "photo": null,
    "gender": "Female",
    "soupEntryId": null
  },
  {
    "customerId": "5ba08a26-0dc4-fbd9-b577-ee5e889ad129",
    "firstName": "A",
    "middleName": null,
    "lastName": null,
    "age": null,
    "email": null,
    "phoneNumber": null,
    "isDeleted": true,
    "customerJourneyStatus": null,
    "lastAccessedDate": null,
    "lastModifyDate": null,
    "agentId": "CSMS1236",
    "photo": null,
    "gender": null,
    "soupEntryId": null
  },
  {
    "customerId": "df3875cc-bb35-c4e5-34ed-e0452e6eb5f8",
    "firstName": "Test",
    "middleName": null,
    "lastName": null,
    "age": 23,
    "email": null,
    "phoneNumber": null,
    "isDeleted": false,
    "customerJourneyStatus": null,
    "lastAccessedDate": null,
    "lastModifyDate": null,
    "agentId": "CSMS1236",
    "photo": null,
    "gender": null,
    "soupEntryId": null
  },
  {
    "customerId": "f09e7df6-eb96-50f0-899b-84d396773d9a",
    "firstName": "Firsta",
    "middleName": "Mid Lane",
    "lastName": "Last",
    "age": 23,
    "email": "vinh@sml.com",
    "phoneNumber": "2351201",
    "isDeleted": false,
    "customerJourneyStatus": null,
    "lastAccessedDate": null,
    "lastModifyDate": null,
    "agentId": "CSMS1236",
    "photo": null,
    "gender": "Female",
    "soupEntryId": null
  },
  {
    "customerId": "6d753608-94d5-9237-6d4a-35e56a98ac63",
    "firstName": "Phượng",
    "middleName": null,
    "lastName": "Yêu",
    "age": 2,
    "email": "phuongyeu@phamduy.com",
    "phoneNumber": "642643",
    "isDeleted": true,
    "customerJourneyStatus": null,
    "lastAccessedDate": null,
    "lastModifyDate": null,
    "agentId": "CSMS1236",
    "photo": null,
    "gender": "Male",
    "soupEntryId": null
  },
  {
    "customerId": "40c27cb5-a3c9-9591-4be6-4b427f2efcd9",
    "firstName": "Umbrella",
    "middleName": null,
    "lastName": "Academy",
    "age": 24,
    "email": "umbr@adc.com",
    "phoneNumber": "09081234567",
    "isDeleted": false,
    "customerJourneyStatus": null,
    "lastAccessedDate": null,
    "lastModifyDate": null,
    "agentId": "CSMS1236",
    "photo": null,
    "gender": "Male",
    "soupEntryId": null
  },
  {
    "customerId": "ff86b615-af49-c932-3933-c8963edd13c8",
    "firstName": "Lord",
    "middleName": null,
    "lastName": "Bender",
    "age": 36,
    "email": "f@ff.com",
    "phoneNumber": "987654321",
    "isDeleted": false,
    "customerJourneyStatus": null,
    "lastAccessedDate": null,
    "lastModifyDate": null,
    "agentId": "CSMS1236",
    "photo": null,
    "gender": "Male",
    "soupEntryId": null
  },
  {
    "customerId": "125836fc-5f6f-cfb9-4cd8-1f1cc4bff549",
    "firstName": "Dg",
    "middleName": "L",
    "lastName": "Vu",
    "age": 38,
    "email": "dvu9@csc.com",
    "phoneNumber": "901234567",
    "isDeleted": false,
    "customerJourneyStatus": null,
    "lastAccessedDate": null,
    "lastModifyDate": null,
    "agentId": "CSMS1236",
    "photo": null,
    "gender": "Female",
    "soupEntryId": null
  },
  {
    "customerId": "d084f386-d56d-fc35-188e-ac9be50c640d",
    "firstName": "Test",
    "middleName": "L",
    "lastName": "Del",
    "age": 0,
    "email": "dvu9@csc.com",
    "phoneNumber": "901234567",
    "isDeleted": true,
    "customerJourneyStatus": null,
    "lastAccessedDate": null,
    "lastModifyDate": null,
    "agentId": "CSMS1236",
    "photo": null,
    "gender": "Female",
    "soupEntryId": null
  },
  {
    "customerId": "52eeaff9-2f1e-18d2-c030-a058e9c6ce9b",
    "firstName": "Fs",
    "middleName": null,
    "lastName": "fdg",
    "age": 22,
    "email": null,
    "phoneNumber": null,
    "isDeleted": true,
    "customerJourneyStatus": null,
    "lastAccessedDate": null,
    "lastModifyDate": null,
    "agentId": "CSMS1236",
    "photo": null,
    "gender": null,
    "soupEntryId": null
  },
  {
    "customerId": "53427064-e3ef-a7a7-7c9c-523b70e396a4",
    "firstName": "AA",
    "middleName": "bb",
    "lastName": "Aa",
    "age": 25,
    "email": "nam@gmail.com",
    "phoneNumber": "98765432",
    "isDeleted": false,
    "customerJourneyStatus": null,
    "lastAccessedDate": null,
    "lastModifyDate": null,
    "agentId": "CSMS1236",
    "photo": null,
    "gender": "Male",
    "soupEntryId": null
  },
  {
    "customerId": "4a5f30b9-d997-431b-2d15-2334dca4b0cb",
    "firstName": "Thuong",
    "middleName": null,
    "lastName": "Hoang",
    "age": 24,
    "email": "thoang43@csc.com",
    "phoneNumber": null,
    "isDeleted": false,
    "customerJourneyStatus": null,
    "lastAccessedDate": null,
    "lastModifyDate": null,
    "agentId": "CSMS1236",
    "photo": null,
    "gender": "Female",
    "soupEntryId": null
  },
  {
    "customerId": "6dc07da9-15a0-30ab-0ddb-7ae1c9930368",
    "firstName": "Dg",
    "middleName": "Demo",
    "lastName": "Test",
    "age": 38,
    "email": "d@d.com",
    "phoneNumber": "123456789",
    "isDeleted": false,
    "customerJourneyStatus": null,
    "lastAccessedDate": null,
    "lastModifyDate": null,
    "agentId": "CSMS1236",
    "photo": null,
    "gender": "Female",
    "soupEntryId": null
  },
  {
    "customerId": "b5a45932-050f-d14e-31e6-b2c1cc71bf5d",
    "firstName": "Vvvv",
    "middleName": null,
    "lastName": null,
    "age": 18,
    "email": null,
    "phoneNumber": null,
    "isDeleted": false,
    "customerJourneyStatus": "",
    "lastAccessedDate": "20190418073703",
    "lastModifyDate": null,
    "agentId": "CSMS1236",
    "photo": null,
    "gender": null,
    "soupEntryId": null
  },
  {
    "customerId": "6521aa31-5bf2-5ecc-0de2-5e5cce1e84ea",
    "firstName": "April",
    "middleName": null,
    "lastName": "Bon",
    "age": 26,
    "email": "test@mail.com",
    "phoneNumber": "34525234",
    "isDeleted": false,
    "customerJourneyStatus": null,
    "lastAccessedDate": null,
    "lastModifyDate": null,
    "agentId": "CSMS1236",
    "photo": null,
    "gender": "Male",
    "soupEntryId": null
  },
  {
    "customerId": "d5019ce9-7132-f15d-5e60-efc80b324e9d",
    "firstName": "D",
    "middleName": "D",
    "lastName": "D",
    "age": 0,
    "email": null,
    "phoneNumber": null,
    "isDeleted": true,
    "customerJourneyStatus": null,
    "lastAccessedDate": null,
    "lastModifyDate": null,
    "agentId": "CSMS1236",
    "photo": null,
    "gender": "Female",
    "soupEntryId": null
  }
]
