{"referrals":[{"referralId":"00Q3D000004oMG5UAM","phoneNumber":"90123456","notes":"Dg Test","middleName":"L","lastName":"Vu","fullName":"Dg,L,Vu","firstName":"Dg","email":"d@d.com","createdDate":"2019-05-27T10:00:27.000Z","countryCode":"+84","clientLastModifiedDate":null,"areaCode":"024","accountId":"0013D00000nA9ALQA0"},{"areaCode":"2","clientLastModifiedDate":null,"countryCode":"+63","email":"","fullName":"Dg Again Vu","firstName":"Dg","middleName":"Again","lastName":"Vu","notes":"Dg Test - the second referrallllll","phoneNumber":"9012344","referralId":"00Q3D000004oMGFUA2","accountId":"0013D00000nA9ALQA0"},{"areaCode":"","countryCode":"","email":"gfdg@dsmd.com","fullName":"htrrete gdfg","firstName":"htrrete","middleName":"","lastName":"gdfg","notes":"","phoneNumber":"","referralId":771,"accountId":"0013D00000nA9ALQA0"},{"areaCode":"","countryCode":"","email":"hgf@dsfd.com","fullName":"hgf hf","firstName":"hgf","middleName":"","lastName":"hf","notes":"hgf","phoneNumber":"","accountId":"0013D00000nA9ALQA0","referralId":956},{"areaCode":"","countryCode":"","email":"gdfg@md.com","fullName":"gf ukuk","firstName":"gf","middleName":"","lastName":"ukuk","notes":"dsds","phoneNumber":"","accountId":"0013D00000nA9ALQA0","referralId":"43few"},{"areaCode":"","countryCode":"","email":"fff@fmd.com","fullName":"ter ter","firstName":"ter","middleName":"","lastName":"ter","notes":"yjhfgfg","phoneNumber":"","accountId":"0013D00000nA9ALQA0"}],"accountId":"0013D00000nA9ALQA0"}