[{
    "serverId": "011bed02-c4c6-40d4-9455-5619d6c1f5f2",
    "fileName": "FNA Report.pdf",
    "size": 2077168,
    "createdDate": "2020-06-10T03:58:05.000+0000",
    "documentType": "fnaReport",
    "contentType": "application/pdf",
    "customerId": "d8943ac7-dec8-8d97-c0e3-ab9f3dbf3dbe"
  },
  {
    "serverId": "52d145a0-c010-4b69-8732-4e3d6c69309c",
    "fileName": "RPQ Report.pdf",
    "size": 196473,
    "createdDate": "2019-06-10T06:27:01.000+0000",
    "documentType": "rpqReport",
    "contentType": "application/pdf",
    "customerId": "d8943ac7-dec8-8d97-c0e3-ab9f3dbf3dbe"
  },
  {
    "serverId": "617e5114-9224-4aa7-9358-40af47e77760",
    "fileName": "rpq",
    "size": 196473,
    "createdDate": "2019-06-10T03:39:44.000+0000",
    "documentType": "rpqReport",
    "contentType": "application/pdf",
    "customerId": "d8943ac7-dec8-8d97-c0e3-ab9f3dbf3dbe"
  }
]
